date,0,1,2,3,4
2016-01-15,-0.012880791557388124,0.0009772011235973687,0.020153443642457698,0.039500904109809366,0.06271995345608657
2016-01-18,0.015178338486779054,0.015528256109394045,0.022382148866806006,0.04494046711955867,0.05564653528852993
2016-01-19,-0.021796100402403682,-0.021821457018052094,-0.02383529435937405,-0.004970182027438268,0.0044870853004348515
2016-01-20,-0.005543486368051674,-0.0017758196713211387,0.004821626825347205,0.008337959674255591,0.015567228147324724
2016-01-21,-0.04854104396979216,-0.041159381220552474,-0.0339871478000282,-0.03679430433051907,-0.020200823239349908
2016-01-22,-0.04899166379860988,-0.05085363535963061,-0.03829939533132787,-0.0514456761493592,-0.045733065478591135
2016-01-25,-0.10376094374222988,-0.10015784933773446,-0.0998969870540057,-0.11263823394855128,-0.11883021297897442
2016-01-26,-0.0030926054241355153,-0.003789664639392777,0.004286269736944206,-0.014662917620212624,-0.02762735293099478
2016-01-27,0.06592427698902144,0.05728370909980006,0.05971020733586013,0.05543942690269436,0.037722169507392635
2016-01-28,0.1230366287051317,0.11169588734224722,0.10847298784293365,0.10124825821667502,0.10222420561541229
2016-01-29,0.06266238433660798,0.055267053347314195,0.04819745663448637,0.02935258031311318,0.015188614699140904
2016-02-01,0.09994513150934996,0.10723163842733612,0.07790195007895998,0.07363397919586122,0.051975139453513376
2016-02-02,0.06818821541225505,0.06674584360453267,0.05270605700659804,0.03601618884705352,0.020530167818118686
2016-02-03,0.03809491902841224,0.03478270846810881,0.019862857700693858,0.006143441353984221,-0.009499576126461125
2016-02-04,-0.004708476491561883,-0.002807066041255874,-0.02057732365155498,-0.026233942548092137,-0.04742828077454594
2016-02-05,0.0009048453753047613,0.006117134617832007,-0.012120312315205495,-0.020885034860941808,-0.03773333681274063
2016-02-15,0.033892315357489426,0.03718190833303058,0.02370541045573242,0.013609166799840656,-0.00042421869265190845
2016-02-16,-0.01915182644141231,-0.01617879856778071,-0.01663191577385573,-0.038364128389323994,-0.04526046666527644
2016-02-17,-0.04348706106483805,-0.03599748630698663,-0.03397631143166799,-0.06268677777565772,-0.07176253501697342
2016-02-18,-0.018335063253630657,-0.00433133032764263,-0.012809663940035885,-0.02209120682602534,-0.03911559155247431
2016-02-19,0.01401863133924415,0.02481681608214939,0.01678963109498057,0.007600879298206223,-0.0075038731724753035
2016-02-22,0.01552683413603516,0.025452871867400112,0.01972711791807827,0.0056123728328015664,-0.0069375182946941685
2016-02-23,0.013468715958253275,0.020229338809298923,0.025165528005400388,0.005565441823916967,-0.0007581607083076708
2016-02-24,0.023754672234026525,0.018900617433397892,0.014312452733662676,0.010508469079347124,-0.0025786872600481745
2016-02-25,0.09721768595366125,0.08626987443134462,0.08559560147099717,0.08398098764615253,0.06974689102751946
2016-02-26,0.09811625487209534,0.08579328738612452,0.08194316540912444,0.09541192006412834,0.07770535178108601
2016-02-29,0.15194380196668922,0.13298788974414028,0.13680983608590905,0.14831705542770204,0.14724522114049324
2016-03-01,0.10853143286122637,0.08487320034068538,0.0929158039152244,0.09491751620203648,0.09535326144458892
2016-03-02,0.08630203833393296,0.06894090645359895,0.06271261598661344,0.07857336621010544,0.08307625781613089
2016-03-03,0.08010155943409748,0.07443513462777616,0.06836469369953012,0.06852648635723292,0.0843012829858355
2016-03-04,0.10650769727500914,0.09517247121992686,0.09154389805017564,0.08824878820020735,0.11429225653952596
2016-03-07,0.10936551195340076,0.09169047816981343,0.09272412359068648,0.09264029779596007,0.12424437018244242
2016-03-08,0.10811516142268805,0.08299530213592507,0.0961787775887928,0.09403422508214786,0.1243906445259937
2016-03-09,0.11970675476605627,0.08930816040379491,0.10567965166837721,0.1108679976505729,0.1387462356483691
2016-03-10,0.1274060887257358,0.10613080139652338,0.11420283500353604,0.12219990058212343,0.13405748642379448
2016-03-11,0.15830600652450033,0.13220632972257243,0.14172332381007727,0.14848954248430404,0.16041006596121477
2016-03-14,0.11249301524976786,0.08759373831451084,0.10420776096335584,0.09869719537003989,0.10075286188567441
2016-03-15,0.13394409074430197,0.12282848872438373,0.12570235001939956,0.12825467623386244,0.11726222111208229
2016-03-16,0.15919536996609063,0.14066056942366814,0.14016104483221098,0.15083874627342486,0.14538791120021669
2016-03-17,0.11472137407258622,0.10305928214170386,0.10637280438951226,0.10959650805581145,0.10861716927193821
2016-03-18,0.05040653550137706,0.050518484416428595,0.055228898738959906,0.056073301866824944,0.05635284871626416
2016-03-21,0.020343151571801475,0.030194332678741605,0.035585929171617646,0.026883149144566736,0.031424109993827706
2016-03-22,-0.023802295351994844,0.0003852654866466894,-0.006947233352365431,-0.01069495069056151,-0.014023866804008765
2016-03-23,-0.04130809825506191,-0.017099292551941925,-0.016642522555553107,-0.027999557354622256,-0.028759892612432995
2016-03-24,-0.017331180603873248,0.0016779193230824494,0.003075287825560468,-0.0022665545242099893,-0.001284027097615059
2016-03-25,-0.029657259714598424,-0.008027873416779555,-0.008633468323901768,-0.01755846606285356,-0.020479695358316626
2016-03-28,-0.009369867972985531,0.006511846084457536,0.014662012349229724,-0.008005268068111438,-0.002036002016925733
2016-03-29,-0.0025096284308373964,0.018247889862503853,0.026683557371692465,0.009511823692175228,0.014698028584697752
2016-03-30,-0.0377248262130337,-0.02004772081783681,-0.0174536772711357,-0.0220677028509128,-0.030325982408922286
2016-03-31,-0.03600943931534851,-0.03336574746630632,-0.016910477924462878,-0.02538794131904024,-0.031167488852019247
2016-04-01,-0.0046368344114708256,0.008810118714210242,0.003132120935334714,0.001995275802359782,0.008214714475369247
2016-04-05,-0.02646643514729155,-0.024291927873110755,-0.02733622599477708,-0.018731267931106146,-0.01939692927318907
2016-04-06,-0.03098206386370618,-0.020054793130296997,-0.02184186674131563,-0.016343583804401797,-0.0154479028630224
2016-04-07,-0.04871245262683769,-0.04989238607304419,-0.03763581518594496,-0.044649268306311655,-0.04850557986379207
2016-04-08,-0.07998941994252805,-0.07013431268311458,-0.07674673539845768,-0.0596736717662761,-0.0775119625048628
2016-04-11,-0.10317831019909278,-0.09860340770765852,-0.09706307530213529,-0.08144292034034593,-0.09231044127979829
2016-04-12,-0.10213051405004213,-0.09985348283382871,-0.08933571265922514,-0.08078859601819248,-0.08075711777403181
2016-04-13,-0.11609998503548413,-0.11760034032869274,-0.11108535715770458,-0.08766064352093296,-0.09826197862911307
2016-04-14,-0.12855707413955086,-0.12918323414171878,-0.11996768681716341,-0.1026258072839298,-0.11097705183922668
2016-04-15,-0.10638816023225604,-0.11936367437596428,-0.10114279369908664,-0.09698027198250683,-0.09844553081409414
2016-04-18,-0.09252553696783038,-0.096764375700646,-0.09000521074452612,-0.09021441072946627,-0.10267565805787555
2016-04-19,-0.1200508182490746,-0.12076782750004637,-0.11407545685243738,-0.11114869739137828,-0.13965947778780413
2016-04-20,-0.07406865958011252,-0.07504888077505732,-0.0783928276911204,-0.06690168370432198,-0.09761804563820244
2016-04-21,-0.0583210038506337,-0.055890208893933625,-0.06032377314137294,-0.05970053167882484,-0.07631725463434619
2016-04-22,-0.04857703393712001,-0.06070691919956334,-0.05098139255475389,-0.04791504829905026,-0.07705897904526916
2016-04-25,-0.056163888726245594,-0.061283673765298245,-0.05867097121467096,-0.0588749204991907,-0.08007481211456469
2016-04-26,-0.0761700191086714,-0.06673835903100991,-0.07014227168907512,-0.07394888642276874,-0.09848420510784373
2016-04-27,-0.06255007730337746,-0.060875510742442386,-0.05675647569362687,-0.06429835874437582,-0.09640214922871605
2016-04-28,-0.05836272244843788,-0.06566237118473157,-0.04638030400852186,-0.06754427814929845,-0.09675951427339578
2016-04-29,-0.06627244097704076,-0.06255303767816446,-0.05951204293595892,-0.07461715908926377,-0.09972811706375406
2016-05-03,-0.0540810358768817,-0.050631312682607885,-0.05262446807932515,-0.06196331445508938,-0.09650387328951658
2016-05-04,-0.05978736318710303,-0.0532864113673648,-0.04880111585972581,-0.048863576976623,-0.08667701788278202
2016-05-05,-0.055345501878753034,-0.04400144034452604,-0.040593601214755984,-0.06388935653166505,-0.08903103116413354
2016-05-06,-0.010446014333217414,-0.009925489359137616,0.004174774636584426,-0.013450995810846977,-0.04488163473415243
2016-05-09,0.03237462625201809,0.032951049724231365,0.038868440796472475,0.033098375897512064,-0.001520803588926364
2016-05-10,0.030186867372506147,0.026527676294820345,0.041517018175337525,0.034668187399078544,0.004587193005693299
2016-05-11,0.03252615657769275,0.02481043497622367,0.038604448836828176,0.0320034535730964,0.010989954482901802
2016-05-12,-0.008861264167128634,-0.02067428066405517,-0.002798565591266493,-0.020826890041889493,-0.04374017018745924
2016-05-13,-0.002011137709270518,-0.017841411708998816,0.0016791754677534289,-0.009661863730927563,-0.03154285104760281
2016-05-16,0.008005468692525683,-0.004610544496988985,0.016925797007194023,0.000564183470406284,-0.00867054946931433
2016-05-17,-0.0007764358208460698,-0.005437156998123995,0.015627918242733446,-0.0015067362999217398,0.011534367819110497
2016-05-18,0.03717689846110804,0.025040782135060228,0.04069467255781913,0.03915095383724807,0.04201715733472407
2016-05-19,0.032851579095183985,0.021817852780798938,0.04435753581607604,0.03728463086312076,0.04093923007137085
2016-05-20,0.018276113973023905,-0.0045783037467648415,0.022882855289565237,0.01859784631342522,0.020383844747555144
2016-05-23,0.02488487786743721,-0.00124525658092491,0.024372348468547883,0.017733146301953842,0.021063418028331424
2016-05-24,0.027254328032465018,0.013164113779511724,0.030685870773778202,0.019902106779752377,0.02467626247682599
2016-05-25,0.02226751532861597,-0.002978922048701911,0.01611206358085005,0.025941162109861114,0.013891144253904225
2016-05-26,0.04008531656986836,0.012837005866892705,0.051414214882249606,0.028797272680728056,0.028803632346306104
2016-05-27,0.05821202703459585,0.020607950542532418,0.06061414584287518,0.029096356571318618,0.05035555816814422
2016-05-30,0.06377287921058719,0.035336422045490715,0.05813080089932422,0.04373438490388869,0.05856543397634136
2016-05-31,0.01979477338701232,-0.007392053423565589,0.030347666603884913,0.005585063812215214,0.01033146997208755
2016-06-01,0.0186737246323157,-0.011697749888707877,0.022804736844398824,0.004558525376362275,-0.000646382020912725
2016-06-02,0.023568892804271862,0.011488759348751485,0.0330376591573928,0.02152256886052457,0.012777107796163329
2016-06-03,0.026379521501775485,0.02108028166117655,0.03463764635383583,0.0209813862042137,0.013234305563169674
2016-06-06,0.03233885384441227,0.023661889329672187,0.03352140610976315,0.02145071896167117,0.019797441496459015
2016-06-07,0.03366786252601313,0.032791782879354976,0.031066018953576573,0.019963837597472184,0.029505511980333247
2016-06-08,0.031884292879497254,0.03192647025024932,0.03199089902546487,0.017891729570117986,0.025262422603407823
2016-06-13,0.09074800228101663,0.08132556720042258,0.09555745057608575,0.06618312236893477,0.0714969765946314
2016-06-14,0.10950628908023956,0.09825020591797896,0.1103336927681921,0.08427999539118575,0.07119411247417524
2016-06-15,0.08582795924115882,0.07678459522814526,0.08409597854500876,0.06342651408017412,0.05027899551103056
2016-06-16,0.09498629377890665,0.08109569023840796,0.09249628544462914,0.06819796697187386,0.04524823812810588
2016-06-17,0.08402607592982698,0.07200883252663458,0.06835106760040842,0.06442725600141509,0.04803521483442243
2016-06-20,0.07272478775166936,0.0683019077881036,0.06296048753642196,0.05197517752333201,0.0439663471154096
2016-06-21,0.07990973965159559,0.08575017610382803,0.07201286491510098,0.06849823237364518,0.053122369440209885
2016-06-22,0.06132429606078531,0.06319178675569223,0.055044001917532864,0.05429105280089718,0.03891764075029526
2016-06-23,0.06931378751831363,0.07479492858395528,0.06630157496825008,0.06183216153983521,0.050465565500719026
2016-06-24,0.07557948908941962,0.08184408324919831,0.07428853101983025,0.07330679731425281,0.042543051162818965
2016-06-27,0.05646915501101922,0.06007244858073275,0.0566030067015918,0.054410461411250416,0.017988151338362134
2016-06-28,0.05617411198195047,0.05931931009342561,0.0639855502647004,0.05290130837780643,0.03189076863881434
2016-06-29,0.008586656515837418,0.014508617263694047,0.02017121058168702,0.01347944280020162,-0.005371381599655228
2016-06-30,0.009997403951088408,0.01786629055100733,0.021626607638641503,0.017553321973254796,0.001816340493721752
2016-07-01,0.010316194160777042,0.002497934497357978,0.015750201335250878,0.012279668693750233,-0.0014331815881736987
2016-07-04,-0.024290827107815466,-0.030318405042129373,-0.021656160190020188,-0.023546309665686486,-0.03794577748466723
2016-07-05,-0.020187689413743368,-0.028965413384904336,-0.019775756840922615,-0.018278208321746196,-0.03512217176522605
2016-07-06,-0.012629210469200734,-0.02925726220501683,-0.016772532179345264,-0.022500023317076536,-0.03839931347522236
2016-07-07,-0.013561674065621835,-0.025236290493655177,-0.0127613721245017,-0.02007562206522618,-0.03407027567087667
2016-07-08,-0.014447524021765634,-0.02953922181648017,-0.004404159474774135,-0.023750911019125926,-0.033531349045379605
2016-07-11,-0.004457712903649135,-0.005951261592394783,0.0035801727222826664,-0.011376795121533303,-0.02647131967600809
2016-07-12,-0.013892494876882242,-0.016243017879293862,-0.009775003863722561,-0.01561136533417908,-0.027739357202335006
2016-07-13,-0.02717305154963216,-0.027348665750790178,-0.01815792383388637,-0.02281756318341544,-0.04046202018066948
2016-07-14,-0.04002017587387439,-0.03675501454198105,-0.03297252546790976,-0.03855579321242845,-0.054355542069322714
2016-07-15,-0.02374976200105475,-0.011457721746977127,-0.019259769648492315,-0.020485733332286288,-0.05047248958097173
2016-07-18,0.005365450331312635,0.015463592110820688,0.0182512786585812,0.005701979160582447,-0.024900049579309597
2016-07-19,0.011586849495984246,0.012360109676716986,0.0180357977288821,0.01268441224541433,-0.01889684683183161
2016-07-20,0.014919873542562783,0.024075031295049905,0.01977579895392177,0.008883701288353097,-0.017851340724577638
2016-07-21,0.01299236380882742,0.025309066906313696,0.012002042882883493,0.0033636703231014393,-0.020098394546865104
2016-07-22,0.030150560611501846,0.03396160716046578,0.02078947506380672,0.01217368094674425,-0.0075134764600591234
2016-07-25,0.01045327306854826,0.015405809738006085,0.012880278609972217,-0.0018747668311568015,-0.017561931115155097
2016-07-26,0.0004215286366052684,0.00843954546336219,-0.003705543220784956,-0.007564278727490706,-0.03574499776258826
2016-07-27,0.04030098270399154,0.0442051349996709,0.034031558016653814,0.03194828564548437,0.015081022386979528
2016-07-28,0.029235212749672706,0.034246988964550626,0.02225141712018316,0.025787077211575866,0.007792703073774203
2016-07-29,0.04143992361412792,0.04050490309034761,0.03450618228407182,0.03938497660868819,0.017845207260208693
2016-08-01,0.05875661882818584,0.05771333415620983,0.05538510134097364,0.05529767717984011,0.03562063179094609
2016-08-02,0.0491697095425939,0.04557267805081157,0.045778938748689824,0.040147071035108846,0.031894027053552786
2016-08-03,0.04150729871964674,0.04461114332290509,0.043518104474595525,0.03596047499985126,0.028978627373973147
2016-08-04,0.028320503186102342,0.031336138536922416,0.02999608665014487,0.02477584446577643,0.010291178330828958
2016-08-05,0.030198216518279614,0.037394036456689345,0.027255370271108935,0.03122006902417855,0.008678985129664241
2016-08-08,0.022887168737690256,0.027353448267594407,0.016900529398303457,0.022120101314283484,0.005733731997617565
2016-08-09,0.02666300327200474,0.02916033006262984,0.024896181763690812,0.027925415555260173,0.007044441092935717
2016-08-10,0.029587860931335773,0.03681803281298744,0.03142267104816544,0.029600550601127335,0.0036085486903013383
2016-08-11,0.04800409628806818,0.05618443451051829,0.04979894320357679,0.04410102772553108,0.018297471891110487
2016-08-12,0.029393019094756237,0.02717897346236288,0.03338938620314571,0.016256955187832604,0.004917655170458849
2016-08-15,-0.021555993557618447,-0.022374432494430132,-0.01643589113376853,-0.035816123863188776,-0.050948775360356795
2016-08-16,-0.023728449701100683,-0.01959288499458362,-0.015665350916470974,-0.03457959556790376,-0.05111840929727259
2016-08-17,-0.034215674667324066,-0.025804951448024107,-0.023845624608062138,-0.03709055764157186,-0.05703718160230871
2016-08-18,-0.02612507469313937,-0.013749544301167715,-0.015281881490584865,-0.029037414801571113,-0.04453264303415048
2016-08-19,-0.02806064800579119,-0.02142876510697924,-0.014231102515913224,-0.02658363376140307,-0.04785072112675988
2016-08-22,-0.014302458877210841,-0.009872935043022224,0.00012807760026004318,-0.01679806063376998,-0.029729936129992883
2016-08-23,-0.007738441689681603,-0.008629300373823055,0.005127326156476681,-0.010870671102661033,-0.023358885440975852
2016-08-24,-0.013053404362563553,-0.009400689447160672,0.0007702628326143223,-0.01303883637859533,-0.033283740891959075
2016-08-25,-0.026319064808422818,-0.020264909775580445,-0.014150267752080812,-0.031384339139552284,-0.046024716681439606
2016-08-26,-0.02309035974720794,-0.015907661566121882,-0.013417444618233772,-0.024775612035148723,-0.04357861555051965
2016-08-29,-0.03371925479713833,-0.018447856996743128,-0.019672547276230325,-0.027358988267407434,-0.04131349798131729
2016-08-30,-0.028656657864857386,-0.017911726618822472,-0.01520292477745753,-0.024721574895596458,-0.0348294920660884
2016-08-31,-0.02527642603499378,-0.015712796406675448,-0.015428689583356194,-0.01843012615144801,-0.03127940657659367
2016-09-01,0.0008822052190070861,0.012258962872527803,0.006927084537259801,0.008299802396892292,-0.004784413413030984
2016-09-02,0.007004905797911794,0.0224615594185948,0.013612928688413467,0.01583141416469802,0.0035793274642574135
2016-09-05,0.0019772641161355763,0.018559796991170833,0.011325168663023298,0.008078649438189804,-0.002777610588859513
2016-09-06,-0.00888716634262566,0.005320838691556587,0.005143063576332574,-0.007883543139399613,-0.019132730785624736
2016-09-07,-0.01072182488230725,0.00485239384988492,0.005137401962885482,-0.012249611012840734,-0.013115028277993102
2016-09-08,-0.022090650807988867,-0.005892738941653285,-0.012499349152822747,-0.02069322162864178,-0.01685432961327415
2016-09-09,-0.00040767347353792393,0.014015839469199452,0.0108122974943684,0.008153828774277158,0.0044822240574016944
2016-09-12,0.02682945438356145,0.03646967015293659,0.03933573624119245,0.03289977824147413,0.04125054953125194
2016-09-13,0.024749518971888006,0.03507348093094103,0.030561093964170165,0.025863331717548257,0.039215327625940766
2016-09-14,0.026195060405956344,0.0379451436407405,0.037882369503075185,0.02363373329508031,0.038865414133583215
2016-09-19,0.025171918544466602,0.03843103932254858,0.03500287838949568,0.03218385330006322,0.03456250902918245
2016-09-20,0.03168178154802238,0.03892891327144832,0.039013445588896474,0.036029526153612504,0.036413481621655766
2016-09-21,0.021595384699325308,0.03597943366645474,0.02994609346151572,0.032251986881452435,0.02668755738040169
2016-09-22,0.017624934298469615,0.026311690281591422,0.02462454981662499,0.023849036876230717,0.018740109352763545
2016-09-23,0.012305472771663979,0.01955272491377314,0.018797214349251364,0.014680922947307091,0.018550365252490115
2016-09-26,0.0325852683597899,0.04144952765162885,0.04088209879232183,0.03932594685646025,0.04263834928613264
2016-09-27,0.03417676305746755,0.03978567323349995,0.042274020883326796,0.042937921201679545,0.04236530987466662
2016-09-28,0.02865676445970905,0.034194729445717345,0.03611020401803567,0.03580454858404228,0.039333763298936064
2016-09-29,0.03256132674437002,0.03917409823752646,0.04214576990260638,0.03819059578451286,0.03990183163910668
2016-09-30,0.02634268701082832,0.03190881329713541,0.040725503985633675,0.030745370843820532,0.03248987208932988
2016-10-10,0.010272578054770066,0.016021316048030598,0.020875900998254003,0.017428460047943038,0.014442603648724961
2016-10-11,0.0056043874748406405,0.01970994769549908,0.015565012187188178,0.02108284488422187,0.014338816897908504
2016-10-12,-0.0026337525209658525,0.0097987080354841,0.012937728537016073,0.009706623992577396,0.010592997758841906
2016-10-13,0.009465935316308552,0.02083195570001373,0.02613838276659687,0.023516000126279586,0.026353286181946663
2016-10-14,0.019294908878590696,0.03225302721432037,0.031558713634050065,0.03418325458849489,0.03587599714638053
2016-10-17,0.035934149141621664,0.04693112397450626,0.046238331813641446,0.05070758841834785,0.04048208578149447
2016-10-18,0.02595519154054736,0.032356945999428635,0.031071584502676875,0.03458986190827283,0.023412504827711837
2016-10-19,0.027638582032387025,0.03211171637955069,0.03201426832605735,0.03558195179977949,0.026011497633145766
2016-10-20,0.02443464534624201,0.03221106513954888,0.03451791019742008,0.03387408391931622,0.017656184220559635
2016-10-21,0.021606476903704295,0.02636582030096949,0.03284415884194111,0.028668562061653153,0.02158428183267214
2016-10-24,0.013966631102517758,0.02168886558236487,0.018486603515415492,0.02566461559803066,0.01676989276752975
2016-10-25,0.02278931949167124,0.02859671326786702,0.0245152022800629,0.03007014879180014,0.018278890335996133
2016-10-26,0.025286771682254964,0.026811242641110945,0.026193998859261484,0.02919033707940477,0.016903709570292136
2016-10-27,0.021716081038232474,0.025373447735238076,0.02472547774466876,0.03385599627972159,0.019025389057356325
2016-10-28,0.0360228946790123,0.04022481770806627,0.037879684976827324,0.04725504339496514,0.03127460737769143
2016-10-31,0.04137088140899698,0.04749237290383408,0.03913838062459379,0.047379301421790504,0.030039632117150602
2016-11-01,0.030582779455842236,0.03626683082851352,0.025854693609013626,0.030046876724804467,0.0089025288379205
2016-11-02,0.03495954832216706,0.04249763255976468,0.02111927644447812,0.034915799113044065,0.0070528168914676765
2016-11-03,0.038309736813491625,0.03735118593249606,0.025647708087810656,0.034501408008905894,0.005377787145368494
2016-11-04,0.026635600772243577,0.026643519586087596,0.010262376136654273,0.019295523818471962,-0.004218894201370419
2016-11-07,0.020005335229595734,0.018361184969484252,0.0007958832527561825,0.005485690104342357,-0.01479634720591023
2016-11-08,0.01160036512168405,0.009539917829791116,-0.0007813714431430712,-0.00032107084949477835,-0.015685842630558593
2016-11-09,0.03250836747264897,0.02835309242798705,0.015555129383597582,0.018608868641607556,0.00022853962433209643
2016-11-10,0.011014098973538127,0.007371584286055788,-0.001122414792884034,-4.0768684668401885e-06,-0.01690874844560888
2016-11-11,-0.0008463938282492517,-0.002156196146185015,-0.007512291800179322,-0.008441833387450923,-0.02546603847880254
2016-11-14,-0.05742457518110382,-0.04465853109304953,-0.0502441223613746,-0.04819424240817575,-0.07069390685510561
2016-11-15,-0.05552309170302464,-0.04462532475049285,-0.04754141328143146,-0.04609106356117238,-0.06901485804682984
2016-11-16,-0.06329910701060731,-0.05062402469953354,-0.05766040372610602,-0.04861214965237011,-0.07437152926700151
2016-11-17,-0.05962022427660449,-0.04609835297071595,-0.05322186700206061,-0.041109413842165037,-0.06606018324338542
2016-11-18,-0.041059527274358215,-0.0380580911455753,-0.038991413000256034,-0.03774040641107809,-0.050350467878911453
2016-11-21,-0.04871366880697243,-0.04220590412851177,-0.042353469695288956,-0.03935789878755834,-0.05252742601612128
2016-11-22,-0.06324515216510528,-0.05292797598791516,-0.055846945914789364,-0.046434063962251665,-0.06718001180366798
2016-11-23,-0.0526782779345523,-0.04070582310126162,-0.04071781049219842,-0.03623967204893102,-0.056363894187078975
2016-11-24,-0.0485100810628066,-0.036236154731973474,-0.03902249409644364,-0.03751648773224928,-0.06126739435995172
2016-11-25,-0.06246987426999472,-0.05409787415979,-0.05125988700000066,-0.051134371212074994,-0.0727454764285469
2016-11-28,-0.06335259512291724,-0.051587270173744613,-0.0486566581856793,-0.05387746654776026,-0.06968957402786499
2016-11-29,-0.05909593984584289,-0.049225344307705754,-0.04788623960206326,-0.04469722548913628,-0.0598654877868634
2016-11-30,-0.06184885145478597,-0.04976027388020602,-0.04536988558534186,-0.03755139630934774,-0.054832392153322536
2016-12-01,-0.06947421694112582,-0.06060684655098781,-0.051491794039588555,-0.05003839514377868,-0.06067089256395067
2016-12-02,-0.0523491818074616,-0.04229823742080088,-0.035890881344279646,-0.03780292497031948,-0.04371657160432104
2016-12-05,-0.044055130929534614,-0.025880005227638087,-0.016687220093554538,-0.01636471939047403,-0.03144513458810433
2016-12-06,-0.036461989694106536,-0.012597475192696689,-0.009025478241364387,-0.006146003373909761,-0.019175852547878465
2016-12-07,-0.04615748014153897,-0.025102394143412185,-0.01819213905599206,-0.013391313793572258,-0.029100621060364592
2016-12-08,-0.04454024371379486,-0.02172736477671178,-0.01919425396079042,-0.015975226574336844,-0.03039447113888076
2016-12-09,-0.03725865644998311,-0.016210649567378256,-0.012224333523099089,-0.006909270607491553,-0.023132143773304234
2016-12-12,0.010997144690581682,0.02410708193981429,0.026479316389404182,0.026021916390465694,0.021137320826157026
2016-12-13,0.006517209243906117,0.010055129848240276,0.00853088550719101,0.011512080054474204,0.006715991781833633
2016-12-14,0.004839355488107857,0.005588719061488536,0.011489002268961844,0.01078843064390479,-0.0005820857938640533
2016-12-15,-0.016532197973026283,-0.01087608807377352,-0.003856967536228585,-0.005202948008923246,-0.016802021734669156
2016-12-16,-0.05700836669561532,-0.043570317335561694,-0.031030631802726447,-0.030733863513507795,-0.04360066760427806
2016-12-19,-0.04590504008770594,-0.03799001474038557,-0.02376701377710288,-0.02404687224989164,-0.035085296972705585
2016-12-20,-0.04765831869222728,-0.0399167085894775,-0.016985199818553662,-0.017991282132774268,-0.03064454969456469
2016-12-21,-0.058133837494382,-0.04975853943369319,-0.03213967725469424,-0.03080126252000765,-0.04398982917883382
2016-12-22,-0.04571102991545332,-0.03407640477149204,-0.02760803042495539,-0.0138358457490584,-0.030010564607655305
2016-12-23,-0.029658979578161482,-0.014119521183699751,-0.009965831669343726,0.0031786610591625036,-0.008407884279330147
2016-12-26,-0.039060760735243866,-0.020877829227770858,-0.01773086163022607,0.0017549494845418337,-0.007516231117038064
2016-12-27,-0.03300946969718472,-0.023624689674688684,-0.008393928071626283,-0.0011371247333978372,-0.004460909368322448
2016-12-28,-0.02344796171423406,-0.017508233203692616,0.0013013588009973733,0.009003447889684315,0.00697888651444385
2016-12-29,-0.024406609866481438,-0.013279328869705115,-0.00038145758050582286,0.004789206019676753,0.0020148336168976516
2016-12-30,-0.016081518354225322,-0.006728299002370155,0.00238947139094405,0.013597976124736932,0.004684726872815959
2017-01-03,-0.02571566415642245,-0.014222388240652294,-0.00973724344162436,-0.0002075466561043031,0.0005260202853699177
2017-01-04,-0.02901359438974892,-0.021736511148661517,-0.00996417634336896,-0.0035084069799022023,-0.008723025302019372
2017-01-05,-0.020453419707149915,-0.01734943334470139,-0.005007169659768444,0.0020234793853758284,-0.002684730597087411
2017-01-06,-0.014973067435975308,-0.015447683564507814,0.0005630313675613924,0.010562226184880313,0.00859218464549065
2017-01-09,-0.0157264354214682,-0.007402047630012789,-0.009836615230052132,0.008337340852967291,0.01228993930857116
2017-01-10,-0.013489542789279439,-0.0032712584911608654,-0.00027854273515719825,0.009508011867337896,0.01307456691709027
2017-01-11,-0.014337689071162889,-0.004778704343871891,0.0008515255154225329,0.010495767545805702,0.01568546793753108
2017-01-12,0.0003214360099075123,0.013592170439313028,0.020675231765932656,0.026190553959821616,0.034016303810689215
2017-01-13,0.00908606986991901,0.020101910889347253,0.023509478005099393,0.026630995920197093,0.03739493893564359
2017-01-16,0.05666157676794854,0.06477391573632271,0.05284428196392995,0.07129212274629164,0.07435152549779216
2017-01-17,0.05994516125665814,0.05991462212090264,0.059369961078402055,0.06682809516105168,0.0726787467840669
2017-01-18,0.06874623890535195,0.06374605132447471,0.0656126067158524,0.07609080541234849,0.07579132693688549
2017-01-19,0.07509883318148974,0.06614979206612573,0.07043465285174429,0.07196866219110744,0.08110601991715463
2017-01-20,0.06281951531455336,0.05668219286156331,0.05787112562373947,0.06000561556189201,0.06441518889242179
2017-01-23,0.048825652899961304,0.04023638082727455,0.045394031563553934,0.039117048100001134,0.04443066737420058
2017-01-24,0.05956391673820274,0.048122392042577844,0.04973566151950422,0.04284647299583893,0.05163284488818201
2017-01-25,0.06003954761421895,0.04590803386382653,0.048086834943358664,0.04721180924871955,0.053913427470094415
2017-01-26,0.046901740790196066,0.034601659570950676,0.03741647837815428,0.03275802155857878,0.0430760222876775
2017-02-03,0.05256852474199717,0.039308099545829985,0.03711325006005683,0.04671717187380389,0.04475756854811852
2017-02-06,0.05676041066312124,0.04084871342334856,0.0408326103779904,0.045313822676490825,0.04406427360757539
2017-02-07,0.060172330614505096,0.04318251724539398,0.0433060249724901,0.04186199063059713,0.0464719668195692
2017-02-08,0.04598613772926093,0.03271802260643934,0.033428208024906314,0.03193633433495688,0.038605155365103914
2017-02-09,0.031129401051253936,0.017005537184530243,0.01560806251053936,0.016513643621838225,0.023939608171928264
2017-02-10,0.034621511460625115,0.016354476080555923,0.013365428062508867,0.011142078870745394,0.024652198770669088
2017-02-13,0.03741111092344303,0.017960512931047855,0.01816567742098789,0.013835125152943805,0.027117582597567472
2017-02-14,0.0368249273377999,0.014986229507592161,0.012154944888479607,0.014592585018244878,0.0213596332654342
2017-02-15,0.04315800775288003,0.02337171168970586,0.01878428754713268,0.026602125666955162,0.0339433748106599
2017-02-16,0.045913077523846435,0.025791618572950193,0.01938753019095308,0.025035591658689852,0.035934892831706075
2017-02-17,0.04520926485229537,0.02285843255797361,0.02040297676404271,0.02049214333406379,0.03654124889000549
2017-02-20,0.038425581220090994,0.01560371430078429,0.009369493210061875,0.010577634703348816,0.021538139004531377
2017-02-21,0.027725617110406133,0.006797119309657726,0.010524438238378992,0.003634583158006861,0.015520159410997823
2017-02-22,0.020367883695424412,-0.005922537800618858,0.0029603320131795915,-0.006854638760964535,0.00972846436599205
2017-02-23,0.018292917878426213,-0.000901237829578528,0.0043838893234834884,-0.00199917024368989,0.01357662385024118
2017-02-24,0.013428161652015356,0.005323865683762353,0.011031810017311603,0.0050672993454254816,0.01632271297661787
2017-02-27,0.016206394631050197,0.010406122414321725,0.011533191613131193,0.012097110875174922,0.017543571191371763
2017-02-28,0.009407516059165233,0.0013784125049413928,0.005925213120248666,0.00424651661963112,0.00914500034983578
2017-03-01,-0.0007952406667944187,-0.008318489231168737,0.005016986076504201,-0.0004933241704376881,0.0014454027810331402
2017-03-02,-0.01596312919013082,-0.018988893659119124,-0.0054997928780256364,-0.011018466860237698,-0.00633423706403503
2017-03-03,-0.013116194837516137,-0.02015372257313421,-0.007430096553310687,-0.004192327365541731,-0.0017233530833167204
2017-03-06,-0.006239942412145627,-0.009439992694075203,0.0035248454858889506,0.010938825641360854,0.012801125605103075
2017-03-07,-0.0045487956277799,-0.0062466966497741845,0.004750781276020654,0.016716541962478498,0.012624521024594177
2017-03-08,0.004504255714925978,-0.007184660791788985,0.011491497685805029,0.020291416630581476,0.017214230044988545
2017-03-09,8.037734478038235e-05,0.004303542916086315,0.017666290272720576,0.028491700954471105,0.01987153623146292
2017-03-10,0.012680457282340277,0.013604776104256052,0.028109782563405183,0.028399318857752855,0.03008197627196795
2017-03-13,-0.007331209920451934,0.0005144585563079827,0.01825045190358603,0.011039662085759098,0.008544908277586681
2017-03-14,0.0059901761338912495,0.011386947357036659,0.018263826262925727,0.0274791793843701,0.005776411360714796
2017-03-15,-0.0036804835615806115,-0.00427606222139791,0.01205097357684293,0.0013625292105591273,-0.005955448467556703
2017-03-16,-0.02037752864464836,-0.01996865379411879,-0.012210122297389754,-0.017479681027934915,-0.030598289191155086
2017-03-17,-0.025803209534181335,-0.015303740275405953,-0.01281566162991465,-0.01193748753617557,-0.026755067124673758
2017-03-20,-0.04040029905923326,-0.040443765638556124,-0.02548531519248677,-0.02452738994386814,-0.03910960859442836
2017-03-21,-0.04286206207415456,-0.04260323317847942,-0.026807249556873282,-0.027288165424114438,-0.045000388773663434
2017-03-22,-0.04038633730102957,-0.03809311927416635,-0.031078380414324234,-0.029666755663418427,-0.04604196613371909
2017-03-23,-0.06228927683014034,-0.06353786701437063,-0.051072849132066764,-0.06261768566142478,-0.07567807366150898
2017-03-24,-0.0645760466980242,-0.07099150518173172,-0.0536042698387014,-0.06555542475716392,-0.07318669364189763
2017-03-27,-0.058921352002463734,-0.0708672358214617,-0.04565919041742665,-0.05952407447008712,-0.06954104229081569
2017-03-28,-0.05697116342222213,-0.061710426032403363,-0.04511936254191639,-0.05142288168545186,-0.06679242862357176
2017-03-29,-0.05193578885934751,-0.05367943851868529,-0.03941166913956765,-0.0486030882258583,-0.060744792787771965
2017-03-30,-0.032061812112558104,-0.042977834887828935,-0.026654677504890728,-0.03311272479939121,-0.042824015590218
2017-03-31,-0.03640083433074903,-0.05585578597391858,-0.03074042085518888,-0.03915067291088414,-0.056786268155627276
2017-04-05,-0.0629442311281123,-0.07650907076317125,-0.052709738750109626,-0.06632936509764278,-0.07953503094248333
2017-04-06,-0.07871375396234727,-0.08884698638379986,-0.07275511828312835,-0.07821627850180925,-0.09868307309897621
2017-04-07,-0.09418179323235203,-0.09833931408540217,-0.09283334678655789,-0.09832942563996287,-0.11475603485411145
2017-04-10,-0.08354676223185557,-0.08846325086500206,-0.08661419603439202,-0.09077900003361009,-0.10372551881508091
2017-04-11,-0.10927009745088893,-0.11524035689474398,-0.11406434738292767,-0.10925460760538182,-0.12728953938653573
2017-04-12,-0.1099721129082168,-0.12107906591351117,-0.11096653810608043,-0.10469710721636537,-0.12480601170104604
2017-04-13,-0.11779812291505048,-0.12831248092189096,-0.11629307296751339,-0.11488549099655036,-0.12426407310928667
2017-04-14,-0.10745297836703638,-0.11587187422960642,-0.10239348871445601,-0.09186203391835131,-0.10840937660386736
2017-04-17,-0.07943826382255718,-0.09394131934407297,-0.07685178929650226,-0.0678637067728908,-0.07712183789389977
2017-04-18,-0.06588177407242689,-0.08209609279919419,-0.07181478202675737,-0.05801036671949966,-0.07229584041082085
2017-04-19,-0.0557831306173846,-0.08096599055072035,-0.06720403906852243,-0.06160954475747788,-0.06317222891218348
2017-04-20,-0.05669885513056343,-0.07663110997376635,-0.05519116382969958,-0.06192178713975383,-0.07356553196321644
2017-04-21,-0.06854588578006675,-0.08186540715570657,-0.06858954430357726,-0.07091133995436498,-0.0769093089485806
2017-04-24,-0.06484444934654818,-0.08315328376371219,-0.06612751433115927,-0.05939887964692212,-0.06727462710991507
2017-04-25,-0.05680376110325031,-0.07323268145671377,-0.06743852508957231,-0.06483847883325213,-0.07046755460397332
2017-04-26,-0.04949379782005399,-0.06577087213536598,-0.05198291503652392,-0.05902081884593281,-0.06404300397639559
2017-04-27,-0.058311671682125504,-0.06266224693996252,-0.060462228816135694,-0.06301819545415392,-0.0718778762340364
2017-04-28,-0.060870871690612414,-0.07406028465141222,-0.06294065299327666,-0.06218932496640097,-0.07342181552443602
2017-05-02,-0.08315712862990002,-0.08966726780552335,-0.07708708915460795,-0.07241882419494006,-0.09125756079865412
2017-05-03,-0.07247543508798188,-0.08486664904223547,-0.06357574788749541,-0.06470774952094938,-0.07955342223598849
2017-05-04,-0.06173569276557305,-0.07441157248992994,-0.06290780527489827,-0.05241976764930037,-0.07418450001867029
2017-05-05,-0.04715165884227601,-0.057749665671659796,-0.04555243613337801,-0.041341580023605225,-0.05518028103821722
2017-05-08,-0.012062383735455491,-0.030244211477224663,-0.014252816246523482,-0.012581311980386398,-0.008669108580485693
2017-05-09,-0.0225488977522161,-0.037093803788768025,-0.023682752357960336,-0.015608941174036555,-0.01249466870942693
2017-05-10,0.00020796854381063078,-0.024168052028447448,-0.0015036248661060275,-0.0008437639257998658,0.011046705138775483
2017-05-11,-0.003820564074453423,-0.026541902480328776,-0.01608429316852401,0.0060076764497816685,-0.0005096275847267049
2017-05-12,0.008975982174419068,-0.009357116695390319,-0.0059850961994706055,0.01260650975066633,0.01520250698996566
2017-05-15,0.007810144582235978,-0.01721849104100786,-0.008010383899248309,0.0020456896277611285,0.0067546164120230925
2017-05-16,-0.0002673190632651084,-0.025380363886844826,-0.014708485102858524,-0.011832023529155328,-0.008741451797865913
2017-05-17,-0.006485575462568765,-0.03137398528172505,-0.016359910401899835,-0.017383855229525468,-0.01435803387270388
2017-05-18,0.0046682329399209,-0.018730187469997703,-0.008754273723885918,0.009289654379770832,-0.00029882030271261706
2017-05-19,0.00942787847398179,-0.02371191668601949,-0.008975517823497564,0.011707557449375698,-0.0055302220076804244
2017-05-22,0.026289806971182838,-0.00550282690282882,0.007348152858831841,0.018060363131737485,0.019551894400600376
2017-05-23,0.03261452766934841,0.006555421806281745,0.02004785171606474,0.023224817416857637,0.02879185787846947
2017-05-24,0.02691135195664549,0.0025455922120640392,0.018411939054220814,0.02336765317065794,0.02896299032056512
2017-05-25,0.03187500961625194,0.004321120586748208,0.02382402548954495,0.025791392819878255,0.03785371670854174
2017-05-26,0.039151743419782586,0.000711102031893944,0.025288517376697274,0.030075849241718685,0.05380132688719187
2017-05-31,0.03517935739131656,-0.002171393981487129,0.018699956039782275,0.027568576515544112,0.04796845289244572
2017-06-01,0.06520258871552136,0.030266889703600305,0.040482113800012855,0.047707731884500226,0.0760850793823574
2017-06-02,0.05411107465317798,0.026025279917451478,0.026948596795733415,0.042316036796138094,0.07713554196134605
2017-06-05,0.05324350617022585,0.031491203754195896,0.023823902528132466,0.04902210189223472,0.07693117494570098
2017-06-06,0.04983209356812093,0.020707700901866324,0.0217550624771344,0.037979437735704356,0.06442503128175532
2017-06-07,0.03504334418496802,0.01696858178128115,0.012075065490608853,0.025057622236539158,0.047665573731499225
2017-06-08,0.03731672617828056,0.0201858383251458,0.016594848797494448,0.0314687423292817,0.04364003097427259
2017-06-09,0.038321577447939195,0.024983186204985464,0.023648961667846077,0.030096613703557294,0.047934022361916837
2017-06-12,0.04834440365006736,0.0393954251432635,0.03876264482951106,0.048212047295455,0.04523313358411642
2017-06-13,0.024681242718139144,0.013253875279753512,0.014236751997309158,0.022609507581139422,0.026887867729360384
2017-06-14,0.029751076909143172,0.007821281067699606,0.014944841829178681,0.028899160205805297,0.030486917790925164
2017-06-15,0.019282885611508847,0.003854128529584783,0.006670041008109963,0.030671215885309997,0.0221383404098828
2017-06-16,0.016718315679004277,-0.0007535346777617026,0.011191341664758872,0.03198100693981202,0.024670004533872806
2017-06-19,-0.03631089979750908,-0.05730360871868619,-0.030799434398648143,-0.010917786081847973,-0.015870268954418638
2017-06-20,-0.03256169105857274,-0.04308180730111488,-0.024364297910976624,0.0034899618113496894,-0.0016111307369844248
2017-06-21,-0.01874167297057434,-0.0200186723861476,-0.00941012297961584,0.023044541141907276,0.011804615206686688
2017-06-22,0.007628913085135839,-0.002465099873339495,0.004702038649488758,0.039723842852871484,0.03131517267515407
2017-06-23,0.00807366157694458,-0.00419597900633004,0.01624893618114498,0.03977857215872596,0.018376400356325758
2017-06-26,0.0007958611430262858,-0.011265273202624836,0.003611489050535917,0.025364660493700966,0.008924925453921302
2017-06-27,-0.0013380657458096953,-0.018665010122437962,-0.010103496176663505,0.023420726600252083,0.005950430787670294
2017-06-28,0.006782382544833975,-0.011108788864029676,-0.000946697374299429,0.030680608239285263,0.0030246115209913247
2017-06-29,0.01822860654487395,-0.006039844908497124,0.0022795385533596986,0.028118548296566855,-0.007567955680605695
2017-06-30,0.01584813256486049,-0.0015001270382469384,0.009625119073269187,0.023073568148597876,-0.0016601116889837595
2017-07-03,0.017194797733209304,-0.0006272698661617403,0.01305774297558165,0.031234369918352416,0.01033942234003033
2017-07-04,0.020172651044283712,0.005169682400344285,0.015436931496805755,0.027678472849352227,0.024468977176114487
2017-07-05,0.0019118908221426977,-0.010418372780851878,0.005839167797331671,0.019503208973051356,0.006562205673573302
2017-07-06,0.0004975367723275159,-0.010918251725373094,0.013623565273959413,0.02509548634249755,0.003115081134189779
2017-07-07,-0.013352447843028461,-0.013330751439122978,0.0006990335257106726,0.014272143712068827,0.0033612779231411184
2017-07-10,-0.0005912306950729482,-0.004010325938019894,0.007472672934310203,0.02506396155771146,0.01755983387827384
2017-07-11,0.019802186616238008,0.013211588425713051,0.016142999387493265,0.04013339947538618,0.02163446522746789
2017-07-12,0.021486276191325766,0.01663583057287014,0.028417079648672565,0.04074871331060189,0.03592997875623335
2017-07-13,0.00803315864674494,0.008169504140312209,0.016026096875940563,0.02856717342790836,0.02684561039220135
2017-07-14,-0.004355579702910305,-0.011156235943625876,-0.0020716107801966336,0.004855101209508624,0.005151791734891604
2017-07-17,0.07773303819636122,0.05971881315867282,0.05871045855563616,0.04863998741198204,0.05691856343440086
2017-07-18,0.06887975135216563,0.05004819765919692,0.054846100524375774,0.03833736754964161,0.04906833946834777
2017-07-19,0.06030420291096372,0.04132547042886837,0.031316088730437376,0.019843915224715913,0.02011915863391314
2017-07-20,0.06497085129099221,0.04520443856382207,0.03705235965680344,0.021893240300827774,0.01971018629581589
2017-07-21,0.058759557260912754,0.03933285947569169,0.03148976392513637,0.02235470755588226,0.01980707445406203
2017-07-24,0.06304694981498125,0.03894675850086879,0.03623387481144905,0.022798947288019716,0.0218252311428421
2017-07-25,0.057474489697119324,0.039175996740646285,0.02980352412826679,0.025918886070338987,0.023685834129087348
2017-07-26,0.05016551133836612,0.03031641900109902,0.02216788408978153,0.02192298910729663,0.018992507518052704
2017-07-27,0.020174736857162395,0.008075522871987635,0.01127817624067441,0.007626844708825302,0.01540627414731851
2017-07-28,0.033966699650543115,0.017892223660440944,0.019390152642464284,0.017408656058341302,0.01850035034241
2017-07-31,0.03774067176692725,0.0260887954508346,0.0165342800532352,0.014288136958178422,0.015251571022430344
2017-08-01,0.032956794617123704,0.022963197646846782,0.014133034260809436,0.006560235563857096,0.01624110302469867
2017-08-02,0.045552856827947734,0.035306419913003616,0.02498516606035913,0.020802023184443838,0.02839863859285105
2017-08-03,0.04676843430706471,0.033770924174435515,0.02403654297498417,0.022761673443114087,0.027146414650689517
2017-08-04,0.06287887437167335,0.041816246569552594,0.03320185417016852,0.03162854138772242,0.04382107676263118
2017-08-07,0.06754749921359188,0.04260483648817439,0.02699740289144837,0.025212444356895,0.033179804353683194
2017-08-08,0.06693076054155704,0.036515099925460696,0.027493103669624437,0.02384599306588123,0.03555968944297374
2017-08-09,0.07497630668848057,0.04203080678079661,0.027978270463954433,0.02424837778081831,0.02827186165492699
2017-08-10,0.07179021999029697,0.04291486269479131,0.035187091153973574,0.023722174140745268,0.030107754794245725
2017-08-11,0.08786607086220309,0.06623211731379704,0.05440838522060926,0.050884428174542896,0.06159469870691488
2017-08-14,0.07626066922127324,0.057153358705125126,0.039796190981138076,0.041502719982134194,0.053235395862085394
2017-08-15,0.0743581301511683,0.04958505948377206,0.03883416156116771,0.04203362879653001,0.04479918026187108
2017-08-16,0.06400339462081012,0.04718519505261956,0.039364934915894156,0.046484203723058656,0.0611557426740301
2017-08-17,0.05254042458725129,0.03837221405850076,0.03160647331269158,0.03309766513901156,0.049754755458246556
2017-08-18,0.057882118935720685,0.03887738322935592,0.026108494191984244,0.030767796622951683,0.03664610650649144
2017-08-21,0.060944106893267444,0.041368309381770677,0.026648895609001695,0.030721065294381067,0.025357202552124543
2017-08-22,0.0623819890205389,0.04219588753780427,0.031036884299976697,0.029726468999110557,0.023247125016763463
2017-08-23,0.07961185176281445,0.057344054187344305,0.04761064733316476,0.046326381978580765,0.037813539289663
2017-08-24,0.07662302594924587,0.054491904791227216,0.04304032339412346,0.046984948706492204,0.032971501425908864
2017-08-25,0.05640379019747353,0.0415366491178387,0.02605255487584709,0.024343419322685262,0.017201615731196412
2017-08-28,0.028149934097129167,0.011801527529266557,0.003050529582964829,-0.001558253882425913,-0.002996304130309952
2017-08-29,0.03499094977783161,0.014986260278984304,0.009579448202384993,0.004899105080720584,0.006884188364413175
2017-08-30,0.03904357831291839,0.02010091281997734,0.008373826321769442,0.008130340122232158,0.0017475346775663056
2017-08-31,0.02863158205350905,0.012419195716366589,0.006901041551134139,-0.00018931170909453608,0.0029271790017091712
2017-09-01,0.028892389827716955,0.011208915521477486,0.009397112136516924,-0.004296501301151388,-0.0004146641900042219
2017-09-04,0.030060328261793216,0.022298305054563906,0.0189097242703211,0.002100329489255943,0.002229134556822851
2017-09-05,0.04133056380003256,0.025539384387730405,0.02539792286788492,0.006106668570524673,0.0004760226390372722
2017-09-06,0.025948926971474554,0.01765543297315337,0.020244998877030813,0.0024183552992028605,-0.004844248219174811
2017-09-07,0.030771574447690745,0.01963345185952207,0.021141930875541726,0.005551496265308252,0.0040058561808678185
2017-09-08,0.03165883242209594,0.022126583225780996,0.027456055968985954,0.004683973338331999,0.009123094364543484
2017-09-11,-0.0028684635701203116,-0.00905881048264484,0.00404268116007848,-0.005806036813518886,-0.00490599698126848
2017-09-12,-0.0032807664981919856,-0.00598575045395561,0.004307990720994443,-0.006274868551577286,-0.007685639356452617
2017-09-13,-0.01498275924486522,-0.017919539282976314,-0.0001520718920621648,-0.012230405353859034,-0.02046611071183811
2017-09-14,-0.025004979232966323,-0.03082586142693535,-0.009349199152582479,-0.01972253150739033,-0.022414078934075873
2017-09-15,-0.013852248833129802,-0.01653543722155793,0.002181327920359182,-0.004987206084226433,-0.003814431396839755
2017-09-18,-0.01804480246909436,-0.02248609425136039,-0.0017823425571277442,-0.007616063608021758,0.0019834534417269727
2017-09-19,-0.018588477990659654,-0.020502662477657342,9.26359921203186e-05,-0.0003388520233929996,0.008259144933411988
2017-09-20,-0.02233513714085275,-0.025028928267225588,-0.006342631493322898,-0.0007085456498907728,0.011790341807028227
2017-09-21,-0.010528453563544043,-0.011247808361338077,0.005622968559706732,0.007757144909636356,0.03124456552756546
2017-09-22,-0.010513263667937646,-0.015210836164876645,0.003575286495483332,0.010238525035341523,0.0336149981467913
2017-09-25,-0.021558927926264106,-0.024469365874165077,0.0011018569971313517,0.009344439446834206,0.02862090679750106
2017-09-26,-0.014142581582417076,-0.015575677143176684,1.9963489470754893e-06,0.008281241179066142,0.02656960634067148
2017-09-27,-0.021810839394177373,-0.021049850711238396,-0.002973161145521937,0.0006884155216248306,0.017624602360813684
2017-09-28,-0.023925132879294667,-0.02725889984842275,-0.011205457213685682,-0.00042902251243128267,0.012824917475392968
2017-09-29,-0.03855248751788342,-0.03588044527914025,-0.02025747162659348,-0.01845516324182535,-0.0005073387980030102
2017-10-09,-0.0427309611527482,-0.0379381296311485,-0.023481554979576564,-0.014801766337303852,0.0019256107967831906
2017-10-10,-0.050698387602594264,-0.03692188512571297,-0.02209917716183312,-0.012056313871467526,0.011897971085290173
2017-10-11,-0.04219633268196556,-0.03502457381659572,-0.017423997499165556,-0.010286259642433512,0.014274918137553848
2017-10-12,-0.03516389144484685,-0.028460924753092868,-0.010534479611474658,-0.00024298882411449407,0.02368559804120093
2017-10-13,-0.03805391909233796,-0.030627798049999183,-0.013922731723141,-0.001923049953946459,0.022386215609995305
2017-10-16,-0.012586635737100066,-0.008969275927230291,0.004307459409347334,0.008912647084549722,0.03388951413474982
2017-10-17,-0.016710653417513814,-0.020508406456822184,-0.004155827685465385,0.00222013848736603,0.03287104820600305
2017-10-18,-0.014350051105629372,-0.023544425020070533,-0.0033683902052283428,-0.007580579667694574,0.02282779100494022
2017-10-19,-0.003381985267371066,-0.010265941563089652,0.002059567520948218,0.0022525857587822975,0.035265329189762766
2017-10-20,-0.046409916139538654,-0.04976908096644285,-0.033475646186214326,-0.02516069840326419,-0.0011469247661090817
2017-10-23,-0.048485365013969335,-0.047385289972444074,-0.03369401161337078,-0.02487416411116029,0.006719462807229741
2017-10-24,-0.043291269787303036,-0.03997307083307613,-0.027993654116832734,-0.021398793964428276,0.01127248556516855
2017-10-25,-0.04892018417861115,-0.04204905172641593,-0.033049605065778476,-0.023571518143872785,-0.0021289399671837695
2017-10-26,-0.07399208883927987,-0.07334360022376532,-0.05439778112553651,-0.04834758997540935,-0.03915023568655507
2017-10-27,-0.06833632445504005,-0.0639588912696741,-0.04913551528243635,-0.04092975030557173,-0.032904537589347874
2017-10-30,-0.05509533878597693,-0.050283183024500494,-0.044426878519739435,-0.03753997945029992,-0.030881161889808658
2017-10-31,-0.04504862946099193,-0.04838051553144818,-0.03781456706552772,-0.029838313742772144,-0.019270041122066987
2017-11-01,-0.04964104371542789,-0.04708601664356355,-0.03841740654144932,-0.02629023853338662,-0.005292509934423009
2017-11-02,-0.04665561336212057,-0.043714976960389805,-0.0342167316757126,-0.02692277236007545,-0.012914943334542135
2017-11-03,-0.030780539839976234,-0.02827154506395171,-0.02509611552484267,-0.009603206897416594,-0.0006018314298976677
2017-11-06,-0.05113102621359978,-0.04922481314763055,-0.0416049348706684,-0.01968397986189392,-0.015660563628081416
2017-11-07,-0.06559234219460942,-0.07063288656951322,-0.06969408564613973,-0.045926026258827544,-0.04142171073008688
2017-11-08,-0.060366496906994964,-0.06387426426923447,-0.06433448858972166,-0.04457392384094408,-0.04120988665986524
2017-11-09,-0.06517116179624868,-0.07324604753247939,-0.06729493143252792,-0.05744621786550434,-0.05974236231080778
2017-11-10,-0.061290812892148855,-0.06733305400438876,-0.06172988350852988,-0.050406246732524,-0.0520040540543004
2017-11-13,-0.050734487991112305,-0.06041308510939381,-0.056110906044185616,-0.04180554072822211,-0.045098941821357756
2017-11-14,-0.057097800790630385,-0.06501561250614495,-0.05510836677845624,-0.04344204251151114,-0.04750380906691562
2017-11-15,-0.0490101330486837,-0.04997760522236321,-0.04222368694358158,-0.031438033490389865,-0.022468132711419148
2017-11-16,-0.04976213870230474,-0.04682192294279939,-0.04258590349917282,-0.03223539629073113,-0.024666610206366468
2017-11-17,-0.019983315022065098,-0.020371503385599902,-0.019140692934788858,-0.017192760451847113,-0.015987178612738365
2017-11-20,-0.025964772595058843,-0.029632469491693302,-0.028762573161941245,-0.02551526184710803,-0.03081301070491308
2017-11-21,-0.01967234593099107,-0.02438549372106817,-0.027449636428614654,-0.024213089480548178,-0.02835367828920522
2017-11-22,-0.03255816978428494,-0.033050879181424325,-0.03730703657864347,-0.03515983041554394,-0.028246864066140586
2017-11-23,-0.013583584597109828,-0.01300153321460085,-0.013458699366391364,-0.002538743674017582,0.015348168770974991
2017-11-24,-0.016161223171150495,-0.021719451447020602,-0.01672484037231233,-0.0013626442637173911,0.014821306811248575
2017-11-27,-0.02086257472908855,-0.022583810281758068,-0.015665880021673517,0.00038897057326773177,0.022989748507966794
2017-11-28,-0.033331596351289225,-0.024210367170790042,-0.025585407683545777,-0.0017134542272937282,0.00789662889143023
2017-11-29,-0.03800175708808405,-0.03154107235573719,-0.025759251325326984,-0.013753724421840956,-0.008494868835423889
2017-11-30,-0.030801335845360326,-0.024961411114035104,-0.016301361215682268,-0.0008992011094706812,0.009839672193146555
2017-12-01,-0.030786389963784234,-0.023056714823671325,-0.019253116695387137,9.141914111849664e-05,0.01075326142148079
2017-12-04,-0.004864592413956111,-0.00831365046087037,0.005058589574511626,0.02189219585424905,0.021252479532291136
2017-12-05,0.030904772995000215,0.02542000543093583,0.029118346917336394,0.05021539050293984,0.052581452158724354
2017-12-06,0.017247616752825008,0.02411658512946578,0.0283753336537685,0.041455684480171,0.06259173222693311
2017-12-07,0.017447511529667045,0.02441910741665528,0.03358074969432341,0.05096587713350205,0.07028824193928489
2017-12-08,0.0067119087196696545,0.017632850623883322,0.032562375323810275,0.051879471874302904,0.061482745433955946
2017-12-11,-0.004699449040542266,0.0073430818046663635,0.020723204826448044,0.03604095625029848,0.04975383532890986
2017-12-12,0.00227893741639498,0.02093152844564554,0.015715442544605447,0.04036160494661302,0.05169923107862751
2017-12-13,0.008150785549158542,0.014489299335851661,0.01725088962715128,0.030327467177178845,0.03957604611723362
2017-12-14,0.0027078511241533224,0.006003750614515162,0.018011299466969482,0.025498298670656748,0.03628141972211075
2017-12-15,-0.022840733918577306,-0.01436527167999569,0.0008511732402476342,0.014727282145716138,0.03131574169574063
2017-12-18,-0.015178562913488307,0.0010795417705759666,0.009881150834516874,0.024461747783803504,0.047392519816845294
2017-12-19,-0.02034168770535796,-0.005231596146553495,0.010671888907371046,0.01431010741907808,0.02509556878632591
2017-12-20,-0.007375667587693993,0.004221722310051449,0.01892556482122417,0.030452121528883207,0.03662912864717992
2017-12-21,-0.003457567673763623,0.004518934240218515,0.019507364342813936,0.018695520488803245,0.0191545220447309
2017-12-22,0.0059120155828446645,0.014751107872195185,0.028307950868632067,0.030373431596093892,0.03580216907954176
2017-12-25,0.022780194928627606,0.027290073585887045,0.043333755190513405,0.043029076801355655,0.04933711949073422
2017-12-26,0.02677111810134663,0.025170778193336674,0.04348009886006218,0.04087255131066602,0.050834416258309534
2017-12-27,0.030338721196845296,0.03419043192316874,0.03908673065513543,0.04434591080749851,0.059059892789112486
2017-12-28,0.026608635054651157,0.035652924350660205,0.029376226025663553,0.04268004661948668,0.05301790985041159
2017-12-29,0.005803082221836233,0.012771765236497905,0.012322341287227699,0.030105540007842855,0.024372742925862407
2018-01-02,-0.004947252825866378,0.00048555208684973356,-0.0015282814037194698,0.013981483135207164,-0.0001079933941169547
2018-01-03,-0.043554909789678437,-0.03563219044805903,-0.022715113354814714,-0.009680810825958567,-0.017164193573110775
2018-01-04,-0.08809755551123988,-0.07514893945453496,-0.05295602475398708,-0.045694506348895325,-0.044177156275946754
2018-01-05,-0.0982052803478002,-0.0797467599537359,-0.054370201268705926,-0.04287781754965852,-0.027571134234071072
2018-01-08,-0.10157184795379802,-0.0850883119030496,-0.05621830314377721,-0.04418418182168265,-0.04126616896729521
2018-01-09,-0.14820408782657038,-0.1260671612857947,-0.10184272218418039,-0.0774681560307205,-0.09412603914824873
2018-01-10,-0.1319264363621002,-0.1166729641374597,-0.10139970319164389,-0.07571951235390881,-0.10448149151441534
2018-01-11,-0.12700200979202797,-0.1176063388190043,-0.09902546267727219,-0.07376018882978516,-0.09320133862462726
2018-01-12,-0.14815230797710166,-0.14553561990398856,-0.12911480293876607,-0.10777482044561068,-0.1307894280578593
2018-01-15,-0.10075314559682008,-0.10919883337281798,-0.09374220832465417,-0.07512987993604303,-0.08003658021067221
2018-01-16,-0.10656564421534431,-0.11254953361984647,-0.09569549577321965,-0.0753213106146951,-0.07778662646429467
2018-01-17,-0.10597720821725651,-0.11339113791098512,-0.09654322387430145,-0.07498106032516094,-0.05729180649892448
2018-01-18,-0.09254566593677128,-0.10044169506955156,-0.08274432245864609,-0.055569482510907986,-0.03858686150898062
2018-01-19,-0.0926846475587538,-0.09796530506575286,-0.07773954349992399,-0.0465082429189728,-0.035134323081908996
2018-01-22,-0.07727661555831931,-0.08416326654851741,-0.068591955290635,-0.0448799536465615,-0.02451340763887911
2018-01-23,-0.0744139306582315,-0.08667548490325142,-0.06975517865471206,-0.05159682646229167,-0.03884762984713964
2018-01-24,-0.08372830622676401,-0.09426930649318715,-0.07102923981536197,-0.05515387368492984,-0.04437767528715282
2018-01-25,-0.06898631257388538,-0.08524806905075752,-0.062336668274913715,-0.039871794465203184,-0.03237175510504293
2018-01-26,-0.06914900269301992,-0.08652006976142186,-0.06839883966734406,-0.04689287525728995,-0.04030857936885516
2018-01-29,-0.05052179556016582,-0.07198294002379461,-0.05918311135989953,-0.030714800450184827,-0.02304682728192166
2018-01-30,-0.03867580493633739,-0.061609717842802135,-0.04690166935961589,-0.015726353089590476,0.0006490280018689891
2018-01-31,-0.015060757270364482,-0.04473473354445774,-0.03470109053606026,-0.00956642068440692,-0.002066604314640833
2018-02-01,0.03366811097467115,-0.00016639560430203632,0.0052938853327579955,0.030433575422462226,0.03229639200196387
2018-02-02,0.06491602638676897,0.016037462829861994,0.020357162889722755,0.03175545109871437,0.03163177221410861
2018-02-05,0.09273098754134342,0.03506248886334688,0.02512662090638343,0.045980837759834504,0.05036819842508262
2018-02-06,0.15431163768364708,0.08898223380073295,0.06664669835644632,0.08496633809404949,0.09471785841459111
2018-02-07,0.1273444673007477,0.07944554862592206,0.053651315372513775,0.07407981410161178,0.10519740392681852
2018-02-08,0.10499156423691362,0.06250327676373107,0.042359637478401366,0.07406194893597781,0.09280156261266667
2018-02-09,0.1398381061135896,0.09967621100452818,0.0858003201252778,0.10130208131617947,0.13057411157681048
2018-02-12,0.11474410467786249,0.0784436190987191,0.06734212747320481,0.07434393600016949,0.09324693315993814
2018-02-13,0.11891146188068323,0.08000586461560413,0.06304255144166883,0.0753157484745306,0.07710937366002435
2018-02-14,0.11227526593050112,0.07042147024063199,0.05546585800538844,0.057916897220775386,0.06379769942393833
2018-02-22,0.09732487256926112,0.05214359502779256,0.035991689182219025,0.03290351621341854,0.018091038154966068
2018-02-23,0.036462298188030914,-0.005835134021568294,-0.01683606621954969,-0.015946177019290356,-0.03305189580477287
2018-02-26,0.02348908944186185,-0.008507865728161163,-0.02322922044544742,-0.022056987150744306,-0.043598039706265336
2018-02-27,0.04193176986758296,0.01261886940285926,0.00013294755193251685,-0.0014930631512816601,-0.015586988678424405
2018-02-28,0.03327813613412945,0.0031883594205300027,-0.011398995931613462,-0.01391563248711557,-0.031577874944542214
2018-03-01,0.025166142777006913,-0.005660610253681872,-0.014125993997825714,-0.012658776022048693,-0.025784689644223913
2018-03-02,0.039049364664417184,0.01604680293403658,0.0018733963064915815,0.004168507449546198,-0.00479711685355498
2018-03-05,0.039605239532400256,0.016711771123627858,-0.0014565522045381486,0.004422330706012482,-0.005085064199582864
2018-03-06,0.016427940192499577,-0.0019307269192965744,-0.017501817788926663,-0.014831705533731943,-0.03983646434430138
2018-03-07,0.022905783278883114,-0.0017757264899157133,-0.015383472603102043,-0.014510237089979198,-0.03475590508434622
2018-03-08,0.016050080402741654,-0.0050863555651171405,-0.0205730281120577,-0.01595377442661237,-0.046751149438522155
2018-03-09,-0.001176156016346734,-0.018274028068489736,-0.025127113482695917,-0.021603068400781307,-0.039203062369147286
2018-03-12,-0.013412099635623757,-0.027325976156333098,-0.03298771003361617,-0.02495294183484463,-0.051574135822918414
2018-03-13,-0.017903842169781754,-0.02735972646238545,-0.034818038959878075,-0.024199431531206305,-0.04768029696896809
2018-03-14,-0.008005742807555189,-0.020774014706135942,-0.025050275553042085,-0.02244824928211885,-0.048317273189201024
2018-03-15,-0.003303901231392652,-0.017840173643262097,-0.02714880626675639,-0.025319078160947223,-0.06196237212303644
2018-03-16,-0.025084021682194344,-0.03922375476873531,-0.03808941577399549,-0.032590705529651084,-0.07494948870393939
2018-03-19,-0.006344946214329934,-0.03392716105181412,-0.031691298957562626,-0.025607140217926615,-0.06069361520439982
2018-03-20,-0.006287252016792804,-0.03048782341021894,-0.02919850765831004,-0.01996180909687232,-0.060092604138135455
2018-03-21,-0.024703905286785798,-0.043691013942433375,-0.0447310822437711,-0.04164505807516404,-0.06492658608974805
2018-03-22,-0.042817805233933776,-0.05088446946114934,-0.04861593386882127,-0.04631671617730826,-0.059123578961238835
2018-03-23,0.03650248152144054,0.02771572830500273,0.011344372787426775,0.02203185873243889,0.013150523359457812
2018-03-26,0.027176692234004825,0.011206114011280112,-0.002093095832787716,0.010028923311831231,0.0006741973424894818
2018-03-27,-0.025311752746991097,-0.03366298270585869,-0.035461234366203416,-0.018709041752521048,-0.03654097579334491
2018-03-28,-0.019309427181870332,-0.023972562694331696,-0.024075070278985065,-0.004575903412324612,-0.01378522026259817
2018-03-29,-0.03508513637928041,-0.03678334276531611,-0.03350245440455827,-0.018461531926398926,-0.019256442413346175
2018-03-30,-0.04226560339060765,-0.03464603086473372,-0.03639039580506617,-0.021403898983552404,-0.024714092355120287
2018-04-02,-0.05294927920413105,-0.04211256803741426,-0.0413749378595644,-0.02374885598468927,-0.02705478044670045
2018-04-03,-0.022861495698872074,-0.02023418814033662,-0.02054235198626492,0.0013593442275537113,0.0053230326555415725
2018-04-04,-0.01099820859131523,-0.011847241081880925,-0.012429249026309772,0.008286774686507953,0.022166142774618588
2018-04-09,-0.014042777654505517,-0.01436712496160982,-0.013396652591835655,0.008190378945843551,0.020473447575876293
2018-04-10,-0.015157855608750794,-0.01028984225329402,-0.01655205023202033,0.004137559329469537,0.009310039740673235
2018-04-11,-0.031051792136314767,-0.02023538102237296,-0.03547419578806075,-0.004690232936496849,-0.001123212280236539
2018-04-12,-0.03403769375115962,-0.018296201703421857,-0.02989430165988961,-0.0028452825815341817,0.009268775294483382
2018-04-13,-0.019877955596133423,-0.010608038024148846,-0.021529314600337548,0.009558584864118732,0.023740721555483922
2018-04-16,-0.019327659728924446,-0.008377269574158281,-0.02107637974391482,0.014143994793140427,0.028918856819113267
2018-04-17,-0.00638117941100424,0.004350746716603872,-0.003081899181495953,0.02195189195731681,0.045864976478984
2018-04-18,-0.010352401089322665,0.005198785490883289,-0.016305218071569295,0.023261062006722524,0.0390610133016319
2018-04-19,-0.003937628583890025,0.007265630730767811,-0.007137342900688896,0.02469871876681738,0.04527767022581809
2018-04-20,0.02073887814909643,0.030067352964992536,0.020442225075941442,0.043823360521994634,0.07174407381111346
2018-04-23,0.020314124243657458,0.02609719077344988,0.01866095801466599,0.038162324983105914,0.06326018289714971
2018-04-24,-0.000488955474114127,0.003569547756376042,0.0013591553043050437,0.009059354162158308,0.01989316632457671
2018-04-25,-0.01984048818581408,-0.009194391488377732,-0.012255444749866194,-0.00064145829982152,0.008728154041304783
2018-04-26,-0.006717042346314815,0.006709256859118942,-0.0034681177193632783,0.012100043142553647,0.027025062304242616
2018-04-27,-0.014213642509131994,-0.00812240568776575,-0.013197019032016444,-0.0011653661404102153,0.00700517736525677
2018-05-02,-0.04707940966726786,-0.03531688788885211,-0.03761978434536399,-0.025615075633263158,-0.023944553004161033
2018-05-03,-0.04350258858797687,-0.02821276270823984,-0.028404830009168193,-0.0200788258147799,-0.019652769089300148
2018-05-04,-0.053541944296352166,-0.03543411495625628,-0.03217754340104141,-0.029981075885944043,-0.037809010963847534
2018-05-07,-0.07509118966810578,-0.04792811751277081,-0.049816796637065036,-0.04488475211197337,-0.06210943740299057
2018-05-08,-0.06628217677286088,-0.04453753735284637,-0.039225914148574036,-0.03625512028481952,-0.051467021371876455
2018-05-09,-0.06251084744887164,-0.047154234748053005,-0.04025245411071337,-0.034474748849911065,-0.04168441938707041
2018-05-10,-0.07321309349290285,-0.054074937629649836,-0.05360165145096183,-0.04935256950412672,-0.044933411048728944
2018-05-11,-0.08328680134653933,-0.058281873782428904,-0.05931942350112918,-0.05323393519543128,-0.04294543939231157
2018-05-14,-0.08050631058685018,-0.05778314159644363,-0.06077747677417423,-0.05823963243271201,-0.057131965200785166
2018-05-15,-0.08016233263172448,-0.060045358603768154,-0.060987127668386425,-0.05632589297570988,-0.05487113728847236
2018-05-16,-0.09492068826903852,-0.07098575287092147,-0.0778208521302007,-0.06336570542795782,-0.06581759578782169
2018-05-17,-0.092469873120285,-0.07076324016216043,-0.07284241066052302,-0.07023084041880286,-0.05589891395553856
2018-05-18,-0.11851681206768352,-0.09304656976209566,-0.09612699803795459,-0.08764637878839293,-0.07378241124803489
2018-05-21,-0.19358811181283506,-0.164779705687955,-0.16017390139235504,-0.14756013404418447,-0.13394461343736483
2018-05-22,-0.19295431260333543,-0.161782348041855,-0.15163294305557246,-0.1421931327987551,-0.11841856865037106
2018-05-23,-0.19277279109831624,-0.1748746553637899,-0.157471682826411,-0.14731148861830848,-0.12597122731210939
2018-05-24,-0.18325912317467202,-0.1542173825457421,-0.14197699067898645,-0.13970461913951016,-0.10315132247429373
2018-05-25,-0.17948122315913087,-0.1496361314917616,-0.1442499256467655,-0.13317782667812816,-0.10046535366926382
2018-05-28,-0.1603032219718717,-0.14329705603756582,-0.13281475887734462,-0.1247774616777685,-0.10266124778310814
2018-05-29,-0.1590153314564996,-0.1385068477817513,-0.13666101165601616,-0.12742842597483264,-0.10580080124872325
2018-05-30,-0.13154554835274399,-0.12296404315890914,-0.1199943147461822,-0.11218652183985553,-0.09741134598072555
2018-05-31,-0.11995404177261616,-0.11506494483918174,-0.11591245483217928,-0.09842513616612483,-0.07948384951093222
2018-06-01,-0.12654322543608637,-0.12259422063299402,-0.1293793952861601,-0.10389456245679093,-0.07575690492475216
2018-06-04,-0.11115541628681429,-0.10948455559513667,-0.11627906981896091,-0.09414047883823515,-0.07314311852839941
2018-06-05,-0.13677705942821308,-0.13293801982129294,-0.14239386039982008,-0.11580920951570292,-0.1129348622950533
2018-06-06,-0.15954326543800773,-0.15265324098892294,-0.15705637903639258,-0.14445644493066884,-0.1389919426627141
2018-06-07,-0.15189056748343283,-0.14473750703076038,-0.14757230596436924,-0.14047514084339205,-0.12865559202011367
2018-06-08,-0.12293353986633881,-0.11797228995233905,-0.11369446436143689,-0.10427641620381012,-0.0958369133568941
2018-06-11,-0.11413943882433689,-0.10963526320013871,-0.10915971086659772,-0.0882617202275556,-0.07778616383080708
2018-06-12,-0.14309510348675844,-0.13461428469334627,-0.13506177740107975,-0.11493503458662681,-0.10777714776992324
2018-06-13,-0.09921321306421407,-0.10438471807246222,-0.10170055256889272,-0.08043568633183876,-0.0654008657775277
2018-06-14,-0.09864924137323165,-0.09928791565833008,-0.09036725059108967,-0.07771703395316755,-0.048507303916663934
2018-06-15,-0.07829650258227241,-0.08022198681555873,-0.07639564940744116,-0.06547769245172766,-0.030073698432568973
2018-06-19,0.00043138746180073663,-0.006729567394203926,-0.010000437895404718,-0.016547937664597803,0.026540587885417858
2018-06-20,-0.006906710827933375,-0.01735268402694716,-0.021278014347871896,-0.030676601146747966,-0.004047600758897272
2018-06-21,0.006319158384496516,-0.002945524835464892,-0.009352150938495885,-0.010876866171091716,0.012140449415651186
2018-06-22,0.003143275714135543,-0.0015878945023502932,-0.004141882193543302,-0.018844584131366606,0.016556268514110326
2018-06-25,0.020271451478948824,0.01993182189805277,0.013170361687731062,0.005848346070774474,0.023333456447224586
2018-06-26,0.029277676715279678,0.029835789164850367,0.0282796861859475,0.02368542863199229,0.02693573552431804
2018-06-27,0.03572026558481577,0.038054543259049986,0.03994843501983836,0.03641579224756007,0.045282049774532256
2018-06-28,0.05510974490894164,0.053551250917362,0.04429030788838649,0.03316201280606118,0.04389406045906604
2018-06-29,0.021274707286278782,0.02349382967307616,0.015847070808037603,0.0032536504800459434,-0.001907216256211365
2018-07-02,0.021180161769318445,0.0309667059856892,0.027548491534549146,0.01228768803805891,-0.0022474841634739003
2018-07-03,0.004650908244560631,0.011887433769333933,0.018880078807370707,0.0016729063874504472,0.0016464470686915996
2018-07-04,0.002726593318706957,0.01333627224470309,0.01486805810892586,-0.0031912184616067376,0.0015231398589593016
2018-07-05,-0.0005280584217154632,0.012402111662907124,0.01767559519266732,0.004195536941760354,0.009645309291375682
2018-07-06,-0.017087778366595176,0.005557476412571422,0.0055306162228477024,-0.007869512687724851,-0.02048156228996331
2018-07-09,-0.05207090991775931,-0.03221182581814033,-0.029753596471010536,-0.05419087162992717,-0.07939911762592104
2018-07-10,-0.02818850231556631,-0.008956784621664422,-0.009674323979679104,-0.02905226965286872,-0.06251078534745953
2018-07-11,-0.009551012071885056,0.009518356825269374,-0.0027145357348760963,-0.02316436866430101,-0.0674398011565622
2018-07-12,-0.013972497901581681,0.0017129257557407865,-0.011825551992584315,-0.026445066286627225,-0.06515818188877877
2018-07-13,-0.009887064603096154,0.0024946290777361955,-0.01258711454675871,-0.027392770226531228,-0.06476516780789557
2018-07-16,-0.00902058300906375,0.0022869950140922335,-0.014519105603452952,-0.02574159520744661,-0.054725861293012316
2018-07-17,-0.010896945832182543,-0.004107863009615094,-0.015550129851784734,-0.026736255900631504,-0.05643524853219847
2018-07-18,-0.03013431936381364,-0.020249857158139043,-0.026428117030576615,-0.0444340634988132,-0.07311837070503609
2018-07-19,-0.02148514965435438,-0.017782729004800258,-0.028838261150720197,-0.04517526388550452,-0.0799739038316347
2018-07-20,-0.05492775373999195,-0.045263510686561155,-0.05892357916316049,-0.06889186247296405,-0.11161837828737149
2018-07-23,-0.0603790372910021,-0.05545611098949839,-0.06486550168847123,-0.0711471067643953,-0.1095792379797273
2018-07-24,-0.07116455402025966,-0.05992694713442758,-0.07492629717688047,-0.08055434362091789,-0.10216777594457531
2018-07-25,-0.08373022783807513,-0.0659414854553055,-0.0849205999847785,-0.08975420895149085,-0.11551528440979145
2018-07-26,-0.08498840769460272,-0.07064784148905266,-0.07098582522231868,-0.07600382147848732,-0.09711607087065346
2018-07-27,-0.08213341576593022,-0.06267877834917748,-0.07009811020943212,-0.07694872118755444,-0.09604472549439373
2018-07-30,-0.04954357655211562,-0.03926595735698721,-0.047372894937331884,-0.04516169933955386,-0.04885395349643935
2018-07-31,-0.04751483758149961,-0.04044207021600501,-0.04241520176294133,-0.04704525410141981,-0.04754028873758262
2018-08-01,-0.032235298921869646,-0.02898935289162008,-0.03706869047100394,-0.02932699599164555,-0.03833736298030188
2018-08-02,-0.020572671786258385,-0.014426073720737329,-0.022473042897240406,-0.021336720098638927,-0.03775704102661602
2018-08-03,-0.02338711821769901,-0.018418521852056904,-0.02087054760215234,-0.02190570920671493,-0.02015475748189672
2018-08-06,-0.0035426696328189657,-0.0014974875655255297,-0.007548095753636475,0.0024630099789189697,0.012825471397376794
2018-08-07,-0.017974412232222226,-0.020003861162172468,-0.020678548092670893,-0.015439976046958221,-0.006934210726770616
2018-08-08,-0.01136642666714473,-0.026642727606671687,-0.02242281851679132,-0.017496159540106866,-0.001821500804206395
2018-08-09,-0.0400978690936128,-0.04384386833561297,-0.04519203639563287,-0.03953195766817075,-0.04627466645334015
2018-08-10,-0.039668964683916744,-0.04446141571017516,-0.04541685629905978,-0.042171568620831004,-0.057362185004656986
2018-08-13,-0.05582875999155005,-0.06366909414423243,-0.057939970140613584,-0.062033664134561586,-0.08961626441466691
2018-08-14,-0.05543435002002993,-0.06113505104210084,-0.05741423366785903,-0.05940810323582184,-0.0833178381569724
2018-08-15,-0.031576534737366324,-0.03880928999314062,-0.03558594103443402,-0.04480483660929122,-0.06865484541283892
2018-08-16,-0.015563428988806593,-0.020675650912412233,-0.020605573463331063,-0.0288217684647173,-0.05186264381240003
2018-08-17,-0.0018743164828872744,-0.00758872546858817,-0.012373233069680117,-0.023239217751929456,-0.040188604254087476
2018-08-20,-0.025341128363315906,-0.031894762439787054,-0.02925444767541275,-0.03927861150125273,-0.061198526574499035
2018-08-21,-0.020069048955440587,-0.026806853994608013,-0.02449052043382486,-0.03324450670136145,-0.06274235997504288
2018-08-22,-0.0022373222669022637,-0.003827524369178819,-0.005265857868958427,-0.015865986372935043,-0.03537985269781865
2018-08-23,-0.003546684898209622,-0.008809205851188748,-0.010585223864253892,-0.025663231731092015,-0.04034580607749865
2018-08-24,0.0069854528917948295,0.009331685259432065,0.004545503179379816,-0.006467363014620746,-0.013968283127562434
2018-08-27,-0.014618580667561396,-0.013345448761183416,-0.02197941646367181,-0.03141282946093901,-0.044158011298185945
2018-08-28,-0.014529930948075103,-0.014295210787300623,-0.016378163044287124,-0.027344461999387785,-0.03458302405658788
2018-08-29,-0.025695349257214544,-0.02220030797735679,-0.026426325275795137,-0.03076433881442207,-0.03109704480986971
2018-08-30,0.0003395518100523177,0.0006568756417195123,-0.00414449484738797,-0.009636620147536249,-0.006982995352562104
2018-08-31,-0.016011352572374907,-0.020766313988265634,-0.021472057587357332,-0.03447521457465599,-0.03936646003769708
2018-09-03,-0.0158830749456994,-0.018257329825774864,-0.018997283350905992,-0.03609757115899222,-0.047856083617157305
2018-09-04,-0.03042564221605667,-0.028386818678220436,-0.028904465390831257,-0.04415103180737004,-0.0598615772809074
2018-09-05,-0.0997998620504455,-0.0947710814391077,-0.08305566367069632,-0.0889314459169133,-0.09287326054742501
2018-09-06,-0.11446986993783931,-0.09862661180839105,-0.08892367107343768,-0.08153182008307264,-0.06903854630687899
2018-09-07,-0.13410124934943793,-0.11681805996522929,-0.10430196268284585,-0.10036086812455783,-0.08729453809612277
2018-09-10,-0.12807376881731133,-0.12095139293482483,-0.10642730891343768,-0.1046387900880036,-0.09599117511581463
2018-09-11,-0.120764973815032,-0.11111199330966712,-0.09813343203109559,-0.1000883264193476,-0.08874025061691465
2018-09-12,-0.15063318543925874,-0.14402128494565386,-0.1229399235718297,-0.11999828829682058,-0.10646450079610718
2018-09-13,-0.14103814177916482,-0.12930370049455592,-0.11929007165796995,-0.10444204642776371,-0.0789949294090877
2018-09-14,-0.08368148006543766,-0.08294252141530123,-0.07056756367485259,-0.05843616240305098,-0.022732284131728172
2018-09-17,-0.08158811342619855,-0.07988556074044167,-0.07109741152367119,-0.059295346594529966,-0.0356305689215517
2018-09-18,-0.09184050384164981,-0.08960863237149186,-0.0850790573942496,-0.07604992221018884,-0.06401419197463101
2018-09-19,-0.09882844763958967,-0.09635926043771419,-0.09659414934410203,-0.09049921828574563,-0.08807028661544967
2018-09-20,-0.09786036858263439,-0.09197056345525008,-0.08888696280279623,-0.08694385278312301,-0.0919404317641619
2018-09-21,-0.12080600546510502,-0.11477726736328336,-0.11439429532161564,-0.11534153582847219,-0.13592841570552236
2018-09-25,-0.1031483370194194,-0.09647283126145606,-0.09890539226945105,-0.10191655109828433,-0.13192679470170612
2018-09-26,-0.09234554763477347,-0.08860655158073769,-0.09501008377949872,-0.0954418236766215,-0.12070430428794206
2018-09-27,-0.07379994079021127,-0.07074114484420031,-0.07791247444986266,-0.0813120765155829,-0.10979469224260024
2018-09-28,-0.05717746594900037,-0.056272199395881836,-0.06099020817545174,-0.06370602122789781,-0.08195281340319799
2018-10-08,-0.0183896936079836,-0.021145492534354875,-0.02736622910108852,-0.032858399331096806,-0.04511841251060056
2018-10-09,-0.020179121697420997,-0.02294226805287979,-0.02384455977830487,-0.03477872632446021,-0.03840408285041667
2018-10-10,-0.020573695577913994,-0.028578704184637326,-0.030089068463501633,-0.03995141585014942,-0.04006978706010596
2018-10-11,0.0642862608571775,0.05484068309176939,0.04307582727324748,0.019981928856149772,0.004608744154931157
2018-10-12,0.0835948162545605,0.07063414333206955,0.0402975319545691,0.017490946281078182,-0.014466642026422798
2018-10-15,0.14373524252261785,0.11651074839844691,0.08448366601072962,0.05666161633462144,0.025574173230597654
2018-10-16,0.19547985182471037,0.16933552460783197,0.12938360527883905,0.0925041178947865,0.061873469444084575
2018-10-17,0.1824085909984987,0.1551187862404626,0.11756564656222344,0.07420537232148697,0.051964496066204034
2018-10-18,0.24438289745741512,0.21415407769909986,0.16373712184433176,0.12614327771932762,0.09518361038620736
2018-10-19,0.2409295693867915,0.20218909522723108,0.14843778961440943,0.1120216604732239,0.06174833467736723
2018-10-22,0.1791457076666747,0.15382332686859818,0.09954293471663045,0.06568545646074961,0.015545510558086556
2018-10-23,0.1510367558056747,0.1351145775991162,0.08851406885494623,0.06337520523867989,0.015746744646783387
2018-10-24,0.16121761075259022,0.13835259046850013,0.08826983361046888,0.07129055544801524,0.025492512080391265
2018-10-25,0.1631919933093492,0.13440073794087898,0.09591430098358153,0.07554771332425159,0.028924920091777388
2018-10-26,0.09351628012157989,0.07866884239094543,0.044684532491764156,0.040202537585732605,0.00982956971894089
2018-10-29,0.10705563419298636,0.08714771281374477,0.06730650705923706,0.05020635773697034,0.029159061075456537
2018-10-30,0.09863049649863506,0.07882903650692605,0.05989520432696936,0.046565746550770296,0.021682676986368003
2018-10-31,0.09722865232342902,0.0854496881785184,0.054855249686167507,0.04189455642935284,0.01694464052581612
2018-11-01,0.061215393441760704,0.052610558126873305,0.030959920777791278,0.015624186139872348,-0.008260556696800501
2018-11-02,0.0401368986619834,0.029804515152973273,0.010512059529014415,-0.008510442486434781,-0.035716544984715576
2018-11-05,0.060619706691202514,0.05445484439874733,0.03471585052481894,0.020984816170171183,-0.004495970231822599
2018-11-06,0.06716808070984172,0.06300451153165604,0.03901926680834496,0.02478794454797667,0.000890305183573572
2018-11-07,0.05888623854814658,0.0573335589924791,0.03818046060535528,0.029000253166824363,0.002360229465413622
2018-11-08,0.03287632903823043,0.03816854643445001,0.029611591804792593,0.0153849700575858,-0.010729796790953108
2018-11-09,0.04333189198898592,0.038002219582786795,0.036696220241940525,0.01967388862049841,-0.006528387891076341
2018-11-12,-0.005806321189576686,-0.0011115804344706901,-0.0033575595568127703,-0.013009660236113113,-0.03366912877260422
2018-11-13,-0.022943172619191564,-0.011858932402228177,-0.014392422934049708,-0.020062482663510996,-0.03810748006544829
2018-11-14,-0.02244205512589997,-0.009021985354788485,-0.01269212167987506,-0.02003082583629976,-0.027538765716238787
2018-11-15,-0.030586815473970446,-0.019151023487251857,-0.02048689694809321,-0.0192676954963762,-0.025217595888872974
2018-11-16,-0.07562353334345331,-0.06147302542896946,-0.05310923345188795,-0.04523254255502646,-0.04476651604214231
2018-11-19,-0.07760528511558357,-0.07052223930214256,-0.05955689146125198,-0.05195645161259895,-0.05472803224447774
2018-11-20,-0.05288513879389313,-0.045804876445865665,-0.041381159828873984,-0.03671854418811954,-0.04041834005453533
2018-11-21,-0.07675218931296787,-0.06645546012318229,-0.05842157190291307,-0.05170260691699911,-0.051789389391742865
2018-11-22,-0.07253383982785101,-0.06241431928916354,-0.05883209362856076,-0.04940825326388997,-0.05077641401758394
2018-11-23,-0.031051635167562815,-0.02780651124088909,-0.03048604444379197,-0.021602130272954972,-0.03319945488205626
2018-11-26,-0.022209284252348326,-0.01829407954431066,-0.02296266041707179,-0.011284899935204293,-0.01755757482485385
2018-11-27,-0.04725387767017364,-0.03363969847477206,-0.043766632581941474,-0.023340435964703275,-0.027153364604408033
2018-11-28,-0.06438306390734401,-0.05490786839767117,-0.05441009752097358,-0.03498828610767704,-0.0456346628888527
2018-11-29,-0.05754756803846317,-0.044696112756621935,-0.04169136269550014,-0.030242062569279183,-0.038908457049740434
2018-11-30,-0.06626784827074268,-0.04879369829551751,-0.04501792861303549,-0.03248163166869176,-0.0430378821799537
2018-12-03,-0.09911307975236172,-0.08464119989347764,-0.07766693446276383,-0.07035237056771196,-0.08208209794539476
2018-12-04,-0.10709547635368917,-0.09754206916205367,-0.08494162481141693,-0.0800583687315764,-0.08979959285439974
2018-12-05,-0.0783742976768196,-0.06202553616629444,-0.05525784301179519,-0.04803579806294062,-0.07084719016905097
2018-12-06,-0.03652241214377176,-0.021759616505978487,-0.023566898047769742,-0.01624665507003755,-0.03975682388032304
2018-12-07,-0.038412117170978484,-0.025675845178502337,-0.019351675571426624,-0.02291437871769033,-0.04258941428791902
2018-12-10,-0.01835122131229297,-0.012805823696288429,-0.0035176970980187092,-0.010378733540056747,-0.02899530071100356
2018-12-11,-0.032652003856014224,-0.017077051417678554,-0.018815503454361338,-0.015419707320773137,-0.04067695760231911
2018-12-12,-0.019861297465415283,-0.008546477606731027,-0.017167934134206704,-0.008869352072070779,-0.036147018170157856
2018-12-13,-0.03274693785990719,-0.020157397912111272,-0.031685519327071185,-0.02703635303345433,-0.0543205214302655
2018-12-14,0.00510735124580827,0.014255443005639792,0.008134967609440118,0.004162295617807925,-0.016509294419494315
2018-12-17,0.0006908999393230793,0.009340374822348783,0.011010960206239553,0.003190557132662157,-0.005979688570530568
2018-12-18,0.0017482319631869356,0.006979007158980245,0.009358953214970597,0.005312510959357328,-0.003998889549696008
2018-12-19,0.024706768633634107,0.029311465660338838,0.033009247186741246,0.02476378812209638,0.021960564369890172
2018-12-20,0.02456867035082371,0.03175294547748063,0.03592194026403243,0.0256577600476738,0.03092812274332813
2018-12-21,0.01994603276965735,0.02740387865085277,0.02652307229430757,0.02430459979188649,0.028304172153873895
2018-12-24,0.013485908214523364,0.019505755703668835,0.021318437340289435,0.020512755159864216,0.018463208450817045
2018-12-25,0.03353220923799832,0.040789628072595216,0.040652184935502184,0.03953171698909892,0.026054926381484177
2018-12-26,0.03125132006093075,0.034322964011894504,0.04324367259444068,0.039502029477909525,0.030174803517785394
2018-12-27,0.03402032327096275,0.04356812141345161,0.05328855063854687,0.043774179990595415,0.04235335269031366
2018-12-28,0.009211898650887255,0.020957604050299138,0.03738662050138671,0.03379862686795171,0.03318484502450886
2019-01-02,-0.004857718809152803,0.020122556484558147,0.030044955649198766,0.03285907198193263,0.038867955158243664
2019-01-03,-0.02301446946708169,0.007109870521075959,0.02488942482709905,0.028289710454656027,0.04892674217239491
2019-01-04,-0.013891133891850548,0.010005498467459913,0.01885882817837718,0.02702410057285824,0.044679406051117934
2019-01-07,-0.00526013597379283,0.020042396048760465,0.026674779540572062,0.029857373901208878,0.056905168266687164
2019-01-08,0.01491160367660815,0.037871034307229406,0.0366749996713069,0.04044696616755909,0.06613190920439578
2019-01-09,0.032483745784806846,0.053676361041153184,0.053943792910811576,0.05420475610779584,0.07502848310839441
2019-01-10,0.03958793412404125,0.061101795815429946,0.061314669324355746,0.05631859306785396,0.08793833942985828
2019-01-11,0.032453600868284554,0.04901206480106794,0.0440052357386604,0.044606558012256825,0.07077857542951047
2019-01-14,0.08315018814639151,0.09133570433347418,0.08461556435159456,0.08123395802792426,0.11085854595673017
2019-01-15,0.08205323282931416,0.08155939623409537,0.07550394502053377,0.06707384836054858,0.09161824879036996
2019-01-16,0.09095770767704159,0.08940857115033946,0.08107066125774277,0.06839031728425453,0.08788159769674031
2019-01-17,0.09949287214533965,0.09037684520476238,0.08817738941284003,0.07723703957544742,0.08890073621767353
2019-01-18,0.11320006631697595,0.10601542760824645,0.11241340013065838,0.08874078734588363,0.10019423215082589
2019-01-21,0.17123791666229088,0.16223730779396842,0.17331037373520705,0.146515146603911,0.13982405974943823
2019-01-22,0.19712688795038877,0.17971740867455474,0.18775758584219324,0.15423396679147097,0.15062040813619668
2019-01-23,0.19434795434599048,0.171390806268044,0.18781349672436853,0.1549540262491177,0.14269747049125256
2019-01-24,0.1911873688336406,0.174328398869817,0.1764600705266402,0.1453510511312897,0.13837763751785623
2019-01-25,0.21322601167597616,0.19787648734819321,0.18472218725706366,0.1588321966422721,0.1520326740132423
2019-01-28,0.26234432124886786,0.21752021187201595,0.2099792958596229,0.18158804061320055,0.17750928706001787
2019-01-29,0.3351859679779356,0.2742354059294815,0.2577222213156018,0.21486921228323258,0.2049221005847341
2019-01-30,0.3998958489116122,0.3236970704026653,0.2834957024152338,0.2522839168498537,0.2277578012987771
2019-01-31,0.4629590363100731,0.3588564524566764,0.3127307982717004,0.269551223443409,0.24693946903459174
2019-02-01,0.3425587772965376,0.25894946772388544,0.22558852687483458,0.19576036898962665,0.1791699834266389
2019-02-11,0.3414407104764404,0.26937429113169264,0.24328528751005682,0.21083766175926597,0.20327149108514356
2019-02-12,0.3334025880509248,0.2647053937761829,0.252617187415085,0.22592670890427122,0.2256582956226597
2019-02-13,0.27807553344224967,0.21497855269270058,0.21136743341633005,0.16928683283676377,0.1828058506012763
2019-02-14,0.22741927179736315,0.18387758197287046,0.1671205374235827,0.14873476789984238,0.15048591698234484
2019-02-15,0.24491454602899065,0.20429560403937572,0.18972621440278825,0.17688382860746693,0.16955248637896242
2019-02-18,0.22428894990659135,0.19340637516205816,0.18469739304495633,0.17055626141954533,0.1625489408329577
2019-02-19,0.2138515632007283,0.19255916825166813,0.1903511893208354,0.17211810942308467,0.16743692644335315
2019-02-20,0.20704860407376172,0.18371574516307657,0.1890043251209446,0.17473806640225392,0.1671557573269363
2019-02-21,0.2294535739480327,0.19795430797596336,0.2021376916820199,0.1890836977911316,0.187354442012846
2019-02-22,0.19183000051496696,0.17833014052541907,0.18282192928453803,0.16824631688176642,0.16718735022790418
2019-02-25,0.10943853687248845,0.09770889244457416,0.10436037568759837,0.10251003121488315,0.10372081879778929
2019-02-26,0.0715630479180592,0.057163746819679236,0.07183273689221648,0.0853285170274851,0.08218685272893586
2019-02-27,0.07682377358676361,0.07072851640140433,0.08166697383960315,0.09205816624285316,0.09788630180809234
2019-02-28,0.05697242716542255,0.05309176172276052,0.07249822701499538,0.06774069942861906,0.08184339666678415
2019-03-01,0.0831487527192911,0.08396771475265906,0.08910197860819563,0.09034916903798611,0.1014353920351403
2019-03-04,0.10120585023619356,0.11366230256183103,0.10543903373846904,0.10354779521579058,0.11917745288829722
2019-03-05,0.07792995693058086,0.08284983333175072,0.0937831609962681,0.09041684412600783,0.09306380032344436
2019-03-06,0.058792545687036894,0.07183423118316119,0.09072185739963129,0.08668033216261452,0.08843319169958433
2019-03-07,0.042753817182697926,0.0695715219773259,0.08531668195293074,0.08271608677131431,0.0891794371047235
2019-03-08,0.09650059325582257,0.12181669719841623,0.1402623391186505,0.11936703645777531,0.11848096571885534
2019-03-11,0.055416829694094186,0.07121586808184964,0.10749406119644958,0.09235266407620078,0.07323160296895401
2019-03-12,0.034856843773015414,0.058788607134807526,0.08895018350451452,0.07334995932373653,0.056187170600519705
2019-03-13,0.03645791573346417,0.059394062342489305,0.08390676476985025,0.07739532754104324,0.0484137465308203
2019-03-14,0.06467784944508867,0.08613296728627175,0.09892009733307039,0.09909733229809865,0.0728109837525569
2019-03-15,0.04041695722031321,0.05740790110831622,0.08102860548068913,0.06871554669985615,0.0513639418274272
2019-03-18,0.037605083340280385,0.05142207075474873,0.06768428215565393,0.06439310442704996,0.04806860252048286
2019-03-19,0.04239013692627281,0.05925882282048498,0.0749733593097637,0.06423687708666248,0.04839463816334967
2019-03-20,0.03518034214367868,0.04990148943506674,0.0629483331804517,0.0654611347586268,0.047564043198816616
2019-03-21,0.025460929696212282,0.04974930598330887,0.06518634154684431,0.06004088923023391,0.04136440469954788
2019-03-22,0.00955556098610845,0.021064455277995244,0.039026654069604,0.037799945166831724,0.03194614372790066
2019-03-25,0.005337544635875271,0.02192347949450789,0.031525799973111765,0.03313926209528058,0.03298064609052584
2019-03-26,0.04868762338679088,0.06391601504392053,0.06527574044893407,0.06085639079983468,0.06765160949094273
2019-03-27,-0.000542092492612036,0.007899744913373558,0.02591581897400895,0.015956517552506447,0.02445481562628602
2019-03-28,0.001714012415321628,0.006189685942333602,0.03099528510550081,0.01859886622508875,0.026740355738876512
2019-03-29,-0.06300348321062059,-0.05195778107925285,-0.026176121160688768,-0.03240321706945571,-0.03249287344426478
2019-04-01,-0.09396752505568354,-0.07837196837553503,-0.04923363738587165,-0.05754271365590041,-0.05798437551412154
2019-04-02,-0.1720005303988227,-0.13917634814947996,-0.1296733702296717,-0.1254629085132469,-0.12587313167751166
2019-04-03,-0.17040989506683682,-0.13613244017603182,-0.12845644282444185,-0.1225391090538698,-0.1298881012721223
2019-04-04,-0.17559732616080415,-0.14409246536395223,-0.14610282838331834,-0.12423036173422174,-0.14528512715656336
2019-04-08,-0.18084342285819804,-0.1541850805308039,-0.1432116658002405,-0.1374945361948213,-0.15423228655053878
2019-04-09,-0.16228997014758165,-0.12340422964204656,-0.12604859859718925,-0.11405739865063075,-0.11381524489453865
2019-04-10,-0.17595687973576551,-0.12973619697237965,-0.13927533413893903,-0.12076803754006968,-0.12090677842251694
2019-04-11,-0.16601550920859856,-0.12300461091811568,-0.12753402283650467,-0.11028241223636728,-0.10884350864454596
2019-04-12,-0.14848816369763498,-0.09746676607064099,-0.1109445401119755,-0.09432650895691928,-0.08835598542866387
2019-04-15,-0.13035612555653023,-0.09377424296395058,-0.08541616479949495,-0.08271170021287633,-0.07676326971256422
2019-04-16,-0.17775329655573147,-0.13681832895378862,-0.14205561605868253,-0.12538084397166077,-0.12713562098811487
2019-04-17,-0.19537632021006568,-0.14948629383405482,-0.14942074083288526,-0.13055919159366947,-0.1331527735440568
2019-04-18,-0.1753146307257977,-0.12500326100377657,-0.12873534104394732,-0.11951916105209084,-0.11091236260590795
2019-04-19,-0.18457772157153443,-0.13943803812633984,-0.14050080717770472,-0.12813751679470317,-0.12303327303162893
2019-04-22,-0.19344228657952828,-0.14239443624505432,-0.1455900850795579,-0.13446618455171996,-0.1281686867345693
2019-04-23,-0.18786487683664388,-0.13328171728243254,-0.13349990648688512,-0.12801148576009921,-0.13236798575562522
2019-04-24,-0.18071725223175142,-0.12084990939754667,-0.12187620957636175,-0.11420697438737262,-0.11567912142163085
2019-04-25,-0.14704009319847985,-0.09069214750904885,-0.09048926952258537,-0.0797629314436842,-0.07889204754747009
2019-04-26,-0.1317644482489496,-0.07825352079751437,-0.0811106246890861,-0.06552463194581677,-0.07583156633645412
2019-04-29,-0.10673877678951098,-0.05263200636785695,-0.0643005181469089,-0.0490996571474791,-0.06093851832338091
2019-04-30,-0.10985225326383868,-0.06824974805497656,-0.07288068659641188,-0.06286210243908374,-0.06903207649208203
2019-05-06,-0.04855398139335319,-0.00858975840151912,-0.014392969789838589,-0.002542367806133308,-0.005711079474098332
2019-05-07,-0.0739522291525624,-0.033358895044282785,-0.032265972789152095,-0.030908528483107232,-0.03641275265866324
2019-05-08,-0.07135025917641276,-0.03632072290571565,-0.02493306608527809,-0.02909274070587678,-0.02352787162558053
2019-05-09,-0.08409680405005332,-0.046594971213765886,-0.032992203721448655,-0.034418571073809426,-0.03206163429644382
2019-05-10,-0.10328346199773097,-0.06449742726476931,-0.0479393344912513,-0.05986519857274059,-0.06203740876922659
2019-05-13,-0.05798966760920258,-0.021771060120724484,-0.008384095006238284,-0.017520983510465278,-0.017863107180561687
2019-05-14,-0.05049774083662587,-0.019872120266595242,-0.00815859597157427,-0.014811369394378283,-0.02226016184683612
2019-05-15,-0.06111651117745599,-0.038970438361494976,-0.020145478447493533,-0.034481781712143424,-0.039824095815978774
2019-05-16,-0.08669270230726726,-0.06559788695722091,-0.04809011755829551,-0.057960565166668906,-0.06014172878883217
2019-05-17,-0.05468950948808506,-0.03180872311890832,-0.01729784484366135,-0.019556191170770305,-0.032344475634932
2019-05-20,-0.04732470220761774,-0.02956414080071524,-0.02216936815591396,-0.019066428540242035,-0.020071548622449645
2019-05-21,-0.053785722947480234,-0.036503727251233534,-0.027719736143009578,-0.01824366281072916,-0.028283324062669778
2019-05-22,-0.03576605032934189,-0.013113575621156743,-0.0035401009068567997,0.0031206946219934713,0.0028632499851879135
2019-05-23,0.007790703942934761,0.022554493155454013,0.03048161139134602,0.03288815423691314,0.03548731374086072
2019-05-24,0.018239863862145475,0.029340976395183616,0.036361448901575694,0.03868504008047428,0.04490120516290781
2019-05-27,-0.013089553191763439,-0.005291034293826623,0.0035580875598155096,0.002729019432898373,0.011177084201103488
2019-05-28,-0.015221691390301736,-0.0008972003069334852,0.0009963942654506754,0.0019186330826303423,0.005630349696267811
2019-05-29,-0.003982398263825139,0.0004163606442902305,0.01298449901906387,-0.000261421444526208,0.024045813844086522
2019-05-30,-0.010925085504032052,-0.006139153932166691,0.004688864092549452,-0.0022583427827830103,0.021247216855773937
2019-05-31,0.01982202201022091,0.02340682669172367,0.03125565742052126,0.02405950726201318,0.056990796915784986
2019-06-03,0.03770050184978717,0.037786861502312405,0.038352054302889065,0.03823055683901094,0.06661769642183706
2019-06-04,0.04278323912174375,0.045834547517004214,0.03919701515939235,0.049159370808823925,0.06731711879273265
2019-06-05,0.04003393998673224,0.04250967457989406,0.037970348402705,0.044843699254711517,0.06365582657656635
2019-06-06,0.07325949879719029,0.06260802109952913,0.059065755142747235,0.06588913647699,0.09424725370633616
2019-06-10,0.025261725681540483,0.015527242955054608,0.015554036687954588,0.020413466734179066,0.052133937498221525
2019-06-11,-0.005014006152013471,-0.014591497942511591,-0.01165256027677668,-0.009747824497768794,0.01003424081256374
2019-06-12,-0.010896162952189708,-0.012680296130162604,-0.01857400142298863,-0.008720703490113097,0.013282646593982287
2019-06-13,-0.01770359583378471,-0.016249038003122263,-0.013671080375132953,-0.016740853022156013,0.008421455602691167
2019-06-14,0.0034811940169777143,0.006236728373683795,0.007988633118456628,0.0062405112133566655,0.03241884668970887
2019-06-17,0.007935794976014253,0.010601700619783959,0.026028348568236104,0.020908238501944308,0.04872495918228089
2019-06-18,0.01183601539419991,0.016563740176287155,0.02206139577959968,0.03077312340423663,0.04771512632719241
2019-06-19,-0.005661939804610662,0.005085245481361043,0.012283789759059515,0.016299720710906532,0.0332262522717754
2019-06-20,-0.034523505161397974,-0.02708745677695811,-0.021779179373524644,-0.01890652644205274,-0.0049738112799339596
2019-06-21,-0.04949943685907683,-0.031193247409427537,-0.028641012367665312,-0.023233975729390142,-0.009442696928359601
2019-06-24,-0.07271709927115864,-0.04919149503272154,-0.04970372748549774,-0.03841420978367188,-0.03850245427209457
2019-06-25,-0.052941631438506595,-0.03387851893030028,-0.030096784430180646,-0.022350406949836994,-0.021521920944736917
2019-06-26,-0.043077261998085876,-0.0253257872831426,-0.01875790253936532,-0.014898595151556891,-0.009386681855280516
2019-06-27,-0.049112818010579665,-0.025612903980041176,-0.024713407631601403,-0.018543702995767332,-0.015418816629587172
2019-06-28,-0.032546724799490875,-0.013852449765683358,-0.01024679642822031,-0.007918066551712111,-0.0031982513851068033
2019-07-01,-0.06259986699104106,-0.04195097202417359,-0.03500307713681927,-0.03750615441752832,-0.02848888232322883
2019-07-02,-0.06397300980806926,-0.035167388923794576,-0.026997728841439635,-0.029453222890032077,-0.03106174521229531
2019-07-03,-0.05319338567848139,-0.03401680730855457,-0.030385671362770785,-0.023863096763200652,-0.02996145451783302
2019-07-04,-0.05260178517330193,-0.03964537715640096,-0.03055633031780417,-0.029973237439667913,-0.028792668975000886
2019-07-05,-0.06841550074917611,-0.05231797729231047,-0.04735211238475936,-0.04661627666043567,-0.0496226645160054
2019-07-08,-0.05007984837156718,-0.030714742203658187,-0.035403937687845326,-0.0254790669181454,-0.028947933407310833
2019-07-09,-0.07946990991899798,-0.05558588234342433,-0.06205919681396026,-0.05000972857912965,-0.049859096159649764
2019-07-10,-0.06835888431566096,-0.0499688944129764,-0.060512121068357655,-0.047934480103083404,-0.041600522241551974
2019-07-11,-0.06152018707637442,-0.046469139214674465,-0.0501134023334376,-0.046220756034774726,-0.030224983883774186
2019-07-12,-0.07017507926082801,-0.05545534996346831,-0.06784113516202188,-0.05857251054624079,-0.054441331266512176
2019-07-15,-0.058253712931133295,-0.048863504491892695,-0.06601152548275885,-0.054909127415398024,-0.04806434748076719
2019-07-16,-0.060727299504949275,-0.05551385499862857,-0.07267402157944884,-0.06288136601928322,-0.05318133744560552
2019-07-17,-0.05037275275125809,-0.05026699366159501,-0.06827372704004932,-0.05568999636092055,-0.051248426416995035
2019-07-18,-0.02956794623499351,-0.0336145417507441,-0.047406787998699206,-0.04435027001035947,-0.02618580889772804
2019-07-19,-0.03253330026412638,-0.03526700013291179,-0.04568719433655275,-0.04929335029978874,-0.027520089683638407
2019-07-22,0.021478180042754157,0.017882900972747712,-0.005868053765762471,-0.0002394469514854479,0.02798965835327675
2019-07-23,0.008480210293858408,0.005591201588745481,-0.006465738352238613,-0.004341428424735004,0.012301363489383946
2019-07-24,-0.003806496171359127,-0.005855412181353933,-0.013523479692276965,-0.01320700667711133,0.002752571543358533
2019-07-25,-0.005576500064700179,-0.003144247341284865,-0.01345327197377275,-0.012543272831525787,-0.0022002992437956956
2019-07-26,-0.005721098371354025,-0.010195576821966238,-0.013736733197007885,-0.012819690026308778,-0.00503038393676745
2019-07-29,-0.012727315008070846,-0.007644548820463757,-0.021344222831690535,-0.02132381046827688,-0.010767603650373771
2019-07-30,-0.00012885151845064855,0.0032403825729960837,-0.004703854068111334,-0.01175786605050319,0.0022641246347913095
2019-07-31,0.00017489922205438959,0.011120105807376362,-0.0027835744806579002,-0.008473817673035575,0.008154861991524903
2019-08-01,0.0018954101383717678,0.010645262353087359,0.005732629136060626,1.6355913661929258e-05,0.020253636076138757
2019-08-02,0.006464754114645577,0.013556932041673998,0.0093814148454962,0.0037103937814367623,0.028724932800804927
2019-08-05,0.044730921657747495,0.045609254056477005,0.050785690878728834,0.03839280572947434,0.06833633901544296
2019-08-06,0.08616414340377786,0.08054194661464205,0.07692567705150168,0.06763346745161598,0.09608717726590113
2019-08-07,0.0965460158702746,0.08974486093916374,0.09222444614478033,0.08419237163173367,0.10993666666902091
2019-08-08,0.09050551485410287,0.09315339571477564,0.0941828393603851,0.0894907856188307,0.1151596307482347
2019-08-09,0.10697313507150964,0.10898108620139457,0.10622309047520656,0.11425496178438285,0.12882179255292764
2019-08-12,0.10858613818426324,0.11172409988552395,0.1034057442241271,0.11619315395978021,0.13212035783550297
2019-08-13,0.11826473312990397,0.11753628117219637,0.10525762231606095,0.12442079543545165,0.13794015401605408
2019-08-14,0.10341628067414986,0.10196496349700397,0.09815592370136171,0.10846503015425467,0.12697002217584888
2019-08-15,0.10148213713966037,0.1034418195968431,0.10214203265890658,0.11319341194765407,0.12602888271454554
2019-08-16,0.09612578002007564,0.10930054832638617,0.09328645124858942,0.11668391898272405,0.11811216209089401
2019-08-19,0.0419664810116853,0.05247460995247855,0.04087011295901849,0.05461562917240177,0.06100103320808864
2019-08-20,0.042831645827638265,0.048207169777621545,0.03881068579361971,0.06054063431796483,0.06045018773842858
2019-08-21,0.05487715754551733,0.050292515873374584,0.05531957190439278,0.06526148367901594,0.07064073133113412
2019-08-22,0.05210379305711278,0.050620742716496886,0.053300027495857376,0.05625409903126789,0.07758318651994188
2019-08-23,0.043840476472847716,0.04438181281087816,0.042916096004750305,0.04441406497284146,0.06993731532682984
2019-08-26,0.054987162948309104,0.053714954850438784,0.04785014860990015,0.05817163198028326,0.08014717523726404
2019-08-27,0.01335626963271116,0.01934591251547371,0.012120483293625242,0.027047586438060368,0.044760360568629545
2019-08-28,-0.0079871209322878,0.0033807922231469207,-0.00314020274895932,0.00510449425138595,0.01873302167439187
2019-08-29,0.0033927749318972294,0.00882905519039888,0.007126826577370706,0.0097509856092844,0.024322271805454845
2019-08-30,0.006299297174541563,0.011459356612504067,0.0006923538721717796,0.015992572969947858,0.019041618387187355
2019-09-02,-0.019411314828613073,-0.006614331077793558,-0.0161869294848472,-0.009769843606912321,-0.003663402587664403
2019-09-03,-0.018952469741907105,-0.0037723301692866584,-0.01388370703340164,-0.005352813102111285,-0.0024167382558583886
2019-09-04,-0.019621987946033037,-0.005179444150316858,-0.014684542242511445,0.00042401985349633137,0.007274011064477248
2019-09-05,-0.02366602413233669,-0.00959835124635658,-0.02101751214464262,-0.0056385112704166645,-0.0035067974420193307
2019-09-06,-0.00919497100811063,0.0009438652947365477,-0.0074630002613346805,0.0018002882453241737,0.00469413965847343
2019-09-09,-0.042586900477813626,-0.021552514785595136,-0.03415837232087012,-0.02050101194852448,-0.026685062271480674
2019-09-10,-0.05420306343961833,-0.030309581516740954,-0.03742181511058567,-0.025482365755001353,-0.02495197875825452
2019-09-11,-0.04880034970726583,-0.02935890333458989,-0.03326863278208684,-0.026614097925147944,-0.016683939463971363
2019-09-12,-0.0629200276972266,-0.046094575918074955,-0.05164701600009253,-0.047277588254247827,-0.03206366075075072
2019-09-16,-0.06621463848128684,-0.054034871250010906,-0.052161239130257,-0.05347514550374579,-0.03932536482253141
2019-09-17,-0.036330158470096914,-0.01803098307105584,-0.024049210655791464,-0.02162366970875845,-0.011809215926383116
2019-09-18,-0.041806768155077334,-0.023627575459122068,-0.03022661643275877,-0.03369946921686438,-0.02391604131752489
2019-09-19,-0.049849569128830144,-0.029757729742804336,-0.037523264565301785,-0.0412662531120538,-0.03796718421500747
2019-09-20,-0.048805364519053006,-0.024702092738676053,-0.03285825871570558,-0.03916718451507988,-0.0268616700121631
2019-09-23,-0.024037970471210743,-0.0008330258418068935,-0.007852396686480493,-0.01259469257301317,-0.00446475389499604
2019-09-24,-0.0359557787120217,-0.011101196552662108,-0.020813858312735127,-0.029563517056151522,-0.021950119454849877
2019-09-25,-0.03229261466348463,-0.009102595616327815,-0.014939040819423939,-0.022966669158530167,-0.011813309598436864
2019-09-26,-0.018002765157270173,-0.0004256130613344484,-0.002710777682861103,-0.005544364291607169,0.008669647958061908
2019-09-27,-0.019662341268007498,0.005010962935956944,0.0008088677053988599,-0.00587319072214214,0.0163087689442621
2019-09-30,-0.009957885449791093,0.01955676894331208,0.014275862195614178,0.007661729446052852,0.03918818202304983
2019-10-08,-0.0038458403844513407,0.02155280269898257,0.014808540964298143,0.018881739147955004,0.04252244786325912
2019-10-09,-0.018649548531396404,0.009745309667552425,0.003758208262226007,0.00241555610953821,0.021327027900765905
2019-10-10,-0.020033882816740466,0.006443859466740938,-0.003806923071023094,-0.0054394368016260925,0.0062157795767125105
2019-10-11,-0.025005097367733556,-0.0013882316503032593,-0.011754883380315459,-0.007518473505025184,0.0023550236466663974
2019-10-14,-0.06445502050678735,-0.03672576945434967,-0.04958075391995759,-0.04744710505470122,-0.030881314101722825
2019-10-15,-0.05063441615876042,-0.027591811987754917,-0.03807513199817879,-0.03822232480737375,-0.0161398225248792
2019-10-16,-0.045309125796331395,-0.028460298517559036,-0.04239023309851737,-0.03285962150733699,-0.011374185552518585
2019-10-17,-0.03846868341561507,-0.023801307072546535,-0.03345262184214607,-0.025937408222764156,-0.002017947725878413
2019-10-18,-0.04111673266549093,-0.021071504326074277,-0.03358325492666381,-0.014782076217286385,-0.0018474260200195811
2019-10-21,-0.03361424204831753,-0.01111459549884431,-0.026020539111029223,-0.005498089484953759,0.013820823415399532
2019-10-22,-0.02535100251922903,-0.00591085524226987,-0.02098804024772295,0.0019327938304606422,0.019264757479629017
2019-10-23,-0.0203196730582286,-0.005487538285382102,-0.017272752695481435,-0.0008891558485289637,0.021898567784919998
2019-10-24,-0.016568371329880396,-0.006065268829395603,-0.023224612704228684,0.006374632988730051,0.018193210518122168
2019-10-25,-0.01898690364250537,-0.019725106655283015,-0.027324095340518405,-0.011417627226957416,-0.01324067417029209
2019-10-28,-0.021519417504817197,-0.020321513584399487,-0.03470205346497577,-0.033453982833697354,-0.046668177398004634
2019-10-29,-0.015340310800563124,-0.016223476709185124,-0.02134896257916389,-0.01955767833359986,-0.028875475363055857
2019-10-30,-0.0068450889809549,-0.007063333851260136,-0.012274821632468961,-0.01006528626223956,-0.015171468125824723
2019-10-31,-0.005472513576479856,-0.005268388137515278,-0.011026224203613669,-0.004600589508804551,-0.010715919652964909
2019-11-01,-0.007514754533618957,-0.017389015557474723,-0.01804013037057174,-0.015643363963967444,-0.023638594837253554
2019-11-04,-0.006449352825897801,-0.024776166426923877,-0.024066218133073414,-0.019224329134465513,-0.026479131188460268
2019-11-05,-0.012537418261479855,-0.021549159358002896,-0.02439168213659435,-0.017142342865947933,-0.02681523400886428
2019-11-06,-0.003067027527257441,-0.01854585717204185,-0.017065923394172695,-0.005784765466712142,-0.018610269671945352
2019-11-07,-0.0013628966897107715,-0.014413430106648018,-0.00949479959819639,-0.009088290262893938,-0.008324591616353443
2019-11-08,0.007523397122982804,-0.00751012986463099,-0.0045078829111526225,0.003727194367738471,0.00209411049937656
2019-11-11,0.036581809212876557,0.019750446192817052,0.026046510606126092,0.02492782999261439,0.02797045619526948
2019-11-12,0.03532607117451625,0.01795773875573854,0.025743829617289285,0.028092482035289867,0.037173925681943255
2019-11-13,0.04009016060680907,0.023645093633601493,0.025361161785063552,0.029990147914389823,0.02792421901802392
2019-11-14,0.030946212308864393,0.014450538661248461,0.023857661309067323,0.02087752073468566,0.019275843649583214
2019-11-15,0.05286135790479723,0.034966746436338215,0.04619098173742094,0.049792600895978735,0.043681847656790736
2019-11-18,0.0591740916186087,0.047473944208309665,0.05165586266190075,0.05782570396300505,0.05302791560927972
2019-11-19,0.0591504712947698,0.04337947070575407,0.053381515199398204,0.05695990876058224,0.04073468339375596
2019-11-20,0.06283067698177701,0.05224235466398077,0.05917750239547112,0.06532050189966954,0.04709559865371583
2019-11-21,0.07002418831362639,0.056750835962029,0.0680342858566698,0.06467232874087321,0.05331774671623835
2019-11-22,0.06237194307456711,0.057693076238240146,0.05815830791475167,0.06915857687100979,0.05990889811093034
2019-11-25,0.03671361401365368,0.028035440726734914,0.03268561968010343,0.05078665769128832,0.05095123033699858
2019-11-26,0.06020580934932748,0.04230445954884342,0.05544084320433532,0.05771015033729323,0.0672489296095198
2019-11-27,0.06002276429708104,0.049936840192794756,0.05445563152310721,0.06440974531214452,0.07130260449855857
2019-11-28,0.07835455626630541,0.06107019717633843,0.07098224942105893,0.07771856258253616,0.0755425184440816
2019-11-29,0.07369302855708645,0.06169054345658557,0.0599242155579936,0.07020953995995353,0.06776264192190459
2019-12-02,0.07980812470946257,0.0697525236928342,0.0763967470216877,0.08128389224631848,0.07242020773571324
2019-12-03,0.08222631999400198,0.07465602219831852,0.0724365782114437,0.0804526263648562,0.07585111632776997
2019-12-04,0.0993562661143511,0.09133350942614177,0.08870884087996421,0.10013198009569811,0.0990382527550071
2019-12-05,0.1026642853752506,0.08901680568731205,0.07877204647435362,0.0971988203614517,0.08518817640192734
2019-12-06,0.10377487450602753,0.08963108458226798,0.0860851193767518,0.09881583138460108,0.08261052794430454
2019-12-09,0.1100270192828756,0.10460878921016159,0.09597028063266498,0.10979099058370234,0.09477752108895209
2019-12-10,0.10145706629176551,0.08873008293492868,0.07425096967424986,0.09720268535232827,0.06571092374534501
2019-12-11,0.11688169994677017,0.10226866200355281,0.08758728605995136,0.11218918635827754,0.09221719173388054
2019-12-12,0.1114390170082933,0.0926000957294081,0.09557628086665558,0.11019797513825946,0.09141591219063676
2019-12-13,0.11023445517560411,0.09183064818316608,0.09187008680324628,0.10664041300166374,0.0899522426191766
2019-12-16,0.10082115365886417,0.08074261021670741,0.07815627320561487,0.08148519728335651,0.0650043451345135
2019-12-17,0.07348264537385238,0.054019326679190266,0.05285783718923378,0.06600282255475798,0.06230473824614945
2019-12-18,0.05750827563897249,0.051165809299905995,0.05114010499218064,0.06111716223480421,0.0689538709142703
2019-12-19,0.04100906881241059,0.0427135723778156,0.041927770093905,0.057413354271659785,0.07115713238317672
2019-12-20,0.055533257135033036,0.06055496073989555,0.05391745140826163,0.0810787232805566,0.10357790978014786
2019-12-23,0.06816964687960073,0.061159809726020545,0.06604836668177441,0.08542978579556851,0.11356181952088958
2019-12-24,0.053183972631262316,0.042055507823711445,0.06330641211100728,0.07109639220667746,0.10383907773556969
2019-12-25,0.012363533042602516,0.01569633309199123,0.027567002426852127,0.03162139077055584,0.05522239480450102
2019-12-26,-0.08817091053790771,-0.07912329401437865,-0.05941525407909248,-0.05839017926309574,-0.03996848112728302
2019-12-27,-0.0951075046509028,-0.06125493554576943,-0.054551084498103246,-0.04324109347034192,-0.007335919265847694
2019-12-30,-0.07262000452827268,-0.04916857850068557,-0.047246432589894985,-0.026699836585497835,0.0023149968130399706
2019-12-31,-0.050928359166616366,-0.037602146878598544,-0.022797917940136858,-0.009915131196224041,0.025406015623497848
2020-01-02,-0.061767679088315916,-0.0479353148703023,-0.033941847802542294,-0.02255065665196496,0.01933763817794272
2020-01-03,-0.05566669224357055,-0.05088322170162056,-0.021514786567302786,-0.00941907654824124,0.025105009481349052
2020-01-06,-0.06943687383849143,-0.0657500387412337,-0.03547125485682654,-0.017417950286743266,0.02170959289619915
2020-01-07,-0.06837265396414663,-0.06326621548747123,-0.03365460711812427,-0.011304586543741259,0.025522528505410667
2020-01-08,-0.06234919256323829,-0.054698135169507944,-0.03493817744173224,-0.012536177561645101,0.03860869599468179
2020-01-09,-0.08485125016198286,-0.062001198875078205,-0.04240148256986877,-0.0226723781849886,0.02803400627415315
2020-01-10,-0.04815996543205001,-0.02989186059102889,-0.015153072411716154,0.010660521566308739,0.06054103297649016
2020-01-13,-0.04483897669850256,-0.029591617526769642,-0.017818437814494978,0.00634709311787684,0.0630869619979811
2020-01-14,-0.050824772977126904,-0.045262179399512624,-0.02359778126143454,0.0009417677176513386,0.06412941723228921
2020-01-15,-0.036865484616200435,-0.019034484341899145,0.004900965278921299,0.021218902747654214,0.08704784558827593
2020-01-16,-0.019368975385211384,-0.008290053950633279,0.015123477756465676,0.03276959519361389,0.10427764478249743
2020-01-17,-0.010230276824804232,-0.0020128382466825753,0.02649605439643892,0.04678074215329658,0.12582642073327116
2020-01-20,-0.017658173887103966,-0.011920872527821022,0.020219898185869927,0.03220707389564321,0.11207242406714016
2020-01-21,-0.012964360323516621,0.0026745262605564904,0.014764761578842074,0.0249942630538913,0.07357455251592918
2020-01-22,-0.0029570122115914156,-0.0009828633273053756,0.011013970059684372,0.01895788186597661,0.06365079564855039
2020-01-23,-0.014122833590367055,-0.017940487545405972,-0.011017144525792418,-0.003477245594599502,0.05391272049139126
2020-02-03,0.11331729126477137,0.1199628379218946,0.11924739947787008,0.13601530271553436,0.19454056368644415
2020-02-04,0.14059070435513404,0.13334127126744647,0.12177743926757602,0.13414017054972993,0.1813132355315004
2020-02-05,0.12201729903482629,0.12151917849253582,0.09589845128293316,0.12511858761318662,0.15700776764561059
2020-02-06,0.11730469652146172,0.11340985355907406,0.08763698556629379,0.12111789440211995,0.13785465847110612
2020-02-07,0.10122425778977921,0.10883799361056713,0.06931361491542039,0.10740466081131035,0.11382089346972434
2020-02-10,0.0571384549514689,0.05345268443187564,0.038909114454690315,0.03928170678709956,0.04859587107729159
2020-02-11,0.07818436366234346,0.07732378127897085,0.05870922800133187,0.06520281998676614,0.07761232829119402
2020-02-12,0.06098436684987712,0.056581805796758367,0.036460740853915326,0.032549367935961915,0.0367337437976209
2020-02-13,0.05677163167583629,0.039953628902868375,0.031774801286202574,0.025231052585857377,0.01433715569424731
2020-02-14,0.04424871658239886,0.029797713890498654,0.01315521342984999,0.013683064766755734,-0.0012270558313313496
2020-02-17,-0.019116060240422703,-0.03007437513668767,-0.04415720813123657,-0.07072111599568226,-0.08745261933028546
2020-02-18,-0.04119853658135533,-0.03464471359860153,-0.058739940040867175,-0.0822906017410112,-0.10056326349698794
2020-02-19,-0.05822705848326421,-0.048418255788365484,-0.062090798675915604,-0.09066128125507297,-0.11034415360150142
2020-02-20,-0.06832262447443528,-0.07053052692505918,-0.08218869681180521,-0.10862689875317301,-0.11803166810951898
2020-02-21,-0.060497939622769885,-0.06385514585681096,-0.07498226146445178,-0.10642651035950298,-0.12632547048776285
2020-02-24,-0.0912451241556378,-0.09524908579185064,-0.11047563997029605,-0.15343284107298574,-0.18609608191525495
2020-02-25,-0.07566050218639907,-0.07028832966391853,-0.09258135967468177,-0.13695781540457969,-0.16879251645717805
2020-02-26,-0.06142995871013889,-0.05350952269324837,-0.06883417823597586,-0.08989212389320252,-0.10760866280225019
2020-02-27,-0.07273080973321418,-0.06643633118230508,-0.07373800374896104,-0.09879743248759042,-0.11729348899161118
2020-02-28,-0.025058880140136266,-0.020517926077140293,-0.024384941596583328,-0.05526193034236401,-0.07885102675435735
2020-03-02,-0.0802087466206005,-0.06817889159705459,-0.07265249597760153,-0.1069853994245212,-0.13107294727706428
2020-03-03,-0.08695250653786571,-0.07690379293621277,-0.08528350242486579,-0.10787665851231353,-0.13372772424195725
2020-03-04,-0.10550782982421264,-0.0921973987199536,-0.10141307294481883,-0.12155980386051672,-0.1295106982986746
2020-03-05,-0.11194970754208859,-0.10066764538730265,-0.09940520070683631,-0.11905647643629085,-0.11820496208318197
2020-03-06,-0.1144082270362097,-0.10065490112117845,-0.10075143416577284,-0.11790279849224788,-0.11209019352863696
2020-03-09,-0.06368833380453902,-0.053449264692375376,-0.0437968355559518,-0.05739191397905599,-0.03818477751949834
2020-03-10,-0.07954795705365882,-0.06431695081654212,-0.06365284442968039,-0.06680999357390859,-0.06719525771671017
2020-03-11,-0.06871242568953544,-0.05564373218665268,-0.04545411298081068,-0.04942749376742475,-0.03902575022075805
2020-03-12,-0.07143308257125111,-0.051704678543761214,-0.04201745816166102,-0.04661349340093546,-0.03959572605553559
2020-03-13,-0.0746270130846402,-0.04388254784309964,-0.03653532456076958,-0.035552698285177785,-0.04139637387877786
2020-03-16,-0.028396072511323915,0.0020301201088647122,0.007881069980311609,0.03024980631875855,0.04729862465481558
2020-03-17,-0.027384267010401586,-0.006787513359884251,0.007592078173551077,0.028824579322049453,0.04840289854796986
2020-03-18,-0.007614269841554939,0.018798127533413832,0.02960808297164683,0.05149248998438328,0.0690454870944983
2020-03-19,-0.00656249142135132,0.016139887201653907,0.025517921301252952,0.05748236921226367,0.0703389709111796
2020-03-20,-0.014242880297616192,0.009562339663337163,0.016699396071533104,0.05526747967429276,0.06910548816139167
2020-03-23,0.0144269235168745,0.03493750118679847,0.04998286708963338,0.0809527079709987,0.12170886022036176
2020-03-24,0.00577748204763034,0.02848174123939498,0.03236165720842672,0.06782284429481746,0.10772705673868993
2020-03-25,-0.01624443290924998,0.011146822474477439,0.013266673730040479,0.032242157853146755,0.05922507408731248
2020-03-26,-0.02603421990535687,0.015478118475445233,0.005858733817503633,0.026995307927324887,0.04543659048146638
2020-03-27,-0.032019819584966726,0.01122819535240266,-0.002407123286302156,0.026121119632632618,0.055680363010357156
2020-03-30,-0.033084264457413776,0.0022786149790137425,0.0006738662986691916,0.03888283378835237,0.08873606530362226
2020-03-31,-0.03666820016761387,0.0025516091178070036,0.002979766809546837,0.031949876644526906,0.0839670783377205
2020-04-01,-0.017278760188813094,0.032222147524579935,0.02842144736606626,0.0585885229999896,0.10699356976450922
2020-04-02,-0.0211792300636889,0.02624840402752676,0.024374304869341338,0.05338161363287327,0.09868271146051674
2020-04-03,-0.017396232852613977,0.026431193045586963,0.024362417519233112,0.06051528160519005,0.10574468403001636
2020-04-07,-0.031857556586979585,0.0070067911134077876,0.0002671774801738218,0.04375268923572646,0.0812230726686871
2020-04-08,-0.03656256145020272,0.00020165043216727364,0.005065166298130804,0.039452308119939106,0.07894106956794675
2020-04-09,-0.04945703333351712,-0.0049511407243555796,-0.0010835374808779153,0.025152615589157788,0.07758944662740999
2020-04-10,-0.029546341299517005,0.011921530802220392,0.015103754955325663,0.056243756317716255,0.11098081608032966
2020-04-13,-0.02551841471895169,0.011872523784554497,0.015607782391746101,0.04288519923444463,0.116523712432874
2020-04-14,-0.036544443977233304,-0.0021631305349126043,-0.006818390139416187,0.02095986195442116,0.09571584943767981
2020-04-15,-0.029397179790314417,0.009340015539164066,0.007579331664383277,0.021218816497710145,0.07568169668161447
2020-04-16,-0.02626621965248379,0.017703179474443328,0.008126160493552971,0.028792194817455444,0.07898227150631394
2020-04-17,-0.02305080306311441,0.0018092285344302014,0.0005465917705296085,0.020953080087787568,0.05542737358844654
2020-04-20,-0.037149363818286395,-0.003392364037715747,-0.009480302460987087,-0.0038741040641204613,0.02015154895323684
2020-04-21,-0.04404485748732247,-0.008740214881076305,-0.01838107940298642,-0.0153467345454667,0.00676128847388595
2020-04-22,-0.0516643511213829,-0.020481838349246127,-0.01933286282533466,-0.030790635998968873,-0.007799168746849437
2020-04-23,-0.0401261906883689,-0.004595332281277573,-0.008623734696937333,-0.0037929613378567583,0.028970196389556595
2020-04-24,-0.024632776944282717,0.01075686417093866,0.004804494998071318,0.004572399189736675,0.031243518387654913
2020-04-27,-0.023308888749152615,0.013084016490897635,0.010239960608039455,0.008957537946568735,0.02437940761909684
2020-04-28,0.004183508809902484,0.042361434674617726,0.02236879491791528,0.02165831145868497,0.02987410376897979
2020-04-29,0.03874478542840583,0.05383716166706476,0.04563978619937874,0.05635227979177034,0.06447822975295603
2020-04-30,0.02749069875218764,0.03968455936076125,0.027378893365388537,0.037976247994141475,0.03497287070108707
2020-05-06,0.01841118532826874,0.026834901079251246,0.01126624548494686,0.019637092405040177,0.017015751026146973
2020-05-07,0.030297972370256405,0.030673777600627554,0.019406340954395817,0.022073797669184922,0.014195488556480881
2020-05-08,0.02390550890895583,0.022005254966962307,0.004140702984739842,0.012298381593495982,0.009118680601646615
2020-05-11,0.02065153269889125,0.02106976588634579,0.013181890207553247,0.008221167130663471,0.010321431455460365
2020-05-12,0.030759016506987258,0.023989620137343588,0.02776437868799549,0.014336956079961098,0.004430305547024557
2020-05-13,0.02117785225789407,0.013313740866979331,0.026994813000148204,0.003862225483974051,0.00290299189029591
2020-05-14,0.023130442700818807,0.01669740179350105,0.025271529013836436,0.01596734772075028,0.006210907905129847
2020-05-15,0.02144366548362873,0.015460988307560217,0.02734614754471882,0.01240936842381799,0.004535283059383587
2020-05-18,0.0218883961363869,0.011665577979093336,0.022534616482792695,0.008881852145360065,0.01361691681371195
2020-05-19,0.027586437014467974,0.029778588169492543,0.018488769961008324,0.01725791454123711,0.02563263952704716
2020-05-20,0.036860688408190456,0.03911590519177077,0.026465309598229188,0.03470210910594167,0.046273201868757254
2020-05-21,0.048653760086804235,0.04623506197991248,0.034921781965407676,0.04924088718225136,0.058999145800817235
2020-05-22,0.07073542296856916,0.05850792422732867,0.05799847971748702,0.08084271532906935,0.09666992878501936
2020-05-25,0.06206289293580867,0.05826951197570259,0.06218064178035215,0.08943204986723959,0.10315061687155588
2020-05-26,0.04400970950374865,0.040662359317165025,0.0560259212880337,0.05907196103420568,0.08887410062831891
2020-05-27,0.039220183043659484,0.03593443887041888,0.04928827379846212,0.07015040482544463,0.1066029960385621
2020-05-28,0.028416095079577843,0.03305120698256833,0.03176583683679097,0.06925380279116453,0.11322050483746773
2020-05-29,0.03215029181684998,0.03434294961830083,0.04785613225104843,0.0790859004998873,0.12429903888604645
2020-06-01,0.01321590150055436,0.023798286755812092,0.04093900117413257,0.055894272872972744,0.08090073585032569
2020-06-02,0.023992115692632307,0.04359937947807027,0.058057076351360606,0.06856984992131938,0.09965730825558902
2020-06-03,0.04461532287592591,0.06668820167432128,0.07584273713993366,0.09165992105622778,0.10356309440100685
2020-06-04,0.09060202925321015,0.12424705996259576,0.12923040799288257,0.1370827487421073,0.13624970403728706
2020-06-05,0.08705671388980422,0.12138310375841319,0.135158232832616,0.14476989522752304,0.1620178950788857
2020-06-08,0.11312014209611118,0.14351175808252128,0.1634095043670022,0.1737019454831483,0.18999818683469039
2020-06-09,0.13354081623438474,0.16923459715055467,0.17657698847983538,0.19576743491964688,0.2186140099833291
2020-06-10,0.1336781602273272,0.15091825171471754,0.1695247946245255,0.18610543314096037,0.21750610332214376
2020-06-11,0.16328743428164438,0.18756200870001563,0.2132724699568884,0.23213049583428694,0.2634549772249665
2020-06-12,0.16059439151092772,0.17696318951190823,0.20106638061231294,0.2359961973594119,0.2397403222435423
2020-06-15,0.1311754443179724,0.15579282986463194,0.17037656864014417,0.22071957443142182,0.21033401764806636
2020-06-16,0.07846630015979378,0.08838057952830411,0.10878650253140336,0.13987459865698268,0.11101498044960255
2020-06-17,0.06419747018432147,0.07420909807466505,0.11070379124223075,0.1327163173270235,0.12619129805616255
2020-06-18,0.09629717384847483,0.11957947420055384,0.16093300064616695,0.17084926153746738,0.1445081639392399
2020-06-19,0.10237459341019058,0.11944460444984524,0.14306266025459968,0.16193273119026771,0.14504495554460828
2020-06-22,0.11134033189940262,0.130750290090368,0.15252978227643296,0.16062079470125964,0.1519549575524542
2020-06-23,0.11545103605009663,0.1220179914909548,0.14841941887847218,0.1591767458325405,0.14933486690280187
2020-06-24,0.09082081479830173,0.08720841920977483,0.09377099155724371,0.1126313432636747,0.0787332461787284
2020-06-29,0.10059161526045926,0.09602762624782632,0.11227499091317339,0.12126746089503761,0.08009374449595585
2020-06-30,0.09386724083522498,0.10470462380525579,0.09790317511343624,0.11389354872650767,0.07537130305378166
2020-07-01,0.11446315925408244,0.09706809698640292,0.11120742289006201,0.13927787786273685,0.10937078058537632
2020-07-02,0.08942361574429503,0.07424379632900949,0.08862804767962154,0.11477861807167646,0.10054837190447664
2020-07-03,0.06563079419689916,0.0666061583108035,0.08396099262926379,0.11047393213565926,0.11384129279567469
2020-07-06,0.04062167076213036,0.040267021062822934,0.06343863338353697,0.09253589147290478,0.11695332729447909
2020-07-07,0.03893310639927683,0.04940148064994312,0.06221700300898547,0.06859771449348231,0.0766010526429746
2020-07-08,0.02714094943322127,0.029796530436919513,0.04324925735079413,0.05801408347937462,0.07145721497828791
2020-07-09,0.014862534167525643,0.013192012140749172,0.010207007642144515,0.043383637653041165,0.029642637042053385
2020-07-10,0.020535675899475435,0.015318536620040131,0.016593123235247812,0.039234221935942386,0.005367193785226048
2020-07-13,0.008836153950319583,-0.006625236907388034,-0.0033290407040301702,0.010427306741031176,-0.03062427904152663
2020-07-14,-0.005646218648746342,-0.016024642112327146,-0.013651565188198864,-0.005110240481135591,-0.03165376362657856
2020-07-15,0.01768695344364926,0.00739914373300369,0.001757053749608031,0.004338127268913417,-0.031668508639981226
2020-07-16,0.055791034691542354,0.0620086861680047,0.05020304318431223,0.05424411568994356,0.03348505246103425
2020-07-17,0.0664747337248199,0.07709308916453904,0.06145263872180463,0.05726008564883725,0.03305646070934019
2020-07-20,0.05244335111071448,0.048379097451484054,0.04291238664757859,0.045659728176536914,0.029140274065695294
2020-07-21,0.055021712380211064,0.04702404471934988,0.058690717634764765,0.04519718005758595,0.024682716192530728
2020-07-22,0.04577365613577404,0.03546067976102977,0.03997147212556521,0.0177056393808743,-0.012048660458156604
2020-07-23,0.038101038472657424,0.03306063648383994,0.02411885680050189,0.003790899091621149,-0.025944736684462157
2020-07-24,0.0756613641350626,0.06691613876788365,0.08045580447815272,0.06860151440928482,0.04347257575728392
2020-07-27,0.07717573804341281,0.06500223203171313,0.08613787844000416,0.06799769245909397,0.05645870579005843
2020-07-28,0.06119267587994286,0.05028210808094743,0.06531676894225183,0.059805947170513185,0.03302963596788587
2020-07-29,0.02558253654260935,0.01678532879167076,0.027940675987220512,0.007691988821597438,-0.02582387868030686
2020-07-30,0.032486111658315386,0.025731027543693795,0.02906024359266733,0.018316436168031067,-0.004878320049079207
2020-07-31,0.037064356039634795,0.034156043376029205,0.026511082247322324,0.030276822745507012,-0.0037869740044822915
2020-08-03,0.012723423397884258,0.002834294344179798,0.0041465600923700765,0.0007654400838023016,-0.031196108077040888
2020-08-04,0.02044856908371221,0.007829925875401742,0.013900549142599092,0.01079926976242533,-0.01740228233446978
2020-08-05,0.019510017985987074,0.00337050030050134,0.006305291325716343,0.0015043156612777873,-0.031254913327351135
2020-08-06,0.01345696466322367,0.0010702768601290515,-0.005225701818414259,-0.011339918149243563,-0.035451127318262686
2020-08-07,0.021801447651235227,0.010378492880931438,0.00024075514351717367,-0.0040814873287899865,-0.02947269081780328
2020-08-10,0.003695394101966683,-0.012573127689038066,-0.018033244592640156,-0.03406207644024619,-0.05513093770923448
2020-08-11,0.03763527122582901,0.01715498340126069,0.012828356101568341,-0.015307141491997836,-0.04410108040089395
2020-08-12,0.023717224639368584,0.016862539198193117,-0.007881416529580292,-0.033472838875583194,-0.06451801457569627
2020-08-13,-0.012916256675398351,-0.020631572937045085,-0.03161159696208394,-0.05488279059040891,-0.07002990894480715
2020-08-14,-0.014732038513315457,-0.021917311694873716,-0.034346454329378204,-0.04700678806005904,-0.0615014017195319
2020-08-17,-0.023624498940589784,-0.034360322753559845,-0.051658636789678886,-0.05771187945819825,-0.06516587413741738
2020-08-18,-0.0252622537444213,-0.04119845206532683,-0.049216834682257085,-0.057778699812702054,-0.06416787563162721
2020-08-19,-0.019594935318430397,-0.03599755783253912,-0.034509397403427275,-0.05348587411075152,-0.047254364621046666
2020-08-20,-0.00996741654838977,-0.02346297780554118,-0.024808643402524522,-0.03589314453921832,-0.031594194024560124
2020-08-21,-0.002279744699161868,-0.009720612061513006,-0.015998811348713088,-0.024808984632892772,-0.028349710932891868
2020-08-24,-0.006973600959027286,-0.0173095320770282,-0.01698863274776504,-0.0371099160929762,-0.04480402491220812
2020-08-25,-0.018688632695857764,-0.02441730099330535,-0.032197176708294986,-0.046465393237104774,-0.048345841568712085
2020-08-26,-0.0013884604077899956,-0.010620142474538605,-0.009952780361373481,-0.02407184693770794,-0.012648171440175191
2020-08-27,-0.032759016036997254,-0.03655939014745588,-0.047277261227568174,-0.05006491478282537,-0.05283406897451308
2020-08-28,-0.046608373769693595,-0.05382634953299761,-0.06102473682680748,-0.06761831142827822,-0.07312360897967525
2020-08-31,-0.0519968073308566,-0.056352773905182146,-0.07146010746129715,-0.07875593724617933,-0.07787616340393279
2020-09-01,-0.05002437026117077,-0.05852922602692678,-0.07069458406106541,-0.07796853225670528,-0.07482291715550977
2020-09-02,-0.06263221244892545,-0.06081891857086254,-0.07653180185648523,-0.08054523287953884,-0.07330866490090199
2020-09-03,-0.037192972305209314,-0.0365064773792568,-0.044823121186680484,-0.045252188292857,-0.03067559206062403
2020-09-04,-0.01630419153599768,-0.011059846428085848,-0.010014299431184856,-0.009513718045957714,0.004973658741137625
2020-09-07,-0.009847046894290638,-0.005546228815844159,0.002521773197444978,0.015549492672109845,0.04708884010927256
2020-09-08,-0.03355851886993646,-0.024399853645589394,-0.014697557474552127,0.002422028205637129,0.0503998369676989
2020-09-09,-0.030424437254610092,-0.01701687301161283,0.0020820272222203205,0.030041864926706782,0.08506543150388968
2020-09-10,0.0019160804481860177,0.007119066966742776,0.020894695275797463,0.048345964238232064,0.08539790724496348
2020-09-11,-0.002017747573284916,-0.0048151236848997326,0.004759587637299616,0.024529775116548656,0.04338559910989366
2020-09-14,-0.005207415888909786,-0.004017132181328885,0.00994306885048861,0.023497811107268844,0.04320098313246323
2020-09-15,-0.011390213077178326,-0.010457303286048231,-0.0026860584860452287,0.0049021639547190635,0.012117557237800473
2020-09-16,-0.014566995598156883,-0.010157649841901657,-0.0021826364886076517,0.010721199721784858,0.007101733083370416
2020-09-17,-0.01895305846324399,-0.016422745910303602,-0.012378920685365363,-0.008026517667705698,-0.02037943943722488
2020-09-18,-0.035002791944308685,-0.038958356769994124,-0.03185673699092756,-0.02934217635627437,-0.03265110269202636
2020-09-21,-0.036132919070888884,-0.035708220006147484,-0.03165442923533405,-0.025222237873647035,-0.018353830516852708
2020-09-22,-0.01871688948082274,-0.020535131264947274,-0.015546749567648009,-0.0009558610254595671,0.0017890330447887395
2020-09-23,-0.02487191930567275,-0.020612463938529637,-0.018068071899504667,-0.006464100480850398,-0.0026307675013262726
2020-09-24,-0.022859197873657467,-0.014518381550830793,-0.01864954853485824,-0.0053208110538700195,0.004696948084738388
2020-09-25,-0.027052623644340412,-0.01156273015461286,-0.009532085201280512,-0.0007133519539207555,0.018445519416394968
2020-09-28,-0.004342271021883704,0.012495245461667564,0.019170066886829103,0.03464339094694159,0.035122946988663487
2020-09-29,-0.006130332353084649,0.003920845330616163,0.007769538968867651,0.024676795451658167,0.0272268946437045
2020-09-30,0.015354115532875506,0.02922710684882674,0.033316685349682865,0.041436283248751433,0.04984924153869739
2020-10-09,-0.010766549628416597,0.013190637285286237,-0.0063419223312573825,0.009400071059037724,0.0049651775173518735
2020-10-12,-0.020012621964401834,0.013310506303486043,-0.013406495910965674,0.0009228765457817705,-0.005327660312413653
2020-10-13,-0.020585134534817483,0.007711179786641472,-0.01890976462123567,-0.008228784641242768,-0.027204971323374592
2020-10-14,-0.014472773374534002,0.008843374624494936,-0.013712781228188716,-0.01658092219165371,-0.04264569042521458
2020-10-15,-0.009982196106187516,0.01640877767036247,-0.0032325285427317737,-0.009552948836898752,-0.028568517158397536
2020-10-16,-0.009581390758038624,0.010298853928538772,-0.003972977115465413,-0.007327423396444918,-0.022263693299595117
2020-10-19,0.0036664973325181744,0.032076682366859496,0.019418848392505624,0.014900157617052394,0.0008049504415374893
2020-10-20,0.005371835591508106,0.020659038820991984,0.00924591927846377,-0.004098067513304019,-0.02428442767066431
2020-10-21,0.011410061002446351,0.03627455112567929,0.023369175406366235,0.0025355708721215456,-0.008870707123688449
2020-10-22,0.013780111963940344,0.031068847010794542,0.02769074935598596,0.015127901118323657,0.009661374307359787
2020-10-23,0.024892985988058707,0.04955464720279203,0.04461420085546045,0.03678475160497203,0.04974643868203019
2020-10-26,0.04253077562540873,0.06882322851157846,0.0578821064073672,0.04397047878658978,0.05573306879809051
2020-10-27,0.04329431075355464,0.06749831573142584,0.06936276766257092,0.04238761244582916,0.04139890083829165
2020-10-28,0.035844863177122516,0.051223781703105604,0.05249959557351008,0.01946648617562588,0.0061613105422808215
2020-10-29,0.040527123013592826,0.05020057609272989,0.05227882007383734,0.011981521339647451,-0.005256188010564046
2020-10-30,0.06091806693110249,0.07687576392008665,0.07447387647873645,0.041514802856846646,0.018953209800877356
2020-11-02,0.06925722622391763,0.07330196164593226,0.06950465123778445,0.033105149247643365,0.006467377339463105
2020-11-03,0.0609928005988764,0.06783734995580941,0.0649302322578749,0.02303088753257259,0.012923869772767065
2020-11-04,0.06405976244735899,0.07485864859092468,0.06300154143720935,0.03716115474104116,0.01184676697550696
2020-11-05,0.04546720154622884,0.05203932691350596,0.03685878480430101,0.01418707044519956,-0.005649871069912028
2020-11-06,0.04744212933085836,0.050032985326089754,0.04687289208146942,0.02117346750889608,0.011711701491707862
2020-11-09,0.02189891481253704,0.021603409236213088,0.01719165457082903,-0.0008382159639831904,-0.01102566876062203
2020-11-10,0.021554286907757955,0.02252431715904393,0.020320766765950668,0.0085213822274338,0.007137417670303151
2020-11-11,0.013766761910285487,0.006355727119086616,0.009887691086060201,0.0032327578556167877,0.009706709717600225
2020-11-12,0.01029507912755649,0.006582180640405846,0.0058128300446106985,-0.0005241791973851407,0.008509225949365118
2020-11-13,-0.0027965131551072313,-0.0011640836403580808,-0.006970682892422655,-0.013458501679232014,-0.003752785404976884
2020-11-16,-0.015770016684924903,-0.022596603032785326,-0.017332376032382954,-0.013337175353486446,0.008606852827975825
2020-11-17,-0.02389692987469264,-0.019585234825659548,-0.01014895094677864,-0.0068403299321252685,0.02965397447022657
2020-11-18,-0.033856109722359445,-0.03150620597764427,-0.022248161887467303,-0.007499756119552515,0.03347349449893201
2020-11-19,-0.02094759109952589,-0.015958745545754216,-0.012334402625976884,-0.002884180094311459,0.03177024475248744
2020-11-20,-0.028499540187562886,-0.015183533180872939,-0.026439913511267586,-0.005766576162530547,0.01646496961722992
2020-11-23,-0.03815416498201903,-0.019785584787556296,-0.01664285816799051,-0.0018178460441406591,0.041355520168208364
2020-11-24,-0.05986234075658402,-0.043784097201123785,-0.034181068140404634,-0.026958098470931828,0.025922548128838444
2020-11-25,-0.05188241081769246,-0.024994532836523704,-0.013821857536789918,0.0004602225492295796,0.06572660077975792
2020-11-26,-0.06214530079566558,-0.03996601873085658,-0.02372370493143055,-0.009504011109994352,0.06350384811916461
2020-11-27,-0.052877690157843486,-0.033504762103812764,-0.025656091524570032,0.005004809982052562,0.07516210942128819
2020-11-30,-0.06395573386494259,-0.02606913106396307,-0.027135723640264856,-0.005261196293664407,0.08165985853476884
2020-12-01,-0.07611748363860235,-0.03843502704767375,-0.04730013264811023,-0.03226862317150265,0.04700708175940661
2020-12-02,-0.07487390862914343,-0.04307625062922707,-0.04522749676724959,-0.010271971757988206,0.05602809594241982
2020-12-03,-0.06748648011931127,-0.03290319145427717,-0.027818002193770217,0.003235062103196921,0.0822818842790663
2020-12-04,-0.0621804258630747,-0.025724354101487816,-0.012678677039857075,0.01919013692116229,0.10618889136625088
2020-12-07,-0.0578235757994711,-0.015006131316118198,-0.010324253735544357,0.03932464164982083,0.11644885003723862
2020-12-08,-0.05623057387494651,-0.025558631150616812,-0.009418237312134812,0.035367176655904,0.1047019032688003
2020-12-09,-0.057561649765659716,-0.027195453390243624,0.0025133220020182433,0.050411174967386604,0.13545053785718933
2020-12-10,-0.050767867171772785,-0.017442776468468365,0.0024726541494135505,0.04918864675793893,0.11840796389601753
2020-12-11,-0.05868316989565762,-0.028453940074770017,-0.004823373091133309,0.05252420105414915,0.11969527719992673
2020-12-14,-0.046672999164729945,-0.02566516975444288,0.008167704913931893,0.041937778766334234,0.13688947649576585
2020-12-15,-0.04693898918575326,-0.02985224157449026,0.00019417593696226476,0.0292630987538653,0.12264433305494819
2020-12-16,-0.026623270352071883,-0.024748183211349587,0.0005984183848307628,0.026087498766740855,0.09803916982919773
2020-12-17,-0.03472216281871459,-0.02768404460011046,-0.010648563424654828,0.012820915333245453,0.08336319801159472
2020-12-18,-0.033167861060241145,-0.01814428828761604,0.007582785629777035,0.026900215718012724,0.1083413174132496
2020-12-21,-0.033055113726568976,-0.020554118777551922,-0.007994478998050855,0.010790316437552058,0.05619741124863662
2020-12-22,-0.013562963833272204,-0.0007564833839255424,0.016636107484495143,0.04424205834410376,0.09808597187543605
2020-12-23,-0.011530915784609023,-0.003811177925951066,0.016978145218409426,0.04644427151730082,0.10588565539858166
2020-12-24,-0.01431696974039923,-0.009009390583354577,0.02914691505163145,0.05797564226190459,0.12525294996703923
2020-12-25,-0.029659959154761092,-0.03359709391847525,0.008951458247114812,0.049952581376082605,0.10976892112646135
2020-12-28,-0.026616734832365922,-0.027536253766624434,0.008342450101126895,0.02639432466235233,0.0870252904622555
2020-12-29,-0.0317080073796923,-0.024198699388597398,0.009960647162300969,0.045845016717037966,0.10936534504055426
2020-12-30,-0.042820227673087734,-0.035417342118604644,-0.013976408567383579,0.009892220857905865,0.056227534845941674
2020-12-31,-0.06389559852196289,-0.05669664019210916,-0.03614677876186057,-0.021214932836817857,0.023941719158703433
2021-01-04,-0.07126737379299361,-0.05881041323242358,-0.04494143729944025,-0.03275858980926389,0.008582372589280683
2021-01-05,-0.07066411013978721,-0.062037000904020416,-0.04121723961629546,-0.0351939331757124,0.01867782849734955
2021-01-06,-0.07219752007798905,-0.06271727878108908,-0.04982043007607412,-0.03877323630847615,0.003505394749458512
2021-01-07,-0.068372850604164,-0.062066655169200874,-0.05512888682542978,-0.048018938197282514,-0.026950814768337963
2021-01-08,-0.08194905025856562,-0.06711557995053015,-0.07847570866694785,-0.060767618383586484,-0.035544415439151794
2021-01-11,-0.06177754282946672,-0.04773636513254617,-0.04937192735839186,-0.03265452708834925,-0.009966044484841025
2021-01-12,-0.055748446497269,-0.03997355217880515,-0.03956874671536322,-0.03147125661520815,0.0017537996070055668
2021-01-13,-0.047153503353260094,-0.027100919124407947,-0.03229000025835081,-0.008644541092566366,0.019273280016618027
2021-01-14,-0.028195881794441158,-0.0102691161121399,-0.005025360535700528,0.017828892591744156,0.03531385963099078
2021-01-15,-0.0014135586440853357,0.009906328913751062,0.016838661706884576,0.03278858821463855,0.039391493022242
2021-01-18,0.009868293930877159,0.009342611055101013,0.012010376862976317,0.015001382827992675,-0.0034176190762398202
2021-01-19,-0.005178239239710638,0.000928430443029897,0.007092561516210584,0.020972378033796847,0.005288280225902766
2021-01-20,0.005447490681344499,0.001513588843790469,-0.0009312668968152115,0.0013525072627869957,-0.04356208029439049
2021-01-21,-0.001086723642844065,-0.0008858415276142897,-0.006081995250884994,-0.024635668251431684,-0.06284355123043707
2021-01-22,0.011878296258827758,-1.3953555431362924e-05,-0.012849537707894527,-0.03393953660461085,-0.09606609998322652
2021-01-25,0.04235915786637671,0.03068587601601737,0.013917766687529242,-0.006536138159019543,-0.08666163439105569
2021-01-26,0.04209570757967937,0.02723534347668147,0.017692130894860124,0.0030669113313277602,-0.069706074831225
2021-01-27,0.049791069088827716,0.04412709490479129,0.036755509468694686,0.01608485942958729,-0.060274598898014536
2021-01-28,0.053615217080590846,0.05551144713613839,0.04010436199672809,0.022168569719931582,-0.05889954557216749
2021-01-29,0.08058093921823996,0.06706779774187277,0.05454761422291511,0.038335768367863884,-0.04828638696056672
2021-02-01,0.07795682879194152,0.05993750010517451,0.042313732333303385,0.00877610353450687,-0.09943033098521767
2021-02-02,0.05768931787863828,0.0440011601668839,0.02185302481176226,-0.024657013507365114,-0.14665141595103218
2021-02-03,0.05735251501409864,0.03992223830843037,0.0190886715720831,-0.014743888336026488,-0.1295550437188354
2021-02-04,0.08741387744171862,0.07412774442839895,0.07163010395884403,0.027436170545258744,-0.09275092639265707
2021-02-05,0.09071885819505442,0.08467656161093255,0.09079176483461036,0.05193496969573847,-0.07295488341983503
2021-02-08,0.0933452006408287,0.08711587524318407,0.07898472831181877,0.03128096922620965,-0.09733830542183704
2021-02-09,0.09086499560663712,0.07680401756384216,0.07322034196359388,0.011459989406753867,-0.11840120220473997
2021-02-10,0.09196472350505203,0.06613726054370841,0.06319820354087034,0.008032053456486079,-0.11540552690612979
2021-02-18,0.061536182632149175,0.04077235613384477,0.03153685039660211,0.0016993045570279106,-0.1101015273819286
2021-02-19,0.01981260834398113,0.007469740865747998,0.0022726047428126813,-0.030839445091042698,-0.12465276788447362
2021-02-22,0.019841500964064902,0.014275436196668516,0.008707436886667586,-0.018443158894842465,-0.08880413191639777
2021-02-23,0.019722672995673787,0.012767319430510578,-0.0005820950820640534,-0.027680784699196388,-0.10398928533601609
2021-02-24,0.007001355156839837,0.005493018131392105,-0.005998572170736124,-0.02816289729258511,-0.09585352292874408
2021-02-25,0.012649230409635484,0.0011437386652557071,-0.0072665368515002875,-0.03021451003226194,-0.09076524552913072
2021-02-26,0.020052917165458022,0.024496087382161823,0.019666481135222912,-0.0007456051808752685,-0.039044011289745495
2021-03-01,0.00015212803916924865,0.009939412441596976,0.010187217896519288,-0.018199759394433516,-0.05738079701591553
2021-03-02,-0.008027839826436067,0.009381015074498447,0.02012219205214119,-0.02112631368766627,-0.031400222052370856
2021-03-03,-0.008490389471921824,-0.0006657342740539963,0.00286761508828518,-0.03910395586230545,-0.05768347244661299
2021-03-04,-0.005039147682717507,0.005458172274681878,0.010593771314948937,-0.013381461571809711,-0.00845318192193085
2021-03-05,-0.012149379772665976,-0.001950364554908864,0.002859758942260674,-0.012674468832787864,0.007745264759002467
2021-03-08,0.002745513997385678,0.005208191594684393,0.017919984733746886,0.01720801160895018,0.05709864296160828
2021-03-09,0.03406935780656767,0.02853098329709891,0.04388493979084834,0.0399957938197072,0.08590342202341752
2021-03-10,0.04622448860935208,0.04230328919437036,0.04395947303362201,0.04204782354714742,0.07577584006603462
2021-03-11,0.0303337695716252,0.021360605246119182,0.024678343996116434,0.016345619338882622,0.03460185228591016
2021-03-12,0.031609616912170575,0.01299028101498293,0.008554679099461046,-0.0037638954564628013,-0.0010286688928132035
2021-03-15,0.019600459956382068,0.0033931027115310626,-0.009098280591526045,-0.0018405445611409106,0.025259419524780228
2021-03-16,0.01355574912219799,0.005386668736512818,-0.004823153642126146,0.0020538508390958088,0.03839206367636333
2021-03-17,0.001322733683072605,0.007676622262599022,-0.004788192725697466,-0.0014266303131736666,0.022589630140587413
2021-03-18,0.022243172904227546,0.02279813485265585,0.009730399785663828,0.005102853877807344,0.008861346876429008
2021-03-19,0.036684451853900624,0.03171452802179838,0.026085106667163772,0.03053062794791349,0.05768837637390445
2021-03-22,0.014553382258812171,0.006803511291730601,0.007950822436010288,0.008300117150415384,0.051701939836279444
2021-03-23,0.01643992491991435,0.015941597281352554,0.009442186119086505,0.027011487586371057,0.07239312714259734
2021-03-24,0.020492808981948326,0.01884160340193547,0.021088608391791466,0.04690164960484241,0.10550827968847391
2021-03-25,0.00898629328684404,0.014982995710762037,0.016987809971369974,0.045584631779504,0.11072183825596682
2021-03-26,-0.006302242888366781,0.002215063818437202,0.00015426671482421096,0.0238823421333521,0.07166789122083342
2021-03-29,-0.012627166182995893,-0.0030913480031313596,-0.004904113859662692,0.015607411472827086,0.06903695339435809
2021-03-30,-0.003126022386638792,0.00676531768899589,0.0025558799799961715,0.025607052565040242,0.06639333077002771
2021-03-31,-0.008851725436806275,0.0009854605144962675,-0.0006873052126436414,0.03356397712916974,0.07231008202893284
2021-04-01,-0.024886167659929136,-0.005374719562360533,-0.015672611861517225,0.023774682515134097,0.058171317929199134
2021-04-02,-0.021358342598701396,-0.012243248719555429,-0.0016056045901043884,0.026612161002191943,0.04978970489697366
2021-04-06,-0.029904253478889704,-0.014296707540217024,0.0004902691805105988,0.00765460452677905,0.02790305597557834
2021-04-07,-0.035226919307860906,-0.00889758495007295,-0.002039794426059025,0.018854442378847484,0.03755877584649475
2021-04-08,-0.019531435009574532,-0.00039553643478013614,0.0031662719818655737,0.022509638991935668,0.02460042070006624
2021-04-09,-0.0054592157136406074,0.010198717122710036,0.014544864489964329,0.03315361491689772,0.04244054544956726
2021-04-12,0.007719019568421746,0.014492228133623644,0.006302626836375821,0.03569235667829994,0.06033905232310266
2021-04-13,0.027410642358906334,0.03577441312759443,0.03354920807851468,0.05263792214205688,0.07481946786255711
2021-04-14,0.005870894111913645,0.018107072580518524,0.013374529396636208,0.053262986822486265,0.07208339615502159
2021-04-15,0.015786266574930784,0.02305384619817883,0.02503650142029268,0.054561662682741936,0.07732047105256053
2021-04-16,-0.009018927438785802,0.004568864086351079,0.008258401721277205,0.037745555726751305,0.08180127398764728
2021-04-19,-0.0195991605016773,-0.007456921331308749,-0.004379867090303237,0.014908699786160606,0.04633421493535611
2021-04-20,-0.01930293259369423,-0.0007487997202760705,0.0019310105822715506,0.01157393487864996,0.040747690140595774
2021-04-21,-0.004066306920237822,0.0004549522318305489,0.017870527002679288,0.017196007390155837,0.03911134487481294
2021-04-22,0.009863356301457425,0.011840218459174563,0.019641157967518596,0.021850782741372102,0.0588757063503169
2021-04-23,0.027568557754365508,0.017553541198281678,0.027278599308342526,0.03662768683164621,0.05113162040320013
2021-04-26,0.04002697170020158,0.033995949357234774,0.03562902686262627,0.04788470452332888,0.06236960751075948
2021-04-27,0.041118135053180266,0.03607541133754115,0.03711514041418155,0.04714088993221699,0.0663962073635053
2021-04-28,0.04195474883324347,0.04528857700647058,0.03694205333800334,0.04794009543306277,0.06839275475502074
2021-04-29,0.0610304436703154,0.0411780328895319,0.03422780754924933,0.05659597303425432,0.06926848517210911
2021-04-30,0.047874623772714495,0.04929582985582582,0.03546077356779503,0.051672712565626756,0.05775312988279761
2021-05-06,0.05403706421234138,0.04275371425308953,0.030410315996129096,0.04776066245259065,0.04664797856449781
2021-05-07,0.055686949456894855,0.04603502145937819,0.03344366830344028,0.05454686500564474,0.07495588849222766
2021-05-10,0.06510175069571353,0.046030662593778846,0.028096917865872293,0.055494832000019305,0.0724082656032676
2021-05-11,0.05340542898139827,0.045645055534914616,0.023275108738437536,0.045369874467588035,0.06335229966457868
2021-05-12,0.045180813785921085,0.03186107782194206,0.01666722828545282,0.040650979500587575,0.057352408083969554
2021-05-13,0.049740989653372945,0.03183632642364686,0.027552302061744874,0.04827899357169317,0.09644255459031752
2021-05-14,0.028888553007141198,0.01558771760849262,0.0041128068553105065,0.02882451448365661,0.06884505613167796
2021-05-17,0.02292018788724414,0.010800149049333883,0.006202545837269238,0.01338024083823034,0.04587243879488928
2021-05-18,0.020866335716799585,-0.00033762656521442203,-0.00884579957548275,-0.009018737705741475,0.0028293654630562395
2021-05-19,0.036212702319995224,0.001200788552590273,-0.003575546195327672,0.007119162211398315,0.012420068477914603
2021-05-20,0.03618631852238903,0.01595264565271318,0.0024158344346452963,0.01768328459138327,0.03305852988249865
2021-05-21,0.05229510825600268,0.01047455677344426,0.019628562411206373,0.023732772810121906,0.04407171155623582
2021-05-24,0.04225318915875198,0.012459412020603588,0.017437969472121416,0.02362219920699046,0.050112607964586935
2021-05-25,0.03882819791742378,0.010004906932350772,0.00805907505140594,0.01956603281112071,0.04141614661558978
2021-05-26,0.030805350240772855,-0.008472029741008962,0.00488261579515882,0.013250852082793797,0.03417472653698655
2021-05-27,0.022541470999283587,-0.015745292055238405,0.012699116395815543,0.011439551005338574,0.038678374208496624
2021-05-28,0.025901607682712973,-0.003001868786720832,0.005894214121061438,0.022072978480594235,0.03864308794232395
2021-05-31,0.0016255440124183212,-0.008295833279388357,-0.009956077688099044,-0.0008078704080693316,0.020529208894378724
2021-06-01,0.000697929868860386,-0.002166116348192992,-0.011537676347059767,0.005081881335127443,0.020789781048321562
2021-06-02,-0.0024715264050933217,-0.007282193333762725,-0.015720767398978604,0.004705920382403133,0.018084350123218188
2021-06-03,-0.01253950841590149,-0.018136237331258607,-0.012057477662410956,-0.013561544368397961,0.016322151876586467
2021-06-04,-0.001852895025457721,-0.014962364932247613,-0.006550119586590332,-0.012950020632644225,0.027454377395185373
2021-06-07,-0.011213515094381461,-0.019883093289983826,-0.01433272081271483,-0.00860210624703779,0.017130175601465927
2021-06-08,-0.008978344630034229,-0.02119454986185972,-0.011232032506729071,0.009585859654494735,0.05659939966187281
2021-06-09,-0.009060138278240435,-0.02526342342780381,-0.017848222007856674,-0.0013223833359459459,0.04606243259139825
2021-06-10,-0.019490746360319826,-0.0192698566162501,-0.013560458364022285,0.008221541759235135,0.04388037518491905
2021-06-11,0.004939022193046588,-0.003769648533060698,0.0016544351126135566,0.027865915052151122,0.07035839706142612
2021-06-15,0.02115856070197765,0.0103906424146567,0.013000044975780235,0.04482369737365881,0.09427828603409287
2021-06-16,0.016401045416558974,0.005869167386311661,0.016844710131840027,0.056161190474525856,0.11547735979299356
2021-06-17,0.0010809734868715416,0.006930190421786715,0.00542545382248059,0.056254104930846,0.11502061854787797
2021-06-18,-0.0075590715074476435,-0.006113045732271941,0.004556441262289161,0.05604124107151795,0.10219410537632424
2021-06-21,-0.013472079179214039,-0.012459276157907402,0.0010667082022198346,0.049170475850906635,0.08156433113574346
2021-06-22,-0.011776111109298807,-0.016621244367999638,-0.008842825898180527,0.04881268110129318,0.07528755263743367
2021-06-23,-0.01491961118266496,-0.008379500883642055,-0.009032542283146478,0.05684866032146803,0.08697550463248117
2021-06-24,-0.009781215949035403,-0.00795142961431037,0.011502855695002184,0.0668216290307987,0.11225823553249059
2021-06-25,-0.021134737517532948,-0.012296964015728435,0.002271504046254837,0.0530473640697725,0.08296816822008396
2021-06-28,-0.04339718594503719,-0.02879498310976674,-0.016581152658885916,0.03586405545350918,0.06445531079770729
2021-06-29,-0.050719307515276715,-0.030571582199833434,-0.029361388796694702,0.017019190674837356,0.027340200678039096
2021-06-30,-0.07119101229271162,-0.054328807029167946,-0.04989822543898783,-0.007912991680331782,0.006411803133722547
2021-07-01,-0.04575015983739714,-0.037994826956545276,-0.025337689138642597,0.03986800539353324,0.05730295944188338
2021-07-02,-0.029934762702765516,-0.02868394272107113,-0.012623802452932662,0.051073826280396896,0.07653256089903465
2021-07-05,-0.019821631863547764,-0.02288439642191228,-0.0005156915286589738,0.05481269688187133,0.07928453227419825
2021-07-06,-0.01905581478421164,-0.022284873569372733,-0.0023513381846915183,0.038380871080003924,0.0626754899220025
2021-07-07,-0.01627872794296483,-0.014351505741758272,-0.005016168310799747,0.04961622500941258,0.06472920317085779
2021-07-08,-0.026266659503035923,-0.012956540914203667,0.008188833017022583,0.037040094849673584,0.07187727093987736
2021-07-09,-0.03138497601737962,-0.020692130783586237,0.0027917804933339754,0.036517034554490874,0.06415504082818113
2021-07-12,-0.03400032051162641,-0.009271147160431328,-0.0019344856055768117,0.03356575739210468,0.04350207200627377
2021-07-13,-0.0259521419025287,-0.0063374959330468866,-0.005997237719969978,0.041367877107586506,0.02851448481675581
2021-07-14,-0.01654532070479085,0.0030666893444054005,0.008041390178294205,0.06106166841766298,0.05446241189871732
2021-07-15,-0.00771438177846755,0.009692552837679096,0.01043619642841454,0.05539907681486476,0.04815990006676205
2021-07-16,-0.012289590123228791,0.0030085713543365677,0.02201221298899706,0.04774784243859706,0.052129444675508646
2021-07-19,-0.0039037779013610632,0.00455323233540271,0.025180461279329585,0.051222127335583775,0.042350745572599456
2021-07-20,-0.02489252219431672,-0.010495314793151947,0.007289206109437858,0.02423302776414455,0.01169526998691363
2021-07-21,-0.016104687393964513,-0.0048985742169648135,0.00967556600519972,0.031519275764798106,-0.014064243463889287
2021-07-22,-0.025980597842363506,-0.01202140844685389,0.0006242984401975936,0.0179808565618184,-0.012807055785988881
2021-07-23,-0.023467788371920272,-0.008944318759131096,0.0019763183819393798,0.019560896640856633,-0.008446176371244802
2021-07-26,0.010966621805608878,0.017823532115583483,0.028284255917158142,0.06263176237108124,0.032735961244441523
2021-07-27,0.027654590774449785,0.03528288828807837,0.051369071196182364,0.10341931068428134,0.09059443256417082
2021-07-28,0.049119123753051705,0.057043438569903876,0.08018245602353156,0.13343960379572936,0.12372470331727403
2021-07-29,0.027361554776046515,0.03890614340473667,0.0674634940709008,0.09508602933761652,0.0770885341726291
2021-07-30,0.02307586853619383,0.04194876639560594,0.057719337281798275,0.08856802312454823,0.0871478696297082
2021-08-02,-0.0013115472735930785,0.02104968463620991,0.04908458808068933,0.08181851987585688,0.0881244797492612
2021-08-03,0.0015188156013612967,0.019403076265679442,0.05855665865462206,0.10383132576195414,0.12012093868959292
2021-08-04,0.021186816825350067,0.025786385248890827,0.05619141744046882,0.06330119890171508,0.06657017570338414
2021-08-05,0.03380134510443425,0.0499239065711813,0.06129666679181632,0.09552796610503968,0.08895603250715317
2021-08-06,0.04748581622667403,0.06166999953827302,0.061945968585938004,0.0793466329114382,0.05245883988808258
2021-08-09,0.04129394678057425,0.05558849324909905,0.06510324539077775,0.07910037314883235,0.06661286355375684
2021-08-10,0.033909114621922865,0.0648050923564706,0.07476577404750369,0.08946942717991634,0.09242313682818744
2021-08-11,0.04919007712152803,0.0716360270869625,0.080934981382206,0.08899670795610151,0.08179025761595833
2021-08-12,0.048541647337399275,0.0740883700907793,0.08891207743483857,0.09421749809506345,0.08146735716281145
2021-08-13,0.048219587422681336,0.06879688992819352,0.08903124195679694,0.08268284241092072,0.09153241249907253
2021-08-16,0.04795211168892901,0.0756575005656066,0.08681459365170707,0.09337900303659542,0.12134286044057394
2021-08-17,0.05112142447478326,0.06633558164679489,0.09164415426256424,0.09557079575416083,0.15041512891775116
2021-08-18,0.04347189186711585,0.05612962847149066,0.08211946960735826,0.10183902274212629,0.14700960792873696
2021-08-19,0.03518488972859646,0.05110264353396308,0.06587213726912364,0.09536243635520927,0.09705765217839286
2021-08-20,0.04246916251679165,0.05184784287496982,0.07130756261198148,0.09474450284009389,0.09783801262006966
2021-08-23,0.03564696231084563,0.046036768846412945,0.06837229911849213,0.08592196579013164,0.07780109336988084
2021-08-24,0.05294771298082453,0.05770132569249547,0.07782273560672641,0.07486226998828167,0.05060425885979435
2021-08-25,0.03945826461284136,0.04109724585566816,0.05462932934398387,0.035768106638495896,0.01757196902533668
2021-08-26,0.03585362114093731,0.014053596605796777,0.03501765923011121,0.019556944287540283,-0.012425207600220384
2021-08-27,0.04723660371794932,0.02291544262872016,0.0440366630058747,0.023447060773980826,-0.027847265447182284
2021-08-30,0.029294946883042957,0.005016030571181445,0.008167990175794887,-0.016320614199224367,-0.07198263223972201
2021-08-31,0.03154055504458612,0.012872500964504388,0.018597088127786217,-0.012403303416172457,-0.04908536741105853
2021-09-01,0.031018707973645213,0.011898988997330086,0.03686200795245716,-0.003051287837784506,-0.03941677508275427
2021-09-02,0.028984988149393348,0.004427737264497348,0.023501173785039638,-0.019995601878067062,-0.06213212921017746
2021-09-03,0.007832088899534729,-0.014649728501599521,-0.002683088996835883,-0.029476763300460476,-0.06607591739839237
2021-09-06,-0.0025562557187735757,-0.028222115597283635,-0.01647208557842151,-0.0451582829581009,-0.06802976253196714
2021-09-07,-0.01617324308950841,-0.037093147522094756,-0.024623507398565107,-0.059812089431307065,-0.08248875177369601
2021-09-08,-0.0429836232589654,-0.05428800924730229,-0.045476934763463435,-0.05729503121980048,-0.07219530241195111
2021-09-09,-0.049144090403415865,-0.05536066016722852,-0.04021247276497119,-0.05796168771705874,-0.0638087465076029
2021-09-10,-0.03911040416782667,-0.04908258991030291,-0.026428882917879898,-0.04438302952487753,-0.0693624858162993
2021-09-13,-0.04812311964417342,-0.058633821095476164,-0.03304134112660714,-0.04866220020570561,-0.0706028230069587
2021-09-14,-0.03575099652696325,-0.039996278707183835,-0.018059717773079152,-0.03855865667036855,-0.07421375176346151
2021-09-15,-0.033460699113846096,-0.035715953302083936,-0.0352066492453798,-0.060282146135260714,-0.09354228208510292
2021-09-16,-0.022086557285465384,-0.03069507966638988,-0.017932780684125717,-0.031021391983538097,-0.04004496747022918
2021-09-17,-0.03241522715972222,-0.028324996625959838,-0.023817746060949628,-0.036721268333624074,-0.03132323885513991
2021-09-22,-0.04513767548186436,-0.05223421224264761,-0.04710402614156209,-0.05511286019591533,-0.03939030999043312
2021-09-23,-0.06971859238773631,-0.07076226681434611,-0.07740002974400229,-0.07264753512559553,-0.053464192626844424
2021-09-24,-0.04328241195101289,-0.0468324962536667,-0.045832202325292996,-0.04871406466936555,-0.03191826631887984
2021-09-27,-0.016159117091071963,-0.02011949261080073,-0.0175062319531798,-0.018298589717989297,-0.0033225001138859267
2021-09-28,-0.029299305576774508,-0.0294210981538637,-0.030554306410501917,-0.041155822059044694,-0.017686448272856963
2021-09-29,-0.00023814579960532584,-0.0027335731860776854,-0.006033749802701862,-0.011110309918582278,0.021452110827975095
2021-09-30,0.001809979391827354,0.0013484151922330456,-0.007909476575927207,-0.012105102343751898,-0.005382358485121445
2021-10-08,-0.014023493180179784,-0.015491508876866109,-0.035819169906250996,-0.027133674353476,-0.014424030611513233
2021-10-11,-0.018810169446046666,-0.015139310084889782,-0.02773058017452141,-0.030967388123065598,0.007429413064097123
2021-10-12,-0.00029888521062180833,-0.00026474907935715685,-0.008836731376975174,0.00046705327662545175,0.044611889104719485
2021-10-13,0.004265682191523211,0.0010199483440959927,-0.0007720416799534672,-0.0007882826888283376,0.01738122479586267
2021-10-14,0.023502334895064488,0.014567545192345375,0.005325052668478918,0.00224413545576247,0.011767976381817443
2021-10-15,0.034823078383190584,0.027187157521990774,0.02076692019885528,0.013733196613586731,0.0025112131284440046
2021-10-18,0.056930561634591835,0.03199115848191689,0.02265449958754685,-0.0014946027624193402,-0.037506134714294086
2021-10-19,0.05258902234763854,0.02110275809666217,0.01542617944272007,-0.010414893136580202,-0.06369636696195129
2021-10-20,0.05540296732098142,0.038530520843766826,0.02190292142619978,-0.003342575120638304,-0.04275005966936127
2021-10-21,0.042190107584861955,0.03377180711344698,0.015130903273873801,0.0032397015284375266,-0.03702283847836216
2021-10-22,0.049417015777876355,0.04128162581291422,0.04062698888809496,0.019160719182209174,-0.0006092458103303302
2021-10-25,0.05172631599646746,0.04889585175251388,0.032242939282515384,0.020464637456090794,0.00045752909450144733
2021-10-26,0.05798901634849694,0.05696252877265541,0.043251570879975706,0.023165934738628883,-0.00017657475092000712
2021-10-27,0.08984006182614984,0.0764012022552037,0.05157362439079672,0.04022583949703896,-0.0008009612514721642
2021-10-28,0.09863430684791338,0.08399798397110488,0.05635455309024084,0.0571994496027615,0.030834179192720017
2021-10-29,0.07080781340595904,0.06036918408631827,0.037198963602905054,0.04307830430011612,0.02473849362577557
2021-11-01,0.0548368261569595,0.0431541144502746,0.030490115935607593,0.039079373537888124,0.03314941610146452
2021-11-02,0.07070350423618771,0.05728832488507674,0.04473994492583468,0.06227267024763854,0.05172856798092162
2021-11-03,0.06828412094476109,0.05630833055606834,0.046385037895746106,0.05892150450649963,0.05780260787900552
2021-11-04,0.05373959868625429,0.04163660284667566,0.029143791872406035,0.03851382042911645,0.046263752568704644
2021-11-05,0.05251977199319086,0.04727126187656505,0.04505621235782036,0.07161769239289631,0.08599740444562921
2021-11-08,0.047557528525152666,0.03909782364183241,0.0297442349174171,0.06381287065760553,0.057145670730824806
2021-11-09,0.0442484958690315,0.033037127545034135,0.028905742237068013,0.047458191334791976,0.03689073360209846
2021-11-10,0.04963266514868316,0.035878176647600464,0.04064667326336554,0.058626991925194605,0.06049106126227725
2021-11-11,0.05055850965181895,0.030916332950054335,0.036857965305146186,0.062100702268658346,0.04694266400489796
2021-11-12,0.0460675313411911,0.02676589311557966,0.0322702853872094,0.0496446578042648,0.047528791993029354
2021-11-15,0.03860594529798555,0.02769944335331329,0.030495366078879354,0.055365514951372465,0.07243041226563511
2021-11-16,0.03989285898273831,0.033035011706537346,0.033880405930998836,0.05983153533632541,0.0717422506352783
2021-11-17,0.03620260922072149,0.03294304696721322,0.024604419553738398,0.051132156167412346,0.04316896006679902
2021-11-18,0.055116256428812314,0.0481617014496105,0.045183086088944925,0.05812831607356947,0.05037969612159301
2021-11-19,0.03644005967382906,0.034749090754204126,0.03346378229846868,0.03551985030322689,0.02257981767077986
2021-11-22,0.02801374541055642,0.02815061538343065,0.022786970785926598,0.018052597438428034,-0.03067313718391725
2021-11-23,0.048821620209957395,0.044375300045881895,0.037325764320965335,0.024351294463168752,-0.02546170905729572
2021-11-24,0.05070759421292315,0.045104192238624906,0.033640219023328886,0.02592225930862887,-0.017370620310002364
2021-11-25,0.04202444874684555,0.04112945162875972,0.03279905205144456,0.033572600514008746,-0.004160393784031887
2021-11-26,0.046334248488525916,0.04538933419492944,0.034255762425501185,0.024921232552309176,-0.03363909653237396
2021-11-29,0.05956969064587002,0.04867986379705744,0.05037316697322446,0.02564342208888916,-0.05173398358842712
2021-11-30,0.05514700196186651,0.04823461164931895,0.04177905029391304,0.020534269036885294,-0.04502556147858102
2021-12-01,0.03979545232404285,0.03361144386070469,0.035651705893242215,0.010425453956719238,-0.04904707710401434
2021-12-02,0.052492303901490914,0.05258851190351956,0.05247532259999576,0.02423806007106915,-0.0375227903642539
2021-12-03,0.05729968655011776,0.05645621190658974,0.05669718117873654,0.01093521916237069,-0.03805864131478143
2021-12-06,0.08758878149925242,0.07253893809241736,0.08073350535307464,0.02442700378944532,-0.04713371497345482
2021-12-07,0.07632416759007071,0.06536192007853694,0.059598864056603494,0.0176599357228861,-0.06459332727214946
2021-12-08,0.0671212612285609,0.06307300839103477,0.06047935913956788,-0.0032073415162378487,-0.07663756106681843
2021-12-09,0.050853656523403346,0.044515289062646776,0.04306450450816283,-0.016991033285557688,-0.0872774694617013
2021-12-10,0.06436678274285187,0.05124491523800278,0.05378909227357911,-0.011964198655665802,-0.09497060595470355
2021-12-13,0.05516504307006153,0.04512194193028168,0.040568550586868556,-0.02041040103703687,-0.11514542683760905
2021-12-14,0.047444014401204035,0.05718173562583462,0.04715253944934169,-0.010815991842220454,-0.08199738549808892
2021-12-15,0.0370712153899969,0.04848723762111851,0.03498391803189946,-0.023118839391939084,-0.09859956037035149
2021-12-16,0.02597333240485578,0.024210050404809353,0.018160857781145026,-0.038449563577906805,-0.1021324715411349
2021-12-17,0.04505846488677527,0.037995801391754666,0.033191887745987705,-0.014620085692844436,-0.07930871795498833
2021-12-20,0.03768054922198923,0.038128363057560684,0.035670144023616644,0.00036864280078271143,-0.04634567526999039
2021-12-21,0.02117116206624051,0.021808015516755427,0.020124269499608716,-0.016758886167976446,-0.07479205017263872
2021-12-22,0.013102389760712072,0.013222091439493152,0.004307444062276696,-0.03584928120444896,-0.09601749714971146
2021-12-23,-0.00278140435017394,0.00674475250251843,-0.0022194031683368852,-0.059431172025207514,-0.10234308067733054
2021-12-24,-0.005649221974447645,0.0021375687304599185,-0.003949251696927538,-0.05164795840029063,-0.06463821920812313
2021-12-27,-0.05224394292993105,-0.03575600876277889,-0.045011890979042846,-0.08491942583512185,-0.09294388220494564
2021-12-28,-0.04847426677458242,-0.028301747425657726,-0.041774360762826805,-0.0804870587608169,-0.09658790721929982
2021-12-29,-0.07144225325149782,-0.05199454954152622,-0.06019747729419372,-0.0990379806808832,-0.11821743099621555
2021-12-30,-0.07402315990845264,-0.05699777113107154,-0.06993401236908647,-0.10818681834314081,-0.1248603984237652
2021-12-31,-0.07742731975988384,-0.053416936783155664,-0.05489888333889193,-0.09827376280446751,-0.11862005328193902
2022-01-04,-0.0762670218352484,-0.05317899237225291,-0.05291801490793689,-0.08945114576335014,-0.09926372887097813
2022-01-05,-0.05980301985658297,-0.035331656121578486,-0.03243414646265327,-0.05901998371413227,-0.053841247436544504
2022-01-06,-0.061821970104207785,-0.031230477727827305,-0.03692162953588212,-0.05659936264762447,-0.06546852173082915
2022-01-07,-0.07388666451668616,-0.03373243076102117,-0.041032344319998366,-0.0645984193066522,-0.06669546501180175
2022-01-10,-0.08853492534885699,-0.04926269478084479,-0.04635381535833424,-0.07474663617769611,-0.07393313063161543
2022-01-11,-0.08068169896276142,-0.0392488123874907,-0.0441417228463944,-0.0584247561071762,-0.04648100769868107
2022-01-12,-0.07638551309187815,-0.038132984093327736,-0.044059870742635336,-0.06798439767400948,-0.05364712073878401
2022-01-13,-0.07460741654038253,-0.03492200004174627,-0.03936655432396245,-0.051984691181034166,-0.021056143926754988
2022-01-14,-0.057819108195817266,-0.01239927580842716,-0.00976175773728216,-0.0404762992380264,-0.021921735774896405
2022-01-17,-0.05962468299206306,-0.01573803996618358,-0.015413336333333442,-0.04103137424148329,-0.022437378565584584
2022-01-18,-0.06973300224771432,-0.02802194747794766,-0.01830769495232424,-0.05574581404389566,-0.029488744485481635
2022-01-19,-0.060423236151922514,-0.023966245799993242,-0.011678944229343853,-0.030712601312429047,0.007870179795631918
2022-01-20,-0.07416265589411689,-0.050147628206305805,-0.015275479503599709,-0.03784967064372106,0.009285811076484322
2022-01-21,-0.054223859565944034,-0.030056555928980832,-0.007953170606688806,-0.012761913888491854,0.029764241686722665
2022-01-24,-0.04892837749820965,-0.020407361626232776,-0.007234437298516299,-0.008402625865909874,0.028020461703493656
2022-01-25,-0.009871625022954715,0.021548154199659875,0.03328348736750714,0.03610166054037584,0.06827686845081973
2022-01-26,-0.013551664222382007,0.017807531604984928,0.030311726174612953,0.027939176493563315,0.06067948898740389
2022-01-27,0.01368575628433601,0.04722207218590091,0.05874579430693897,0.061031145102714984,0.08177469032691376
2022-01-28,0.005828639554566125,0.029188207346555566,0.0473067564034845,0.04780090117809945,0.07360735524003927
2022-02-07,-0.02806789801304652,-0.006392484522989838,0.017315248096102936,0.00716417237845068,0.034630670214522076
2022-02-08,-0.07241547787353499,-0.0493151022825109,-0.02823262848820127,-0.03950909818353877,-0.004889480220556663
2022-02-09,-0.10801614860486645,-0.07559428280273744,-0.05448704505357684,-0.05613593075788943,-0.03448862064398083
2022-02-10,-0.08979399613915309,-0.06959734122539452,-0.03867040485927601,-0.038799056251623686,-0.009571251951082056
2022-02-11,-0.06493100433078469,-0.042705887896414545,-0.0222862886358415,-0.018251420090143706,0.00839407536505972
2022-02-14,-0.07879639000198081,-0.059265570069607,-0.04320830919723103,-0.03537326707927975,-0.01767151598709958
2022-02-15,-0.13736672935049543,-0.10808245419649165,-0.0977061771123161,-0.0911833157736505,-0.0808307005084923
2022-02-16,-0.11645061422981846,-0.08295646937631251,-0.0766856954656178,-0.06677593034109268,-0.05603253148373663
2022-02-17,-0.09578671474515776,-0.06893524685659662,-0.05731092234372614,-0.049651869335521494,-0.04601071799729012
2022-02-18,-0.09598995442250537,-0.06772491253655238,-0.05507436848809163,-0.04574444792484248,-0.04004798197125942
2022-02-21,-0.1033051486022485,-0.0716144635624258,-0.046284800873160656,-0.053784940699125136,-0.03743140988348578
2022-02-22,-0.0924191598488418,-0.05452203210993975,-0.045279232070339605,-0.038330672382054565,-0.034453807518475675
2022-02-23,-0.09664326546768752,-0.06293343555170867,-0.04318633047061634,-0.05007688410347855,-0.05124885968492274
2022-02-24,-0.0794855611758211,-0.05176324434970272,-0.028425930690303136,-0.03880992133636715,-0.04033776778514953
2022-02-25,-0.09645304598628024,-0.06163525257715223,-0.039353526738663394,-0.05236997574741188,-0.06759618399426501
2022-02-28,-0.09767216514858822,-0.06076225087680258,-0.03935155258449733,-0.05707851006707309,-0.07947726798667303
2022-03-01,-0.10360024305517243,-0.07205186754228177,-0.051296032795011486,-0.06546785400915904,-0.0861958701201833
2022-03-02,-0.07842547424350133,-0.05285929719914592,-0.04113425098376253,-0.0544903498659475,-0.06890893121372058
2022-03-03,-0.07919052755115774,-0.054292045707324724,-0.046466997837350046,-0.057568773464094725,-0.0816641763349957
2022-03-04,-0.06921430495883839,-0.044059509222434186,-0.021361799136554803,-0.048682958188168216,-0.06586198035525079
2022-03-07,-0.039930248145717176,-0.014053240762232157,-0.001616463287261444,-0.021889886234690823,-0.05375438001809104
2022-03-08,-0.027500955726496887,-0.00918632225192442,0.007942373561030511,-0.011926017968410701,-0.03616795198973135
2022-03-09,-0.009174669148110487,0.011023752516944998,0.022103095996558773,-0.0017547979983552474,-0.028775523412660667
2022-03-10,-0.04950992893357284,-0.0190792385703953,-0.02602518442544262,-0.049892080127845205,-0.08953177972365359
2022-03-11,-0.051564451723142266,-0.013163288178976027,-0.01919337597333839,-0.03576218026114221,-0.07474502633826267
2022-03-14,-0.05365441619518959,-0.013276986050329934,-0.0021221236462552378,-0.029920907220962085,-0.051939592659021996
2022-03-15,0.020097796499265172,0.057150242100310826,0.06364488296147278,0.03732523303489036,0.01580493533775721
2022-03-16,-0.006681060962578748,0.01812611999021046,0.026144948541948057,-0.008612359510572196,-0.046788701026848366
2022-03-17,-0.030884743192877404,0.0015155551361514935,0.0007611784301025384,-0.015232593804143199,-0.06348520471331151
2022-03-18,-0.04657098810111119,-0.002538250351182906,-0.011540857935276453,-0.02855076027436351,-0.06463028054558836
2022-03-21,-0.056418808222418085,-0.02409211083531673,-0.031825764603028835,-0.04822004369200644,-0.09722672579992617
2022-03-22,-0.07892283285906643,-0.04750853581126717,-0.07192650974329023,-0.0894231326670994,-0.134583799398742
2022-03-23,-0.08934974962504824,-0.05839255945257823,-0.07680865023919188,-0.09555970882893025,-0.14936633408977307
2022-03-24,-0.13337448591070145,-0.11272205434160812,-0.11770394735333427,-0.15301908039403053,-0.2091492558758418
2022-03-25,-0.14545298687530803,-0.12578942049186703,-0.13719179669678674,-0.17448348454552828,-0.22447123168633806
2022-03-28,-0.12270987425007451,-0.11072821395895839,-0.11677686888717488,-0.14078824853805727,-0.18006355396847434
2022-03-29,-0.12752172081213278,-0.11593674699246952,-0.112553854200038,-0.1341779086721609,-0.17913916750633152
2022-03-30,-0.1120493204801719,-0.10083503741509929,-0.09808933126819835,-0.123750979094128,-0.15790808780882992
2022-03-31,-0.09565506934093844,-0.08916965417403744,-0.08990028838848058,-0.11224881280850216,-0.12898956791311367
2022-04-01,-0.11801595424231748,-0.11537399240125326,-0.11922172127012413,-0.12524593171719986,-0.14289106882748698
2022-04-06,-0.1186004415614368,-0.11297493668714256,-0.11579109540792452,-0.12182442856574757,-0.12632152454428006
2022-04-07,-0.08797860642865543,-0.0818169104052436,-0.08430421837152935,-0.0950919559510089,-0.09455287611069713
2022-04-08,-0.07888405248075119,-0.08205158524233039,-0.07566323763815191,-0.09417689544822339,-0.0775714748080221
2022-04-11,-0.04874810443702662,-0.05558361608832817,-0.04501168002813734,-0.05567611291613939,-0.043047519760063706
2022-04-12,-0.06488139847775246,-0.059185609006780396,-0.05380828410911369,-0.07186315076508623,-0.04437602585106831
2022-04-13,-0.04824119031310109,-0.04581993027278978,-0.037127133841205376,-0.05384596721324566,-0.03029211398354424
2022-04-14,-0.05714521021212286,-0.06382343386211117,-0.049589993507486524,-0.05641461810938315,-0.03670919461614937
2022-04-15,-0.05069343974319538,-0.054893991564277995,-0.04216814040365961,-0.04732790828889314,-0.0193409116041675
2022-04-18,-0.054332389649670486,-0.04472707667682935,-0.03740731066245238,-0.04865854472959883,-0.011767722313320638
2022-04-19,-0.029704493046889012,-0.037183764057555156,-0.033021179527218295,-0.033663428325236014,-0.0069553346235868545
2022-04-20,-0.020934732616311513,-0.02087493164956401,-0.00714734940100924,-0.013261829067186068,0.03696730710741042
2022-04-21,-0.03071676525066822,-0.02025269912351295,-0.018484744835372012,-0.011971940204379122,0.04508325138244602
2022-04-22,-0.009157632579007506,-0.0020607764430449695,0.004611405222734948,0.010991157415180834,0.07365444590497927
2022-04-25,0.06679595252367475,0.06962512986093057,0.08395336320610315,0.0932447190688541,0.1673292320962527
2022-04-26,0.08571191832672449,0.10213851503847236,0.11126033709449219,0.1272789762686696,0.20525161738450523
2022-04-27,0.07281312033901904,0.07665951186262243,0.09307360762394244,0.09448753914670666,0.14942021842188755
2022-04-28,0.109049169248138,0.10234715319465194,0.11463617045812194,0.11430112594054782,0.1515950726749922
2022-04-29,0.06471992155915134,0.07106550680072712,0.06994526037400063,0.08099211324036086,0.09554229476217384
2022-05-05,0.06464287361578663,0.05692524836075852,0.07324098687208183,0.06429121314013353,0.09475160348756698
2022-05-06,0.10552735249959933,0.09198836139769537,0.10585377313284354,0.09939478583858838,0.1363460911457995
2022-05-09,0.09764898132645049,0.08564964682433225,0.09166810497894426,0.08449481464410996,0.12755342150137325
2022-05-10,0.08810664398129553,0.08012500766162134,0.07268474134013077,0.07493266087552296,0.11079807563031048
2022-05-11,0.053476441183296905,0.0582527147403177,0.06024256743130687,0.06039804673703114,0.07853122562576212
2022-05-12,0.06325173436427266,0.06972750878774626,0.07387928762474304,0.06947027540719322,0.0978524177532911
2022-05-13,0.06560094468527296,0.0558268883083308,0.059202135501324304,0.05128802837200506,0.08744820278837626
2022-05-16,0.07042398111651765,0.06760825331554189,0.06894619650563696,0.04990418425199485,0.09336870148612338
2022-05-17,0.07550129624980648,0.0743184983872114,0.0664062734796154,0.05408204266767858,0.07969407565351484
2022-05-18,0.08393823684225653,0.06465066935841564,0.07156808655106411,0.052986649093636234,0.07744414760456804
2022-05-19,0.09206019564416207,0.06949002367982555,0.06830315301105172,0.042383824624691695,0.07968096880378503
2022-05-20,0.08633449753982358,0.06130745993078682,0.05464090077449232,0.045344395128478446,0.06309347973590285
2022-05-23,0.07296245082577836,0.05265932109024688,0.03893056138866521,0.03565558699817495,0.03583270922827406
2022-05-24,0.09201413142313965,0.07027002206615025,0.064586642831775,0.06063913143410811,0.07199703318180942
2022-05-25,0.09589943411034386,0.07218640675851433,0.06507381280829666,0.0565002072204827,0.0728665914635562
2022-05-26,0.10452434611191397,0.07326023410992163,0.060858278269186585,0.05707312831537757,0.0731408972297429
2022-05-27,0.11537787968081091,0.09335900848474217,0.06579681985210328,0.05203074981713637,0.0884352389544793
2022-05-30,0.11359471137894571,0.09968232308475962,0.07828713846050635,0.04967944513313507,0.09303914493274625
2022-05-31,0.07547554832180642,0.06099852535798125,0.03825537480918867,0.027951495288572804,0.061035190899210306
2022-06-01,0.08241404715475101,0.06935870286888314,0.0442490839996221,0.03408951817747825,0.08017903888118798
2022-06-02,0.06926074990011016,0.0545032436083124,0.037371502034601656,0.03167780028295746,0.08165504580518197
2022-06-06,0.057979459563589665,0.05036579462782408,0.03495731071518451,0.02800836121009093,0.07303946455224311
2022-06-07,0.04590545903482258,0.04344024451645262,0.029678601876465635,0.025578554313280762,0.07244168781382934
2022-06-08,0.03188749948104749,0.02855470360479452,0.009677371860574222,0.019952620663983518,0.041650323919418676
2022-06-09,0.05101920903413773,0.046170269376999966,0.03444048379008331,0.03989900192691346,0.06881549840111659
2022-06-10,0.03529189252009926,0.029990678100782237,0.019689882568544353,0.02508923175907539,0.03670390575512941
2022-06-13,0.02477928498612871,0.015545151345149933,0.014513484425120914,0.02043956001050464,0.024455564498641287
2022-06-14,0.0016437389411506679,-0.0033978518207217106,-0.0017244627425120965,0.009834600635936781,0.01237434054145293
2022-06-15,-0.005073699354705821,-0.0030587801015171867,-0.0036656657706139414,0.021156816976804823,0.029976156329908615
2022-06-16,-0.009453365129988426,-0.0006406983092422694,-0.0009458687520545238,0.01801869020603078,0.038558053565582534
2022-06-17,-0.03784420342313202,-0.02964922452448381,-0.022707374976718105,-0.0035452387515938484,0.014670754427005411
2022-06-20,-0.03202677661716771,-0.020086421486305402,-0.0058015447075398015,0.0063509087346448195,0.03335439884619098
2022-06-21,-0.02112538964975274,-0.0063287580479304325,0.0037107984347701352,0.018047691961254737,0.04217125830996516
2022-06-22,0.010462857960477108,0.022183378901387944,0.02530256420826527,0.04325013003155493,0.060013063369389864
2022-06-23,-0.007963253121589447,0.000610383408769506,0.002303719639002955,0.016989663414480938,0.029158571917858485
2022-06-24,-0.03218843263459634,-0.009991074269536465,-0.004105073645191713,0.004206368873191137,0.021257527417962847
2022-06-27,-0.04447108495735918,-0.020372866647705414,-0.022957920701069983,-0.007876954157522143,0.0022597558583302858
2022-06-28,-0.04543978070464324,-0.026899219646953316,-0.020682079538267704,-0.012432275763475093,0.0045321248905523595
2022-06-29,-0.03508767234954695,-0.008364385550722078,0.003743921484781264,0.006264523277774909,0.037368508666075925
2022-06-30,-0.031063683946537978,-0.019765392822924756,0.0034277059108800256,0.006577745324557646,0.022345276297713455
2022-07-01,-0.04440808756160336,-0.025218627525763385,0.003909704180316379,0.003018543537231645,0.01673724394733699
2022-07-04,-0.04539839870978789,-0.019391157667220656,-0.0013552549045405301,-0.003838461148980707,0.0019976929932079258
2022-07-05,-0.06456370093540323,-0.047597509873342124,-0.022838435790714613,-0.03017777401603351,-0.03824787739709648
2022-07-06,-0.05762764290206156,-0.037690988369933426,-0.02101727052033409,-0.028009976841511172,-0.031247626007315104
2022-07-07,-0.04191567892054685,-0.030196995596737827,-0.026507302826429182,-0.026356530833260474,-0.038217961126510554
2022-07-08,-0.01321289931353721,-0.01380441237584436,-0.00607682805749097,-0.01575108232938125,-0.0240496626478179
2022-07-11,0.0005065584329024725,0.003293287134761218,0.014242463908786149,0.0022754541849538176,0.0017142453344078355
2022-07-12,0.01775559353237697,0.016388018190130978,0.018910992677333947,0.011063990334078224,0.02331146805813733
2022-07-13,0.012216019986371967,0.019266967042427818,0.00017811102750966518,0.0014994391254707392,0.010713011458227872
2022-07-14,0.03538980853231163,0.03965888408472814,0.018664766249206394,0.012787740473882814,0.00829084006590568
2022-07-15,0.04768037481145573,0.06071925290216507,0.036677882535816546,0.03723868888370958,0.025802030458301962
2022-07-18,0.028075384504152985,0.028706557690254153,0.021110087056885753,0.020482336217347786,0.017696189102497324
2022-07-19,0.02568940725797391,0.02089718460299419,0.01716802641966216,0.019403898647690248,0.022816048540173675
2022-07-20,0.02296570653362197,0.018559940325313155,0.013400948711847395,0.01896830136416596,0.011960181747296463
2022-07-21,0.015545310135923083,0.02036253367918187,0.01468263400578077,0.01925225740520086,0.02171142500566459
2022-07-22,0.018660023967336813,0.012926396248664058,0.008970682358281903,0.008947638437938379,0.026549394354256597
2022-07-25,0.02784188465613682,0.03368535399607296,0.024382600784662686,0.02464504920107981,0.05038466663525815
2022-07-26,0.014600613449020784,0.021990242800306443,0.015374444527098144,0.012876870851062936,0.04474513677750256
2022-07-27,-0.018083947680529594,-0.0015609181095762158,-0.013565297768158164,-0.009610246785114396,0.0038378096760779976
2022-07-28,-0.02557871593986286,-0.005434182110864854,-0.013524685550711756,-0.004579790413019139,0.008850084727380499
2022-07-29,-0.01728526991981646,0.005126156069575752,-0.013512354808327827,0.00041838627829221016,0.009120984017281066
2022-08-01,-0.027649762184315325,0.0016032348123459887,-0.011347521633712563,0.005584728346206813,0.01116916118057737
2022-08-02,0.00931690968094027,0.031506874504490835,0.02163458543468854,0.039157994010186215,0.036225729872321644
2022-08-03,0.0018261307520067536,0.016384637493461023,0.01853519273236473,0.023907636492798177,0.016907464752095307
2022-08-04,-0.019042840913599816,0.003650886536069112,0.0014610371083468635,0.012262576720770248,0.00794468657259776
2022-08-05,-0.039458945050453595,-0.009153078192800687,-0.003636306140168083,0.0013190129026757807,0.007860237826413789
2022-08-08,-0.049307341443349376,-0.011249193484206466,-0.0051812493464591545,0.0053049314307566245,0.0037964791595084973
2022-08-09,-0.040304634301960636,-0.0011592795996751772,0.003696957276835658,0.01865119147549266,0.02609309998380394
2022-08-10,-0.03893298549405325,-0.002466098843347662,0.009351659268030794,0.01868271314649985,0.03978100121942347
2022-08-11,-0.06909178327473324,-0.02479296124445098,-0.015698561901012046,-0.0029902903318622335,0.026907679774154106
2022-08-12,-0.05665897382268929,-0.01766506117258271,-0.007727741633093399,-0.0013226498867565475,0.027508361712981915
2022-08-15,-0.05024561900920553,-0.019451214128395487,-0.007948573946716503,-3.344659279041708e-05,0.00750525427151808
2022-08-16,-0.05814269167586053,-0.028606384537570213,-0.017592923514394204,-0.016684939865558367,-0.008587785405957076
2022-08-17,-0.07303659463265616,-0.04980646466530996,-0.04251084951805096,-0.03412622578269991,-0.04375252622741345
2022-08-18,-0.09539162862525856,-0.06990533015816087,-0.058417846186872686,-0.05313834148206174,-0.06476967605808563
2022-08-19,-0.09547982651672182,-0.07098964296489767,-0.06418946290588688,-0.05496400478918991,-0.06692990736261395
2022-08-22,-0.10320008134811284,-0.07532227265399913,-0.06228422770974047,-0.054172689684101896,-0.06448670665221722
2022-08-23,-0.09835075094863384,-0.07151693159562816,-0.060981599143942536,-0.05296376718300892,-0.06443269152201525
2022-08-24,-0.073999688899423,-0.057068946353479325,-0.045980305094344906,-0.03816499215119456,-0.03586512214052622
2022-08-25,-0.08695689822570296,-0.07051255428963232,-0.06163180280511081,-0.0521493210843437,-0.061438128985102404
2022-08-26,-0.10265233592543996,-0.08511100482524715,-0.07461209410575156,-0.06773820236171818,-0.06553489913547707
2022-08-29,-0.07770304766783526,-0.06310323652465616,-0.06368272891318359,-0.05947852161614605,-0.057682151933814874
2022-08-30,-0.09737339645049195,-0.08204024296900958,-0.08424462881678507,-0.07846579682020148,-0.07824325543472248
2022-08-31,-0.08757209280023517,-0.0817637920143405,-0.07282427977588463,-0.06541927348339145,-0.043643333533996576
2022-09-01,-0.09072867284363678,-0.07657367735887158,-0.07442366301889855,-0.06369280534301505,-0.05995692759231156
2022-09-02,-0.1104330023807198,-0.10394358353766167,-0.08829562456131305,-0.08577304431326299,-0.07817797727554955
2022-09-05,-0.10772235485705552,-0.09852344147906072,-0.09498687535465866,-0.0830439930829306,-0.08289238156330357
2022-09-06,-0.09272008769596865,-0.0924041919789726,-0.08242748116596771,-0.07979697507406812,-0.08004631073326209
2022-09-07,-0.09196996100747709,-0.08046634151696874,-0.08027844379252494,-0.07510017335582422,-0.08454913424004165
2022-09-08,-0.052762350946455136,-0.061780222325217196,-0.0532380223222324,-0.05645803076570536,-0.05966340417080796
2022-09-09,-0.0508929642794677,-0.06238572920244881,-0.04190901643971815,-0.056017126608032396,-0.05908479055662817
2022-09-13,-0.053161598024161344,-0.05885722865003271,-0.04421087768957847,-0.05235364566582303,-0.0491096303242234
2022-09-14,-0.05573193645368997,-0.06099350224000593,-0.051416412234183924,-0.04953929816436728,-0.047772661368939894
2022-09-15,-0.03588623236649564,-0.04763046143301708,-0.04520567165735052,-0.03130409099027421,-0.023450181214920728
2022-09-16,-0.011532282341533494,-0.02394682872869086,-0.01632159573419493,-0.008429807093050908,0.012499067613107255
2022-09-19,-0.01736308732125744,-0.029313844216936634,-0.026033655105180388,-0.013114720505653049,0.004283555017455862
2022-09-20,-0.0281281531264036,-0.04610899738461554,-0.032525566870205164,-0.027114630698868537,-0.007839399369310674
2022-09-21,-0.002441909431276166,-0.024984438901338495,-0.02586715454845948,-0.013574522225195357,0.0032595112065875276
2022-09-22,0.004453693484496739,-0.015674363766549463,-0.008634120484338027,-0.012545404406584219,-0.0021674152064078325
2022-09-23,-0.015624406604069142,-0.03301583757837531,-0.036266038610786235,-0.028076853212817467,-0.016444417579216754
2022-09-26,0.007096210805613295,0.005895533281539061,-0.015154243509815183,-0.00899286114450289,-0.014902825097056677
2022-09-27,0.01488386037881527,0.0025718363859410006,-0.00785360185261943,-0.004351654864287038,-0.012324749969483339
2022-09-28,0.045225732316512786,0.04585577190616217,0.026166704076214433,0.02667344833043447,0.030638039858397966
2022-09-29,0.050208313423404004,0.044980441648239174,0.03319726358446058,0.027216781647516567,0.032412076209329586
2022-09-30,0.0832172146218294,0.0729304414946687,0.062186741484952165,0.05592714660164557,0.06645474097243159
2022-10-10,0.11337636497528605,0.10002912258080948,0.08454760967040459,0.07128618583349432,0.08896214804319844
2022-10-11,0.10785810439696651,0.09534476973471553,0.07845834166336235,0.06694724519199931,0.08095283393402805
2022-10-12,0.08052863636166051,0.07284891093909239,0.050449662042090254,0.038380574377177734,0.05544480967333689
2022-10-13,0.07372153485381007,0.05878421480111233,0.04286419537933887,0.03713453912689261,0.04041092137933455
2022-10-14,0.05715941320386596,0.044936060209451824,0.028894538567329993,0.0315845189885374,0.02225814961334593
2022-10-17,0.049366320798528866,0.03378998511221638,0.02213996285839123,0.020077665595708095,0.012414757801135897
2022-10-18,0.07268886091735442,0.05531694900111559,0.03961844133558974,0.031140353146243464,0.020944735970268885
2022-10-19,0.08313634434619772,0.06305859496578202,0.047283806921591266,0.03573388360254756,0.022922154010790396
2022-10-20,0.0842866401449093,0.0664888253503488,0.057183384182490096,0.040828060861281316,0.030081252190461708
2022-10-21,0.08449757094912261,0.062073284862758434,0.05060057331373132,0.033902125327029575,0.020301252175299607
2022-10-24,0.1023822292116252,0.07710744657144686,0.059154058198796995,0.04793705642425022,0.03833625842371744
2022-10-25,0.09954878455947484,0.07418759171785325,0.061412764873457065,0.04570271009990423,0.021787683867173484
2022-10-26,0.06382441755898426,0.047414481878866405,0.044496209756796,0.029019239439987916,0.014059844995752522
2022-10-27,0.06254563493004921,0.039151716467662925,0.032993590012338474,0.03725250115196718,0.023654790974274535
2022-10-28,0.09697640581460287,0.07242076041996566,0.07236996929002913,0.07262361905277276,0.05257725319198852
2022-10-31,0.08092570490752345,0.06408035986396109,0.06400091616506703,0.06906393873955588,0.06030263538236115
2022-11-01,0.07630303638508876,0.06206625466081193,0.059884684399050724,0.05978266364615778,0.05776555569976758
2022-11-02,0.05301115845842333,0.04792406024579563,0.05399726535445314,0.05205661756039678,0.040933507434606074
2022-11-03,0.06589712541164543,0.05631763619512986,0.061977946933924055,0.05783428207278535,0.03998705690321936
2022-11-04,0.04502473809560763,0.041170115004998724,0.04011765573314743,0.03485835476468643,0.008386244651207632
2022-11-07,0.046195912671185564,0.04684697901390696,0.05230217632845477,0.050439072757098684,0.018577883079320897
2022-11-08,0.045243461831206117,0.04933415370413675,0.04249570707510253,0.05231518162051261,0.016798100170377705
2022-11-09,0.044192175695905035,0.044546338386675065,0.049223476989512224,0.05388093979462941,0.013791910060856418
2022-11-10,0.05017494783169249,0.049521449833599414,0.047339963055490576,0.0456546682196639,0.014832270642112656
2022-11-11,0.04192862421282736,0.03920566032271532,0.039159388211492764,0.03500076673814656,0.005100549675704643
2022-11-14,0.033073943084297286,0.027959739958899284,0.028204761774601635,0.03155882646303724,0.0013132381670011666
2022-11-15,-0.004107870452028322,0.009483239095390696,0.014463777846639955,0.016630251572474233,-0.008452150514858646
2022-11-16,0.001905346511536962,0.012413570494464106,0.01302231008948844,0.01592613377162873,-0.01085627273016215
2022-11-17,0.0016615870560234187,0.006642760998021887,0.007914191743710313,0.010258634967672877,-0.010950797127261233
2022-11-18,-0.00039902876551126197,0.010541196557159698,0.0124333418152526,0.010092230575517619,-0.008833465736687932
2022-11-21,-0.01969645927071372,-0.0030795064184555633,-0.006995114229373775,-0.009737634000848037,-0.03442770878001841
2022-11-22,-0.016008779199537526,-0.00818279559511177,-0.009368928523549463,-0.016062923991584693,-0.033565365766227574
2022-11-23,-0.014154539543908346,-0.009105420250842827,-0.012948423317253994,-0.020423757447500253,-0.04071212958480693
2022-11-24,-0.01533210805409498,-0.013426040665250175,-0.019960846274125484,-0.03028877083869263,-0.06631385166179404
2022-11-25,-0.01629403660318681,-0.013311929763832693,-0.02170272497534553,-0.03568772534478195,-0.06568378016159404
2022-11-28,0.0028238832762410866,-0.0037944043513122513,-0.012550507847132724,-0.02571109665795008,-0.049877032649711404
2022-11-29,-0.015826641948328293,-0.01555493533674566,-0.0294644091832356,-0.039175998856026205,-0.053744209491035665
2022-11-30,-0.02936298677187536,-0.018729190752922866,-0.037631142716958575,-0.045639827094249096,-0.05654171484973366
2022-12-01,-0.04119210968672679,-0.03701293932988492,-0.04655874529721407,-0.05334637987243636,-0.05815463681108964
2022-12-02,-0.040252987049504856,-0.03258102434072558,-0.0433867436713526,-0.04377328883396581,-0.05096987111716608
2022-12-05,-0.03971438693673185,-0.03907406419096241,-0.0423602884799003,-0.04513003905783872,-0.03653185855443367
2022-12-06,-0.03827480112548715,-0.03862110431434905,-0.03724577700357047,-0.036407058797507226,-0.031135285487379077
2022-12-07,-0.021006543202605765,-0.02680086720434028,-0.02884924492163962,-0.035064894931147936,-0.028525109450853386
2022-12-08,-0.017031434840711977,-0.025145187062493465,-0.02956427857569258,-0.03338981686510164,-0.030686950280017906
2022-12-09,-0.018257317560254924,-0.02099282255951671,-0.022073671730143598,-0.03166802939221644,-0.02265865712883966
2022-12-12,-0.014108201393948,-0.009155447513178984,-0.016301037150838422,-0.0231394863258803,-0.018730342218189585
2022-12-13,-0.012940018130309136,-0.01773507817161117,-0.021983253767020334,-0.024609205313838353,-0.02615465168122478
2022-12-14,-0.011025307267978247,-0.013674595304015847,-0.02462010043349933,-0.018195849108742466,-0.02211252849878348
2022-12-15,-0.008827585047308888,-0.00480658162237025,-0.014449218441406352,-0.011110198693655872,-0.009781655683505273
2022-12-16,0.022163141221905807,0.010131574132711593,0.00416867006274934,-0.001585017891388911,-0.005374755871079783
2022-12-19,0.048829316130027695,0.036753468763596635,0.028335674810845566,0.017695440501366823,0.013752240047644413
2022-12-20,0.06112155660826984,0.04469013927441524,0.044485152704758314,0.025928501744011286,0.02917191209159815
2022-12-21,0.08286179557365268,0.0636461108330205,0.052576288052602796,0.03465327477783733,0.0377650152103634
2022-12-22,0.09563941500110221,0.0743968320883276,0.07119846431468659,0.06034043755740481,0.06798643124487287
2022-12-23,0.10886883913541462,0.08744670261998225,0.07829710450250724,0.06461968658298928,0.07489255222619606
2022-12-26,0.0905083291778232,0.08224598724741787,0.06955684762307147,0.05808679797327155,0.05779260380573076
2022-12-27,0.1029653459480531,0.08539020553850415,0.07816804121537763,0.060848363392370465,0.060721891685054215
2022-12-28,0.11992307917938146,0.09176052178784819,0.08203836333536604,0.06723468583532019,0.06778992081452273
2022-12-29,0.12446380361487122,0.09124839185015772,0.08348666256136635,0.06745083921656982,0.06554940133010179
2022-12-30,0.11228045540638126,0.08173956887858606,0.07112395117341816,0.05559929049141932,0.05577050792995483
2023-01-03,0.10350100094603311,0.07288449746380042,0.06009471067429842,0.04667667521435265,0.040187512486903644
2023-01-04,0.09778654541057044,0.06374562574141762,0.048567633778990614,0.03405261960851413,0.03408713635556011
2023-01-05,0.1073441968506053,0.06651923611587358,0.05472623967515759,0.04163460168328077,0.03963141708194578
2023-01-06,0.10807535190439457,0.06765747077923397,0.05918331266806538,0.04428840670356679,0.04299974425364937
2023-01-09,0.11706355788296634,0.07092199090739496,0.061480256555549104,0.0523575875269713,0.04310992094890099
2023-01-10,0.11568998018553239,0.07508090954178234,0.061532523902271444,0.061091779081738434,0.0455388043054091
2023-01-11,0.13227009031992015,0.08314953852936949,0.0740205580511338,0.05923034679297466,0.047178580604348104
2023-01-12,0.08162249141000334,0.06586848642082124,0.052058573054135575,0.052221769973954175,0.03466956088080899
2023-01-13,0.05497789896278858,0.050803637320359724,0.04097469675867519,0.032416873981002826,0.02433290612653578
2023-01-16,0.05173553406966733,0.05444395667058724,0.047569861782843434,0.03976897605531685,0.040213647586469906
2023-01-17,0.05639718152595058,0.054049278937834525,0.05140895883723745,0.051985027976009915,0.04606875631059319
2023-01-18,0.052207593700572624,0.05402317326675972,0.04759707714573014,0.043945719524360674,0.04098521128766223
2023-01-19,0.03544817428945402,0.04118275171355729,0.04168525250175753,0.037368113958034375,0.032886342100460694
2023-01-20,0.024930100074923675,0.032495496858749424,0.028327592419835488,0.022918746164367496,0.017622098513963468
2023-01-30,0.0035476013724646295,0.019325250662144463,0.014758052669077901,0.012319430170767288,0.013229797097949619
2023-01-31,0.016991869015845904,0.025134699509934758,0.02453538598548842,0.018830606140930344,0.022619627095018375
2023-02-01,0.01123338435133107,0.02433537430835329,0.01719281472525705,0.01657355815455404,0.0176551699180323
2023-02-02,0.007076786178952654,0.025015220609334324,0.021444136275388312,0.01704872869099267,0.006144640982907205
2023-02-03,0.002055055837683236,0.029469625175255657,0.033531456024905225,0.02300126422211145,0.01850623193352013
2023-02-06,0.003665549456287877,0.03868815212734897,0.031240389575741656,0.029872921200532414,0.029214120185213726
2023-02-07,-0.022115480005184037,0.010536345469371915,0.009876816797212466,0.01551314403394032,0.008860638555409446
2023-02-08,-0.0073817358529659595,0.03094185434083894,0.016366558401699146,0.025603082197932593,0.011030787340922235
2023-02-09,-0.025411778328847084,0.009805397715575197,0.00860102115324926,0.007115649411436419,0.0004892456805949812
2023-02-10,-0.03259178757392858,-0.00893287977427901,-0.0024706746386851776,-0.004658984155826326,-0.017294439942714734
2023-02-13,-0.03745543020466769,-0.009456178520533562,-0.009654368633947578,-0.006524975218482801,-0.014549042894767255
2023-02-14,-0.04265543867694449,-0.023656513188411273,-0.019963756831566856,-0.013520234707441436,-0.027778622502023367
2023-02-15,-0.04212724355092294,-0.015872412799883003,-0.006203033398913334,-0.005123557735357345,-0.019874672404711694
2023-02-16,-0.03976357748296538,-0.008585462099371515,-0.006150501510948004,-0.0009361341050687943,-0.024319548587503112
2023-02-17,-0.014442505442385928,0.009834540215878323,0.010230215330282262,0.014346981978192709,-0.02053763941057964
2023-02-20,-0.02892584410406582,-0.005127458927091858,-0.006908657001948443,-0.013183361116680543,-0.04687772867187242
2023-02-21,-0.022506003171572708,0.0017598329114888985,-0.003372333679786241,-0.009882579658752475,-0.03766754111009859
2023-02-22,-0.005243064380907854,0.008213671659676684,-0.0005531224976333619,-0.00562748119254259,-0.034527525690393746
2023-02-23,0.004075489773128745,0.02552631020712984,-6.644857702662628e-06,0.0029293188602599572,-0.032442165666474475
2023-02-24,0.007447114503025259,0.029573295366541172,0.002411421467815901,0.007665151464687553,-0.032371635376943604
2023-02-27,0.024053374164729267,0.02593619168094495,0.012471793241981109,0.007178362468233192,-0.026508377917063383
2023-02-28,-0.0020569602615584433,0.004881306353370219,0.0038925392629194882,-0.008217841795466542,-0.033939560090347314
2023-03-01,-0.017584937174838368,-0.006497853218265296,-0.01376889519366206,-0.013413654187982566,-0.045635837271414154
2023-03-02,-0.019014081137510505,-0.009601415155165034,-0.01403877768132362,-0.012867843404171842,-0.03155923609631759
2023-03-03,-0.01342157712304513,-0.0075301221765742676,-0.007803915707056062,-0.004610714037687822,-0.02032230956292097
2023-03-06,0.006536146883032141,0.008533319973680942,0.010171097146588412,0.0006419715883302438,-0.01927576739288331
2023-03-07,0.021133140910307074,0.019596166728064118,0.031235680534814337,0.023967188373234118,-0.0002996036928848564
2023-03-08,0.021352224849999088,0.008979924425035193,0.029392525139710624,0.013066526224412423,0.00255713282498163
2023-03-09,0.027731595544195416,0.023456472201468966,0.03148050128609666,0.027458062665934212,0.015027978445317757
2023-03-10,0.017380225769135102,0.03161005900677463,0.033316845262563365,0.03849189424975203,0.021035544674279427
2023-03-13,0.017464755007590184,0.03127199287830019,0.032877968086887775,0.033305489800642366,0.012231732017348576
2023-03-14,0.028760694097503696,0.035909487173236505,0.05205559224173698,0.05460940482028691,0.03211827034732545
2023-03-15,0.00832470901459825,0.03276393923652171,0.03539987701436428,0.0440934635339716,0.02035589112601136
2023-03-16,0.02999287191801559,0.04087082292605501,0.05150398620196908,0.056060164586716525,0.05057653331480185
2023-03-17,0.025771936804218614,0.03270852963055075,0.04418976748757522,0.04916821855144381,0.046169691134474236
2023-03-20,0.02236471059558082,0.03509093364302898,0.05147689062963868,0.04816707069240648,0.049003193939303955
2023-03-21,0.0008206139939925114,0.02985470333684602,0.026632581248550977,0.03657669146533014,0.029735152699384797
2023-03-22,-0.010363667352654723,0.025413264744592226,0.028434120109328137,0.018883074236890285,0.02685302541597709
2023-03-23,-0.049098944518356134,-0.007047327836967122,-0.0030403992117833006,0.004121550474275188,-0.0024782019276362666
2023-03-24,-0.06410890382440676,-0.014660767605224237,-0.003697932003302917,0.004956840860398415,-0.009379864646108517
2023-03-27,-0.08294666273437831,-0.027577461883116418,-0.01299695787010277,0.0019655074718671274,-0.022252474554792873
2023-03-28,-0.07144308913845364,-0.016408652824548602,-0.0003032896870991539,-0.0070177447660655186,-0.004441546472393451
2023-03-29,-0.06989189171412546,-0.013500678520825517,0.008759714272250873,-0.0016370497961848628,-0.003983606900239321
2023-03-30,-0.06346612915171512,0.0028647234209964977,0.026471587761157305,0.020026751019898596,0.009415406264332358
2023-03-31,-0.06470059736534099,0.003190664937085022,0.023012800702526544,0.027654770388416464,-0.00013691416275506677
2023-04-03,-0.08628855466382898,-0.012995364004363753,0.009998032347965898,0.006596542570354027,-0.015361319712121662
2023-04-04,-0.07847250193289958,-0.002783085987687738,0.02578858097436171,0.010136115969575131,-0.014835095259904924
2023-04-06,-0.09814577897962813,-0.010230799697186427,0.012288961296579363,0.00525852380080511,-0.017592744875169573
2023-04-07,-0.10179460019032335,-0.017438298046488526,-0.008258444004707747,0.0007879067006816812,-0.03078385338776253
2023-04-10,-0.08639248414868501,-0.009462312943331316,0.006391857932524369,0.009838600360608065,-0.03307980360909612
2023-04-11,-0.09481841089202983,-0.022688899819408997,-0.007653208620348792,-0.011997873919372595,-0.04918447043229181
2023-04-12,-0.08580653790526284,-0.01922711202951583,-0.01275333480086843,-0.014141130990492062,-0.04753732486219104
2023-04-13,-0.09142790560975927,-0.027281829272192932,-0.016383018015957145,-0.028020887469014183,-0.04805517160827274
2023-04-14,-0.09649767132734949,-0.028471841545818298,-0.00999809761244682,-0.035509198033186265,-0.0485103351329204
2023-04-17,-0.10617348358722685,-0.035558273024503984,-0.014265048931126538,-0.029977932161413492,-0.04871376673784778
2023-04-18,-0.09853251412196669,-0.04087482834686363,-0.02083311051989952,-0.0318158877521668,-0.051897756029167845
2023-04-19,-0.08684664905954638,-0.03303023303253007,-0.018510636086049713,-0.025207589165619444,-0.049302243199123914
2023-04-20,-0.07871440340425777,-0.03565725526979508,-0.03704583031182904,-0.042111616544092255,-0.06290446239074456
2023-04-21,-0.06782225035926646,-0.023508572597133383,-0.019664089144828718,-0.029509742915149812,-0.042112572326432916
2023-04-24,-0.06015093245737334,-0.019564688215071634,-0.01882604588258855,-0.026085089762290344,-0.040338344714506924
2023-04-25,-0.0383529254033098,-0.003440524600480525,-0.004815169269343771,-0.00643561152282298,-0.013360861322939746
2023-04-26,-0.05140968183443595,-0.011288193959789071,-0.011498092739939028,-0.012022177320120984,-0.009088180913939635
2023-04-27,-0.053380269480947824,-0.012397156625797181,-0.017891638925099283,-0.011277460653453,0.010335554711585577
2023-04-28,-0.07000182131214865,-0.03196013644474994,-0.029399873466880912,-0.03352224100213286,-0.00874150907697066
2023-05-04,-0.06168532479622426,-0.0423347205509244,-0.0405327956399605,-0.0313410170824017,-0.00805673962447544
2023-05-05,-0.040165254903161356,-0.028067602727196942,-0.029507069448751554,-0.021881388168849478,0.008603266966537066
2023-05-08,-0.05362633317963724,-0.039020352946264006,-0.03843262773884643,-0.021205702950054167,0.004777577141290119
2023-05-09,-0.05946808489310674,-0.04724149217922026,-0.04451354649935223,-0.029779054362379206,-0.002499003640163065
2023-05-10,-0.06754274266733681,-0.044120670215405215,-0.0427746992158994,-0.02407926693508625,0.004134253374992955
2023-05-11,-0.0651179596193889,-0.04818816006924906,-0.04292523094987812,-0.030161618389042823,-0.004892352608728156
2023-05-12,-0.057490025671120354,-0.03705624688237642,-0.027725172377701005,-0.011614345328958376,0.027790714425402326
2023-05-15,-0.0632797753877989,-0.046172826490957546,-0.037453873294904745,-0.009859959259752193,0.033720222747068304
2023-05-16,-0.0572190970447226,-0.03933264075586758,-0.025763779593360972,0.0015116677055536456,0.06166719575270058
2023-05-17,-0.05609060718182106,-0.04309750618877718,-0.021224805214840537,-0.0017187829334142808,0.061391407469528154
2023-05-18,-0.03258870719279098,-0.03423929485025198,-0.017190525444809545,-0.0011361576350112082,0.043042386987328755
2023-05-19,-0.03546066220562046,-0.02614820141537976,-0.008030807983863311,0.012215744278374551,0.05372164193002485
2023-05-22,-0.05120937614014821,-0.030810448206007823,-0.015077080656744688,0.01092939481926074,0.06317887820604672
2023-05-23,-0.0517852364961661,-0.029796738634527403,-0.009944509277677914,0.010446702740248183,0.0974897088595347
2023-05-24,-0.05976998027310509,-0.02818312932353043,-0.017735543712359927,0.0016443580125005545,0.06579812014989411
2023-05-25,-0.05767901529913693,-0.033496258793880206,-0.030145532606467743,-0.018744082639350044,0.026196938464839052
2023-05-26,-0.039495595585033294,-0.026584723165811695,-0.02213465388770913,-0.012364684232468835,0.026142654379659097
2023-05-29,-0.028694446519462326,-0.022910097494896985,-0.017544124327558957,-0.010039278716998879,0.0052776647495989286
2023-05-30,-0.03243030701392245,-0.020384493521999704,-0.022078454451745996,-0.010581198899516359,-0.001049798526242031
2023-05-31,-0.006153281595797023,-0.009078862550774554,-0.005265043941981627,-0.00178629840898615,0.0008413240379305516
2023-06-01,0.003584346736221221,0.0035899530124945717,0.0021259718300167315,0.003583289275372266,-0.0050095915588328505
2023-06-02,-0.013941100132465672,-0.005498795466573316,-0.0022414590210744997,-0.0034514153688961513,-0.0009054208017337159
2023-06-05,-0.012466686398901928,-0.0004859903729114441,-0.00929408426212988,-0.013712544591439535,-0.020880876391776028
2023-06-06,0.002015304648679863,0.013119810198349414,0.0030941432204692363,-0.0015828667136714343,-0.003924193880106685
2023-06-07,0.0002266862230961275,0.015817355357355053,-0.0009080679639771589,-0.0010015926900268316,-0.021718247190403814
2023-06-08,0.012553484192542104,0.007875809649127168,0.007257093927700313,0.003159914985268217,-0.013087466811862203
2023-06-09,0.01674873669829273,0.014684344363209556,0.013819834856272004,-0.0020658821856555077,-0.024298329937438155
2023-06-12,0.00483631248671652,0.0019073117063713688,0.0025913217929850957,-0.020444483179455575,-0.04358247240862761
2023-06-13,0.015840925285031702,0.0032639565575868948,0.009029071863192155,-0.006615577235873516,-0.03552139490784724
2023-06-14,0.010058399589531484,0.0019791941178035795,0.0037465581597020425,-0.011159126099038241,-0.029552692785260903
2023-06-15,-0.016602964148070467,-0.008191419958173808,-0.006010877520614594,-0.016660687075514165,-0.02964614379254809
2023-06-16,-0.012038095013727993,-0.009373137367265746,-0.008993397079971039,-0.0199754811287515,-0.05190345336058622
2023-06-19,-0.005351549881818563,1.613562591744834e-05,0.0038125742283806724,-0.018719886260227327,-0.058692206785238676
2023-06-20,0.0038451889378080216,-0.001878281983897668,0.0003336143347932751,-0.024182857974988686,-0.07786125691786872
2023-06-21,0.024229509984376455,0.014790840594802524,0.014386969280532864,-0.003898201559229847,-0.05565499630240692
2023-06-26,0.018343603130774398,0.024095426772282838,0.030561392077084956,0.022200912534483117,-0.023846339606899154
2023-06-27,0.028548928069074823,0.03136960131261397,0.03593854769465434,0.0198873131059947,-0.029086754992892507
2023-06-28,0.03812486207335031,0.03850001345808428,0.03584393328479863,0.015874536442286077,-0.037012307482274236
2023-06-29,0.03848329381074628,0.03395864584789873,0.03838748118967116,0.0018957372007815535,-0.04785623407218162
2023-06-30,0.03542536018579292,0.0416467320753682,0.04518222383668479,0.015470167690998043,-0.04962196885946541
2023-07-03,0.03582161563573029,0.04638989121664419,0.04548201956542295,0.01640088394003966,-0.04320789913532765
2023-07-04,0.03660355130107494,0.04077909261822633,0.04313773235102069,0.02110622443950734,-0.048505176951065564
2023-07-05,0.03282029723055233,0.044177242084190514,0.04381774636286333,0.023521874890111847,-0.03700087943403708
2023-07-06,0.04476336161568642,0.05058625351626074,0.05537563614073821,0.0338616806025066,-0.03660005537596603
2023-07-07,0.04872456340764387,0.05095298618645323,0.057532510905697165,0.035940914169747776,-0.017749267271849188
2023-07-10,0.01896405317837927,0.04363370334908534,0.04861224571819243,0.030865140844626198,-0.01775159397625061
2023-07-11,0.006334533399558116,0.02929918220073793,0.03808364746063257,0.02421765293981852,-0.019682533623738868
2023-07-12,0.019724461241956124,0.03247487287018791,0.03910203591926084,0.030293537197080094,-0.019180516245857055
2023-07-13,0.013665891029891939,0.03179179142907878,0.031790308469569505,0.016583368468530528,-0.031747664183982297
2023-07-14,0.0009923618929518407,0.017802961601088924,0.012974730236156366,-0.0009309428696556241,-0.06023790604081642
2023-07-17,0.0012212385593260127,0.019567593667221522,0.0184673484603985,-0.001691914843095104,-0.04369942970547642
2023-07-18,-0.013373675708484904,0.016460144355222753,0.011734133896430809,0.00019996847565961878,-0.04236468529051557
2023-07-19,-0.01773968559344113,0.008095299214480186,0.007802548547756341,-0.009457405007970805,-0.058775935168932994
2023-07-20,-0.00842587009215541,0.013830451803766809,0.022477075076007498,0.0027139915092164436,-0.02569653639289537
2023-07-21,-0.029580167850977925,0.00011573479311990222,0.005779567515658135,-0.015899381167588763,-0.045483684362870654
2023-07-24,-0.032997197809680724,-0.0072893383554013215,-0.005373409341507477,-0.02751873928745502,-0.058779270142722315
2023-07-25,-0.06021610619373331,-0.02377323085133606,-0.02004926059104256,-0.03488447623677984,-0.05433732921973471
2023-07-26,-0.08859224329828053,-0.04012597637427725,-0.04044668344622549,-0.04498213961727649,-0.057315590314236026
2023-07-27,-0.08093583823559987,-0.039201110300495536,-0.036367832817882646,-0.03651689667452658,-0.04594286667645669
2023-07-28,-0.10362682758387966,-0.06383145282544947,-0.05491969457724917,-0.06416595159567219,-0.07407176317010734
2023-07-31,-0.10444368750282035,-0.06133030056834121,-0.0521663561183851,-0.06006447392280964,-0.07208828026567073
2023-08-01,-0.0822640336884893,-0.04752537811530253,-0.037093366282721356,-0.04441006805063688,-0.04364628843525668
2023-08-02,-0.07597980529238162,-0.05020382445497184,-0.04354754706562463,-0.0428499470249291,-0.027614514846715822
2023-08-03,-0.09255693217630533,-0.06091339236792716,-0.056290162530281136,-0.051173592969816356,-0.03264219066797346
2023-08-04,-0.08566031609106566,-0.05475956074096589,-0.05437966144482083,-0.05129200092248815,-0.044577597638982266
2023-08-07,-0.05689564621455348,-0.02935522561315479,-0.0346794228443011,-0.032654779985528744,-0.0336660947169655
2023-08-08,-0.056019688582802075,-0.03631582077158496,-0.03682139286762012,-0.03607534998078479,-0.04138179999160856
2023-08-09,-0.057436890721316636,-0.030412059368877017,-0.028897942081034807,-0.03216285606661877,-0.025966915556143777
2023-08-10,-0.07627815006610911,-0.04601512558991418,-0.04589526525194289,-0.048036158117784604,-0.04204704765441197
2023-08-11,-0.0630974471426602,-0.026899035364049008,-0.030168481902386787,-0.025485346957883553,-0.022244493261006533
2023-08-14,-0.04570728994215958,-0.021913441352616077,-0.015313983557268698,-0.01578874288006231,-0.019955636353113707
2023-08-15,-0.03503977661932626,-0.013790550579486449,-0.014280603842546155,-0.014118444360322922,-0.016610887035308313
2023-08-16,-0.03537985835396026,-0.015380377982033238,-0.01433087408161958,-0.013584740582221238,-0.01527639863285428
2023-08-17,-0.04728947221987615,-0.01768625595977354,-0.02181726436028625,-0.02182703647317371,-0.025955625375734558
2023-08-18,-0.028765774658485028,-0.001388973378812528,-0.00570314803945415,-0.0012132452861588268,-0.007676620141307006
2023-08-21,-0.006870999149907256,0.009841916884526883,0.007818131638778567,0.006465463539324773,0.0021865320808454984
2023-08-22,-0.01207659336126035,0.011329551170385498,-0.005687118592982689,-0.001614175173759539,-0.025004194281796358
2023-08-23,0.0058388681032516135,0.01942894078966831,0.00593352269038785,0.008452886129956746,-0.013801005410660839
2023-08-24,-0.008067857770805077,0.011575249190623669,0.002462646221196097,-7.233385769292187e-05,-0.021937934158341922
2023-08-25,0.025571013641386472,0.03377391976816139,0.020157387816499638,0.02190727538764618,0.017484614798651103
2023-08-28,0.015170835954071028,0.0110290304591595,0.0016146111805976956,0.00256694486493513,-0.0021639786373809323
2023-08-29,-0.02034815552407078,-0.018283386776700772,-0.018067704930417487,-0.0163534547357723,-0.026106645806133137
2023-08-30,-0.019722604989608688,-0.009203469215585063,-0.013516321582479094,-0.00916158611275084,-0.02767648743082013
2023-08-31,-0.005596758076233521,0.003220250575894723,-0.0003964173588773192,0.0008647307572215216,-0.01793131319328582
2023-09-01,-0.011092597182768883,-0.002083519235411651,-0.00960170868311169,-0.005995823020605707,-0.024832571394818623
2023-09-04,-0.03801266091626063,-0.015410997297352635,-0.02840779828225542,-0.02347870568497372,-0.04576793665817495
2023-09-05,-0.03424404408177581,-0.011202257420964689,-0.023330814601576804,-0.01595237973936659,-0.03127217844459728
2023-09-06,-0.021886248286316662,-0.0060774194254578666,-0.011290816279369417,-0.013361958411885222,-0.021177703835956952
2023-09-07,-0.011598382350629021,0.004160457294845559,-0.002090184715350332,-0.0015840386202522925,-0.015709011193477753
2023-09-08,-0.01967229157337704,-0.01056804303247767,-0.00420869933688333,-0.0035908576215129802,-0.021551535563965635
2023-09-11,-0.03130211501606231,-0.01715995393295047,-0.019209946217252877,-0.017217708298059884,-0.03322290672266774
2023-09-12,-0.04959059555133646,-0.029164189220052913,-0.03098957211734793,-0.032071527162580785,-0.04506549427940117
2023-09-13,-0.05178298850846554,-0.04089438835405071,-0.032261001787982226,-0.03493055721215946,-0.047209633224311216
2023-09-14,-0.045331392742755966,-0.0455828426438737,-0.037420019768624316,-0.0432964690597642,-0.057865123770942
2023-09-15,-0.06658936094187107,-0.06403765235666364,-0.06443735413650857,-0.06143520820777533,-0.0799594071006748
2023-09-18,-0.060137672282756655,-0.053497261950557005,-0.051899031595072524,-0.05198753607879386,-0.06485859740011785
2023-09-19,-0.048965746594410865,-0.0385237151986893,-0.03646372144816561,-0.0377692724171789,-0.05456678859939551
2023-09-20,-0.0407840181734734,-0.025238096331120202,-0.03326016014940811,-0.03219573592500164,-0.040635029536308084
2023-09-21,-0.005579340089752835,-0.007689897736883206,-0.012159161605857198,-0.01142527389672399,-0.024876212105771654
2023-09-22,-0.00843854511836197,-0.009348426169553786,-0.012949994070258033,-0.02250954275188744,-0.03518454458705252
2023-09-25,-0.0050742428918386035,-0.00664020319614411,-0.016464576710594758,-0.011543635265730387,-0.0352785835672987
2023-09-26,-0.0027029894080894228,0.001982837989242752,-0.008686913631885099,-0.008964759455944635,-0.042773635916883705
2023-09-27,-0.02496523640096357,-0.015774863346047004,-0.016018629625814986,-0.021501995028011266,-0.04238076863560386
2023-09-28,-0.01754080282046967,-0.011900743235481218,-0.0148305488668203,-0.01770313344010236,-0.04303293698691884
2023-10-09,0.008580437437960883,0.00021825474121971755,0.008279193947505037,0.004629150183283245,-0.016526357004856593
2023-10-10,0.012565025167621886,0.007660501032551157,0.010917204864613086,0.009361127182776352,-0.008245535578962336
2023-10-11,0.013554841657157929,0.007056716104998507,0.0145774061297152,0.00711483561017041,-0.007941954246232097
2023-10-12,-0.0002595867294247436,-0.004220211655240442,-0.004208632518038955,-0.007208203566440159,-0.01450604675960035
2023-10-13,0.004597449824678879,-0.0014831429373527137,-0.0007738471173705471,-0.004871854742014866,-0.013655969445108676
2023-10-16,0.022756126252046198,0.008419779548473703,0.010469538456202826,0.007772662026795831,0.00031779439042262634
2023-10-17,0.024243155223879362,0.01590700559072445,0.01178801161492508,0.01393469973376328,0.005821291906778833
2023-10-18,0.04902303204937238,0.032166069956604725,0.02778450783221047,0.03517333816331544,0.027350110752877087
2023-10-19,0.04515151564680225,0.03803204317086667,0.030255263147638656,0.040546847980278335,0.035847900356024774
2023-10-20,0.046961535760274314,0.04381730350075148,0.04058532407145042,0.05687386157033875,0.06103024910280024
2023-10-23,0.07979105533878315,0.07233497741934093,0.0676578954225423,0.0835746884845707,0.09221464557366589
2023-10-24,0.0586304302238021,0.06154204859730374,0.04976319824440523,0.06579176226052565,0.075742846113654
2023-10-25,0.0361589816746777,0.03860523078539093,0.03595367035276568,0.04820970523817051,0.05642834052632227
2023-10-26,0.04994950214664717,0.052150161076603675,0.03945350095671597,0.0514254273924542,0.05343753463658604
2023-10-27,0.009616249370856797,0.0267474903356912,0.021883711086285187,0.02571633282302796,0.03154576469844787
2023-10-30,-0.009474423743254735,0.013302613231692321,0.010561985070087,0.01561094842642891,0.020607045141811924
2023-10-31,0.0018654629365046677,0.01815988057949542,0.01820855498745066,0.022702953018279643,0.026342004218071816
2023-11-01,-0.0021971994805222266,0.010996554594843548,0.008275073994097583,0.016820915468620724,0.02359062705278963
2023-11-02,0.006677618669815067,0.01599341139534792,0.01253269623352745,0.02370576334679229,0.027397555059236692
2023-11-03,-0.005337414894368727,0.012621476286919736,0.009979334350175461,0.020723503499927652,0.03298412386356466
2023-11-06,-0.03298257197348585,-0.00265412754729804,-0.007170064618770442,0.0011575537932566092,0.018385384336849935
2023-11-07,-0.04897112953380032,-0.018940108526317858,-0.020090968841409252,-0.017351627613606434,-0.005251657384371301
2023-11-08,-0.04369360437840167,-0.011947972355977075,-0.015096739664612724,-0.012478789208254557,-0.008361697026046184
2023-11-09,-0.050656339043812074,-0.012872750303654921,-0.010212004828790458,-0.0074602614061200605,0.004430609794030179
2023-11-10,-0.05086293970871236,-0.015208434069741063,-0.01152910122663245,-0.008676314178649756,0.015227745327411784
2023-11-13,-0.050142610034827104,-0.010048877159034011,-0.008050367232169394,-0.0010112158905475274,0.015496618154833606
2023-11-14,-0.056567684915338506,-0.010852504407174075,-0.006498930546408976,0.0008497172040890917,0.013919265460048381
2023-11-15,-0.07684608066349395,-0.025957686325059934,-0.013417987533846067,-0.015096557138720098,-0.0007842863752946798
2023-11-16,-0.06352999517924901,-0.019433274084351953,-0.006827045347749296,-0.009714032480213103,-0.002381371120209408
2023-11-17,-0.0705994405936117,-0.02789044891388892,-0.01968658055538016,-0.013883315126762243,-0.01486079948448157
2023-11-20,-0.09199747299968548,-0.04762549465580347,-0.03258035479360968,-0.032624923258578936,-0.02740117843025979
2023-11-21,-0.0895549485555496,-0.04841736497908207,-0.03706880228482883,-0.034874484893276256,-0.024078823200831632
2023-11-22,-0.08550334158980538,-0.05190963376180123,-0.04140383803125494,-0.04141190109388026,-0.03254815933184119
2023-11-23,-0.08068981333228271,-0.0563181586402573,-0.04534797790828202,-0.04329805069235405,-0.03711299484762739
2023-11-24,-0.06520916365294055,-0.06162615456617843,-0.04734235930653856,-0.04335066139792376,-0.04357438585202429
2023-11-27,-0.05498445708377337,-0.05861656611760043,-0.04854911845569206,-0.040212268933096984,-0.043099104975905314
2023-11-28,-0.07027837164266454,-0.07010030698177197,-0.060699936762362565,-0.056021663065607186,-0.0552267956594162
2023-11-29,-0.06395504369127303,-0.05980943094495093,-0.047730501815225986,-0.04034828100635562,-0.04073771111732973
2023-11-30,-0.021975029190955356,-0.03987502375269895,-0.036745347312045144,-0.029671602190926395,-0.03159680017564781
2023-12-01,-0.019014623212922604,-0.03640544994562198,-0.03155247820494062,-0.029587619328377408,-0.02777304751910019
2023-12-04,-0.023404113017480372,-0.034428439533613936,-0.028889335243017563,-0.029486311813479698,-0.03455174630081704
2023-12-05,-0.008955518547919114,-0.01615754069759196,-0.006282070342404882,-0.014203533112209853,-0.022868267012419716
2023-12-06,-0.02822761262986308,-0.022506529352269995,-0.015571375536922599,-0.01713238875708179,-0.03873037075782838
2023-12-07,-0.03431869096868347,-0.031996332363695354,-0.022893631358103305,-0.02989472894938356,-0.061913513890825396
2023-12-08,-0.053023239087411425,-0.04826464482136634,-0.037243444416192,-0.04109838933589021,-0.08113092370891221
2023-12-11,-0.052906660813688645,-0.0506195217001293,-0.043073244946618974,-0.05132202796597054,-0.09196480753314565
2023-12-12,-0.04802205093875132,-0.058737082950935826,-0.05108308416508683,-0.06333217819316465,-0.10459171076669127
2023-12-13,-0.014726131364609818,-0.039158649881511715,-0.0361032706365988,-0.0469559243509113,-0.08320036682022137
2023-12-14,-0.016387227918983158,-0.04250695137131522,-0.035964956746371825,-0.04754769785948803,-0.08613279748451383
2023-12-15,-0.02065527772661281,-0.0384686890737296,-0.034860016029847084,-0.03993334367396004,-0.07753586514296999
2023-12-18,-0.003937981026194473,-0.024233787746110673,-0.024931652352450623,-0.0332413784422985,-0.07220945042132812
2023-12-19,-0.03310444816162176,-0.04692394543565649,-0.03894458363382792,-0.05186459865437014,-0.09717919647820503
2023-12-20,-0.014513522746504942,-0.040582213851932336,-0.03672013326854857,-0.04620418548516923,-0.07160786193390964
2023-12-21,-0.040047865516649246,-0.05046971416686601,-0.05208173983428305,-0.05481213887830649,-0.0864444920312839
2023-12-22,-0.08735416460996352,-0.09107652757537774,-0.08477821584571708,-0.09096022902100794,-0.11089831892283651
2023-12-25,-0.08194586517313103,-0.07979209615311443,-0.07409708129041435,-0.08042517113746674,-0.09024774663206521
2023-12-26,-0.06642998717247899,-0.055517830215888665,-0.040992780916611085,-0.04760370469361921,-0.06484779372863997
2023-12-27,-0.0386523811630337,-0.027691128807976372,-0.016023689149772976,-0.02295747092760854,-0.04661593321667177
2023-12-28,-0.08808722425174284,-0.046127124140855257,-0.018811526823272365,-0.03419906809313338,-0.05651376813381662
2023-12-29,-0.11970876051171643,-0.05958549590532626,-0.03975323197463674,-0.05787565476928694,-0.09833021664268737
2024-01-02,-0.13409361633066139,-0.08325153317503331,-0.06778432896607871,-0.08032787628590841,-0.11671406226767095
2024-01-03,-0.1633289117823712,-0.10837282523332592,-0.09564026023049019,-0.10292323302172594,-0.1424460928204199
2024-01-04,-0.1536505474351204,-0.11563642361541007,-0.10081164854418427,-0.11583523385462943,-0.1375998897450144
2024-01-05,-0.16723248705557617,-0.13078739359762032,-0.115953810175206,-0.1272475617061806,-0.1485360813345287
2024-01-08,-0.18061412437161897,-0.14227055368166086,-0.13952524428216243,-0.14268436274105098,-0.17163628220030583
2024-01-09,-0.13603915072872091,-0.10313354590729007,-0.09368680331249822,-0.10118974889904914,-0.12546785492012297
2024-01-10,-0.10150891978926206,-0.06569122557924262,-0.06906584964045301,-0.06630406741355872,-0.09074056665119211
2024-01-11,-0.0967264657078923,-0.0495637043597473,-0.05267557924838847,-0.060642238419702364,-0.07828119344991187
2024-01-12,-0.09335425575443984,-0.049478625677737094,-0.04618018873078511,-0.047943054867918396,-0.03503821416062563
2024-01-15,-0.08740856280719361,-0.045829930330729234,-0.04577382689056094,-0.041040155497114,-0.029510985734663802
2024-01-16,-0.07494614894818163,-0.03884817299717608,-0.031672878375115864,-0.04001699898766197,-0.02571828310975721
2024-01-17,-0.03740684169469447,-0.00895227180674079,-0.005461513763802663,-0.007094205866846601,0.021486889209977707
2024-01-18,-0.03525161156647174,0.006778625149045464,0.003247882872218539,0.00983614318184639,0.030602012371633527
2024-01-19,-0.023193648814594868,0.013563352108745274,0.009936496376411726,0.011163868659443302,0.046001354169234676
2024-01-22,0.04377257629731703,0.07795602546843387,0.07499682316165221,0.08693849704264422,0.12928368325523085
2024-01-23,0.005214746242858061,0.03353971806195172,0.03368211444648447,0.03593384590806474,0.07091215543277829
2024-01-24,0.03281788301679372,0.0415317504194466,0.036626677174391345,0.0420637308457072,0.09004324725347453
2024-01-25,0.014758460188921825,0.012446759567874537,0.006896558451470441,0.016531105699825275,0.06768643614784511
2024-01-26,0.022100889013023033,0.007991726180032995,0.002766085324052931,0.018814751308759006,0.09290797731373644
2024-01-29,0.03876619903630678,0.026433417511592793,0.008261482597509178,0.029133282106443996,0.11260463330726189
2024-01-30,0.07411828907485604,0.05451266551317642,0.03564075940996082,0.0506997394439677,0.14536908652013164
2024-01-31,0.09071465095593262,0.07599509822686983,0.06347059889269387,0.07165901825998,0.16212537805036667
2024-02-01,0.10463960980317925,0.0939399590482361,0.08646312690999514,0.09774937433054752,0.1813207710312595
2024-02-02,0.18908126654507595,0.1434727223766917,0.13409167938094746,0.14629680635613876,0.21860964785722997
2024-02-05,0.25871424384179464,0.2028153023061507,0.19593948621779414,0.20348568695563304,0.26045374106284824
2024-02-06,0.17209735094797052,0.1360312709369311,0.13303094033386098,0.1428679463990076,0.20715616543120413
2024-02-07,0.1154678638634676,0.09422041847311981,0.10111625593969713,0.11272828069213807,0.1718740842755552
2024-02-08,0.09432626711251205,0.07377472361861426,0.08707999175813258,0.09195290138696914,0.15021222456967426
2024-02-19,0.10933434832765382,0.08619322050189404,0.0875866829276212,0.09371040972229563,0.12831353000871343
2024-02-20,0.10307333442044558,0.08085857577187637,0.07737751194714511,0.07996379224910702,0.10153286416574989
2024-02-21,0.09298388389646764,0.07537184414914774,0.0765746347429116,0.07709737949670861,0.11340937533933365
2024-02-22,0.07330252523098255,0.06614821435776902,0.06688383578306689,0.06347360911238026,0.09353473286929669
2024-02-23,0.03483634604080842,0.0512817879758947,0.032124055838636416,0.04240389358669186,0.0735746940811395
2024-02-26,0.009344012379014216,0.022648496375555695,0.023539176678902887,0.028560772182635787,0.05473122786250529
2024-02-27,-0.009158107703401742,0.004948218961659451,0.0002445852010625979,0.011546608918400352,0.022327316327946354
2024-02-28,-0.01564131265669207,0.01564331814447451,0.014751850783742245,0.012651871592843499,0.0349159437330934
2024-02-29,-0.035481159567111,0.0002962911402971378,0.0005343360449589388,0.0049726232072006245,0.01355105540166375
2024-03-01,-0.03983407974004523,0.004511651093353306,0.010684805577163517,0.010731578060448601,0.017636829587171634
2024-03-04,-0.0023490873902611855,0.019989869870529614,0.031366191895170675,0.02722248926494987,0.019331834585499353
2024-03-05,0.011656110674613118,0.030260492196722145,0.031485643743896084,0.029392215465893778,0.01898609144564314
2024-03-06,0.0021833988511522294,0.02585147158650593,0.02345203775044495,0.02557750506833301,0.017056513085842783
2024-03-07,-0.0003081785615496305,0.013343488127695662,0.01218343339128304,0.023452665580794424,0.018349208816185493
2024-03-08,0.013093921053476136,0.018260143153522968,0.013830211052300239,0.022013849627894815,-0.00032980389032856563
2024-03-11,-0.04263518496565949,-0.01984562147031267,-0.013298993001249045,-0.0014955595058570772,-0.012785423825729477
2024-03-12,-0.056825033767396484,-0.02880759699036363,-0.014120500428082501,-2.696500813933804e-05,0.009045560100668449
2024-03-13,-0.07011215340737081,-0.03672110901416639,-0.01795134649588784,-0.010244162234714861,0.014687139334047892
2024-03-14,-0.07478637134304955,-0.04138866148305677,-0.016571024655885974,-0.0013870522994619153,0.02717978241712577
2024-03-15,-0.13177880723227675,-0.09364418566543387,-0.062131283498531344,-0.03741973113192916,0.0025751903187730394
2024-03-18,-0.1067842359946462,-0.0693259237640938,-0.033009316809219015,-0.02666269640400995,0.010829687210624122
2024-03-19,-0.10095349462749743,-0.0677616683258673,-0.031211677970470985,-0.014510430500877825,0.020478162589642246
2024-03-20,-0.11895246922293369,-0.07429220724400368,-0.03910146622856488,-0.024661567744876597,0.010247752718539718
2024-03-21,-0.10885891854174613,-0.08136256557703034,-0.05168752027037375,-0.026359969804622192,-0.0021223446173231526
2024-03-22,-0.08993557154760438,-0.07058323383358672,-0.041787967864821425,-0.02551223994109687,-0.012724229073227367
2024-03-25,-0.06492225445048164,-0.04747599865882555,-0.01472684075494529,-0.004043386381711092,0.010319121320381859
2024-03-26,-0.0649408324875486,-0.0430248231494341,-0.011256905206899682,-0.0008808747552746399,0.005974490123520437
2024-03-27,-0.005019954074543806,-0.005394364937986473,0.026470783560889017,0.03383916449226086,0.045388566596640464
2024-03-28,0.006761319147389778,0.00859790885545617,0.03742818202443384,0.041061417314086704,0.04016843528214001
2024-03-29,-0.0086752488622967,-0.004462564125620259,0.013881547830156124,0.023164658496113537,0.025796880565355108
2024-04-01,-0.0190715510086145,-0.00793929776994229,0.01487877819106636,0.024340629727108664,0.025150969616534298
2024-04-02,-0.015204990942340783,-0.0061741503106670275,0.01530589429168324,0.0283501156948517,0.031247926785129457
2024-04-03,-0.0244312476386073,-0.013839384916898739,0.0031737525404996747,0.020031694328988686,0.023395880904002353
2024-04-08,0.019832627835522705,0.025425036505470355,0.02919723359545134,0.04412850994618379,0.04146860162426646
2024-04-09,-0.008413347728469167,0.01112331150066898,0.014894454511824102,0.03072882382413154,0.04268947652559399
2024-04-10,-0.0031264489190144453,0.024977485928715605,0.02025506399784537,0.043262371344211244,0.05271177688640597
2024-04-11,0.004122073932753654,0.028904628390558885,0.021711937247951035,0.038280194719043543,0.0443056000774347
2024-04-12,0.009682268333371002,0.028727128962896538,0.024881515302886285,0.04057823546171018,0.028325042339271984
2024-04-15,0.01961696981283635,0.04085937792266599,0.033743904987165604,0.03430533616139366,0.01506524407130808
2024-04-16,0.08708153031891859,0.10657173704495787,0.08557707168361518,0.07891342748137428,0.04219058854919772
2024-04-17,0.04904309840690523,0.06509248216422052,0.04995661697533252,0.050979205598895044,0.018368013584018874
2024-04-18,0.040172815447903014,0.06266786319854298,0.038720917022626866,0.03430579559416912,0.017757687615788248
2024-04-19,0.07082391277534841,0.06452951818046074,0.05145879554937683,0.03074570651804817,0.016234474233631946
2024-04-22,0.036926673718868444,0.04796736765507859,0.03232223875055705,0.026674717561470263,0.011505748168928116
2024-04-23,0.03013539356823075,0.03420186645137807,0.03598059514535029,0.02069439363462903,0.017767894243855976
2024-04-24,0.03278553093304601,0.03066667815731308,0.03386366140678999,0.01635241182635107,0.015473820520509454
2024-04-25,0.014100997789534163,0.018113355684471828,0.012148375627897431,0.010877140861399211,0.007834369859952008
2024-04-26,-0.005644869067165513,-0.006906364009685715,-0.003194597634101101,-0.004294217545637967,-0.005195417534267596
2024-04-29,-0.04463669238516019,-0.036147504109489074,-0.031959893893711615,-0.0255712459407243,-0.019935448608983868
2024-04-30,-0.022746568707732034,-0.026256995120894577,-0.022029632943528762,-0.016474291081370367,-0.020502347988648948
2024-05-06,-0.05396099561379816,-0.058387944741568894,-0.05309493073965663,-0.04159441415930527,-0.04038167244224894
2024-05-07,-0.050120924093649315,-0.056321064364972556,-0.046674220858883175,-0.03800166244502936,-0.028334812077063874
2024-05-08,-0.04286752888572319,-0.050067918194074926,-0.05330963351692669,-0.03961035667793815,-0.034740405257636005
2024-05-09,-0.08138631082280777,-0.092180588328561,-0.0899044851238674,-0.06470820262499291,-0.048017366338520884
2024-05-10,-0.07848196964618986,-0.08361741404144724,-0.0770447718315014,-0.0560853745208025,-0.043283721815102434
2024-05-13,-0.05297776950799433,-0.07295771830827184,-0.06732749578625191,-0.06450937399447154,-0.051478265222854515
2024-05-14,-0.054265318673056416,-0.07211810880019269,-0.06852302285646893,-0.06375116758404743,-0.04418328074656149
2024-05-15,-0.05541737573179746,-0.07261500253031294,-0.07091496980262359,-0.06119076580135222,-0.041083082704880605
2024-05-16,-0.06735178846714619,-0.07347709326413138,-0.06705435916068997,-0.05904873164049927,-0.031483713203796705
2024-05-17,-0.09081386143091107,-0.09371561853706205,-0.08158652516522809,-0.06398347250023137,-0.03993536924136279
2024-05-20,-0.09283144100699169,-0.09006074543522409,-0.07685405176167773,-0.05973142041990082,-0.03803180814862514
2024-05-21,-0.09981312140981317,-0.09045012513965818,-0.07770989027036684,-0.0653932869711556,-0.03867810964923674
2024-05-22,-0.13390497364131346,-0.11037439479061004,-0.0937656197642574,-0.07586045912986476,-0.04189383379351522
2024-05-23,-0.11531603879968325,-0.09334733171105482,-0.066397765109706,-0.057827343833195544,-0.026550950038530693
2024-05-24,-0.13216623334221875,-0.10972423915001835,-0.08419153232632509,-0.06871016814958517,-0.0361426174949021
2024-05-27,-0.14931252919841212,-0.11901460776482575,-0.09234799551533061,-0.08112170327239278,-0.05503982528318205
2024-05-28,-0.11373856508708047,-0.08365557002039936,-0.06796651881441036,-0.05585432192710103,-0.03665412734953779
2024-05-29,-0.13450336690548004,-0.10261390489090069,-0.07818952098996701,-0.07279109630940692,-0.05791863372870187
2024-05-30,-0.13970189069320693,-0.09616464904273714,-0.07827740325358157,-0.06405170281523936,-0.03482666810328863
2024-05-31,-0.13446477852840302,-0.09848429567809276,-0.06831170979287242,-0.05368514238373298,-0.02373404148869851
2024-06-03,-0.12497972175765659,-0.08039767932891521,-0.059176400501954385,-0.05118894545939941,-0.032120512881528195
2024-06-04,-0.12344151571509414,-0.08743434124484269,-0.0694990369711153,-0.06354243481518773,-0.052398674874468004
2024-06-05,-0.1408887649755701,-0.09973263832561606,-0.07063490394981704,-0.06472963559977998,-0.048593116680662095
2024-06-06,-0.10722563861245087,-0.0648123572588316,-0.046294448038819616,-0.046907992877452225,-0.035568090514206695
2024-06-07,-0.1337194530456903,-0.09939778811838526,-0.07399484923187785,-0.06971758810216701,-0.04520214714951012
2024-06-11,-0.1297727240793235,-0.09410927123881432,-0.05948087841213086,-0.05059576128837266,-0.017339876784655334
2024-06-12,-0.13347390316197685,-0.10607627464949967,-0.06736256346140135,-0.06416631886239701,-0.03399654855141841
2024-06-13,-0.0968681996110213,-0.0677146021360577,-0.04359924267287307,-0.03209865780678071,-0.01711425474734495
2024-06-14,-0.09292362817031143,-0.0659647093434602,-0.04626591284650874,-0.04309668604858412,-0.023406889179709133
2024-06-17,-0.10637356723259359,-0.06956703143038205,-0.05368922055901111,-0.03948108376368155,-0.02319805341357197
2024-06-18,-0.10263711710185215,-0.07295207066457551,-0.054906509168695515,-0.04450247688600078,-0.034029185586997114
2024-06-19,-0.08902603532159437,-0.06105447721473281,-0.04782074111365215,-0.041598193865466385,-0.041523121241638955
2024-06-20,-0.06289990157206121,-0.039868226645963636,-0.0299284772651931,-0.01912483621843019,-0.02620368417793009
2024-06-21,-0.04621469542973953,-0.033468129799704004,-0.027755226364844208,-0.02535705801250589,-0.037224597800945655
2024-06-24,-0.007513087117418968,-0.005189810187401757,0.00251358884229378,-0.009095072629989463,-0.027460589864341994
2024-06-25,-0.014077519274011725,-0.024318600352231698,-0.01515103815003967,-0.025173780001871492,-0.05138425413782903
2024-06-26,-0.06347101552973321,-0.06041447868539587,-0.04216362995917192,-0.04883080567969146,-0.06550732409990077
2024-06-27,-0.036050683231013764,-0.03349223668647702,-0.022767225627305123,-0.029583429693831917,-0.05730490333653134
2024-06-28,-0.016722607385539198,-0.016922343150441374,-0.008860084628703437,-0.023647450629083258,-0.059908092570147405
2024-07-01,-0.02819143703432548,-0.03036105826945049,-0.019967447008585798,-0.037848682517365,-0.07522091406396415
2024-07-02,-0.01682434942515683,-0.03377082488051379,-0.013654549559451955,-0.02443223275309627,-0.06912915120718605
2024-07-03,0.02273125736433296,0.009953384329085681,0.017413744127301456,0.010553591356030716,-0.03205140505765569
2024-07-04,0.04981477337991721,0.033115389593630196,0.035407993595989826,0.018753474502534413,-0.029041253791113646
2024-07-05,0.026187175089505743,0.015221797204833794,0.016726628167898126,0.004523791404030149,-0.04450061366378792
2024-07-08,0.04596385088150252,0.026334644521593748,0.023254239643339964,0.0049268395266406535,-0.05784824150881794
2024-07-09,0.060560941752908166,0.030643249882490575,0.01588278347464791,-0.00529728870924431,-0.06910763349804797
2024-07-10,0.0642483380760188,0.03315893880861051,0.02053899054838948,-0.003658371003848473,-0.05193716419525421
2024-07-11,0.028570283459500873,0.007366989295426043,-0.0018566284412581712,-0.01652368639323285,-0.06742887723231587
2024-07-12,0.012259124924139865,-0.0035213142481237652,-0.006767351945980754,-0.022515261755938053,-0.06422288926742623
2024-07-15,0.023801809646928865,0.0024114822221268624,-0.006261790335165453,-0.023405432803631245,-0.060846886621355796
2024-07-16,0.021246397893350664,0.004433765074460713,-0.004228567374706979,-0.023965674891651228,-0.05847362579635641
2024-07-17,0.004698401316461018,-0.0012670207406595996,-0.011353294438580309,-0.027986776452523916,-0.048161004234986114
2024-07-18,0.01554744019023294,0.006142606365111697,-0.005915370792364295,-0.022601557437057853,-0.04783110116866919
2024-07-19,0.000142307803398059,-0.012692443029432928,-0.015376585139636238,-0.026975831187093086,-0.04469365124196596
2024-07-22,-0.006630895100518916,-0.011965439694920928,-0.01372110951973778,-0.021897147081246047,-0.03491816505491896
2024-07-23,0.00010765968299821023,-0.006100637550314236,-0.010047490264480522,-0.011868274718201996,-0.025374806140554554
2024-07-24,0.008349358411444258,0.0040346888887885755,-0.002902471476040385,-0.007586567788485201,-0.019944870759779534
2024-07-25,-0.02467129942006122,-0.0191608236724514,-0.012625567342051952,-0.019196268955420672,-0.013254396444353488
2024-07-26,-0.04007226318436811,-0.03442327996571,-0.02655565869002707,-0.03047205047306139,-0.021283591334890502
2024-07-29,-0.02334043832352583,-0.02338939111392734,-0.018579911851237543,-0.02907097703665086,-0.024377287607683453
2024-07-30,-0.04659648771528193,-0.04171055986409511,-0.031232658478368067,-0.039535024771495106,-0.02400097997561129
2024-07-31,-0.08330921527241064,-0.07044819324023015,-0.06312946567256844,-0.07166096446743264,-0.05160898344643954
2024-08-01,-0.05858243912493025,-0.052498269762759925,-0.050052690752262534,-0.05881540857336116,-0.05058423839280141
2024-08-02,-0.027521641160936094,-0.025092306604995288,-0.020655159942023757,-0.03521667802867389,-0.030442558726204456
2024-08-05,-0.03703963760741245,-0.02737259117320859,-0.021944088324808046,-0.037122398343826905,-0.016438043429491626
2024-08-06,-0.044279177480096694,-0.03679441738451952,-0.026906504297699373,-0.03477571037856454,-0.0204717152404893
2024-08-07,-0.04527459963754403,-0.04112303253705125,-0.02728143348188127,-0.03958328016029977,-0.031417449975778416
2024-08-08,-0.04158781855000717,-0.0325806435977367,-0.02291220838143829,-0.03330493735090944,-0.027129348496738002
2024-08-09,-0.04763532999251415,-0.035645593008054345,-0.025092050000281106,-0.038617946282733864,-0.03601149372511559
2024-08-12,-0.040748732685458325,-0.028650755378866532,-0.02969470743498311,-0.04364396106332295,-0.05064866963595482
2024-08-13,-0.04024075575551483,-0.03402697920465553,-0.03244681240492892,-0.047501855551558406,-0.052455883487016144
2024-08-14,-0.027460307893104077,-0.023154149791028256,-0.029333992392512564,-0.039011856166466914,-0.05193757864714486
2024-08-15,-0.0390499899105577,-0.031040747683109,-0.04061666479068395,-0.05513966974970372,-0.05924173700936363
2024-08-16,-0.039910610039582524,-0.03023180916268302,-0.040649750672786596,-0.05602018796634224,-0.06554374152370661
2024-08-19,-0.0426259591455863,-0.03624946288531965,-0.042012425565747975,-0.058839227714365915,-0.06516672747571567
2024-08-20,0.000490780508778273,-0.0015832738945519135,-0.00925506613460788,-0.030399320425014094,-0.046451234418208816
2024-08-21,6.812376798201193e-05,0.003138571917352056,-0.006237897202569608,-0.023938931891390625,-0.046005843108319594
2024-08-22,0.018458764023836637,0.021319102975846063,0.007595319215694585,-0.01395273706151071,-0.04323847756955875
2024-08-23,0.07288430551025199,0.05937211914848597,0.04518976400895544,0.021816076536316904,-0.007100580452861513
2024-08-26,0.07600804804970449,0.06895802342519983,0.050960537134816006,0.032528991646188006,0.005265623992810132
2024-08-27,0.1516272555371347,0.12905763083817395,0.11066570838426089,0.08106286717071454,0.04876462140279344
2024-08-28,0.23733846624480737,0.18883144583459913,0.15768978611285173,0.12467015925563232,0.08851755308226583
2024-08-29,0.35357617175892486,0.29221596403490324,0.25819019722829867,0.21430064681442457,0.19009710579423753
2024-08-30,0.4278261525635022,0.3710204123742774,0.32131646695887983,0.26876349339817773,0.23600317186081501
2024-09-02,0.3531837059708822,0.2929693502692871,0.23176617006572137,0.20762618826027307,0.17453494066942307
2024-09-03,0.31373442760361675,0.25635641509261303,0.22282672023134695,0.2117935854310338,0.1712485418501937
2024-09-04,0.2587022117118438,0.2162055424793556,0.18654439755462401,0.17940172815868405,0.14422380177702315
2024-09-05,0.2786513224441275,0.2384851671248187,0.20088505610875307,0.1952262176024093,0.1844546997320691
2024-09-06,0.2670167968809781,0.23560303370253083,0.19256052365341436,0.17889903442477348,0.167835062237046
2024-09-09,0.26963535385391707,0.24783371691512204,0.1974440995405918,0.18996960613689462,0.18439281791507195
2024-09-10,0.27028916281236864,0.2218054527581408,0.18138600747106928,0.17978293646515225,0.17369065949757373
2024-09-11,0.319212967617189,0.26648023189813486,0.22413329644220323,0.2221135260044154,0.22653513448965332
2024-09-12,0.34337299511921426,0.2823558281779016,0.24193213350328613,0.23086269547048793,0.2428035392439828
2024-09-13,0.3754640873453823,0.3180482237007679,0.2645719113270441,0.2480998005186012,0.2602154057323648
2024-09-18,0.3959197653155276,0.3332340867836314,0.28675984905778856,0.2486922948044869,0.2494665347827597
2024-09-19,0.34130904584173666,0.2996945237260603,0.26158563203534074,0.22910695862370578,0.22955447867335682
2024-09-20,0.39599808136714937,0.3336277635266226,0.2799175494783831,0.24964994058884227,0.23579688558299575
2024-09-23,0.43343771576454276,0.36037536885764176,0.3201947085551652,0.2691093875632131,0.2406678503379667
2024-09-24,0.3389379238993006,0.2845194764007987,0.25137951332574066,0.19956146581488188,0.19717930482309837
2024-09-25,0.32127562635064316,0.2767332874031636,0.22585515098040793,0.20529144563348717,0.1867096481920621
2024-09-26,0.27035933386551875,0.24141843979927205,0.19832660647299025,0.17789011685680048,0.15941942861198913
2024-09-27,0.15260346711133746,0.14827402726519626,0.12683406990849852,0.11471961927605677,0.10777556573707883
2024-09-30,0.049707952593511316,0.04845536031656673,0.03203548699347605,0.040885122515051525,0.0289541439991089
2024-10-08,0.005257392959990097,0.004302346292456554,0.006083274224883779,-0.0002791931001830732,0.004821931192850392
2024-10-09,0.10084695914642948,0.10836417556469317,0.09167216163652667,0.08129507696953706,0.07371924005589794
2024-10-10,0.1559154873333216,0.15465706543009736,0.12540491891665348,0.09891530715741462,0.07296967892642808
2024-10-11,0.21461056861822425,0.18948460131347214,0.15284042177153898,0.13921666494488358,0.10720522624505192
2024-10-14,0.21345030755307012,0.17784878265042667,0.14667002791444875,0.12411429884371188,0.08116174967474138
2024-10-15,0.22576369922159822,0.1944692292117778,0.16232867546749238,0.1349406541584325,0.09161071504844033
2024-10-16,0.21860144815175173,0.19269680429797154,0.1628931222716094,0.128630352714898,0.09417876009705733
2024-10-17,0.19485927384220356,0.16615775307068928,0.14292992980079344,0.11116616946055434,0.07759700790583593
2024-10-18,0.12088689635612071,0.10227047812744475,0.0807819663395618,0.06188840760567453,0.026010475530505048
2024-10-21,0.08543089725503683,0.08707039358755171,0.062383332727004796,0.045642021705077876,0.0018278797616901022
2024-10-22,0.09166494615881624,0.08629774284871107,0.07036730823320421,0.04661947893518205,0.005243138498903041
2024-10-23,0.09830807780955178,0.09224229883188442,0.07935462239278633,0.054034263864408655,0.01608148874372721
2024-10-24,0.10480303853149439,0.10372563311091453,0.08606138163801105,0.056022075303871204,0.02112964665347887
2024-10-25,0.031273338388933127,0.04424960206523814,0.03285821152839029,0.004088221691651215,-0.014169818562027038
2024-10-28,0.015579391980675246,0.02803881058631995,0.003707336597983883,-0.009578756408995515,-0.03163127468232605
2024-10-29,0.024379090909678762,0.034386977717966435,0.014655991738099367,0.0030189565321191675,-0.025720974648191456
2024-10-30,0.04449622612980869,0.0489362206713565,0.035141703972485124,0.014811800489489808,-0.008509124633740572
2024-10-31,0.027936864226124677,0.03115284827029932,0.02112189431550628,0.0015111709967725194,-0.016832553548272337
2024-11-01,0.07554232144750002,0.07318705733535918,0.04327187860132491,0.025828362772039738,-0.0015719755501893988
2024-11-04,0.08895458985864128,0.0657111333099291,0.051724405109423464,0.023712203486933404,0.00042010454742969514
2024-11-05,0.04684173210197707,0.0323652151936629,0.023814021911819833,-0.002710622958643573,-0.0242941854710254
2024-11-06,0.018656454358241464,0.009486186113817168,-0.0021075710324571636,-0.010982170977260803,-0.02936543785224714
2024-11-07,-0.0034251544107035026,-0.0071907954088994835,-0.017086280531708107,-0.030841247915641405,-0.04662341675456085
2024-11-08,0.014136070687935317,0.01559896634987109,-0.00010437712556025282,-0.014527243269456244,-0.026489696050710408
2024-11-11,-0.017429453832000872,-0.0072030448169041385,-0.015994035590230268,-0.033828608733975404,-0.03345158572662931
2024-11-12,-0.006048397912968865,0.016884857317877762,-0.006835497068713529,-0.011596973836496398,-0.019947779427824924
2024-11-13,0.01033574249929652,0.03816977233335643,0.005482503215399037,-0.0016555317634166483,-0.012090636756295629
2024-11-14,0.05165829904180874,0.08228381078230794,0.04756424204107953,0.029440575586109397,0.01480127091552547
2024-11-15,0.05828971908829003,0.07885272927787619,0.04576836169967411,0.02731811474760842,0.014074799986288517
2024-11-18,0.06741516792492304,0.08207450032299454,0.042184659370818584,0.028419586260420678,0.02661297743327488
2024-11-19,0.017758976514541672,0.04090498357580673,-0.001126225990165773,0.003836058402040728,0.004186118703208413
2024-11-20,-0.0036116647068931513,0.02853283343415258,-0.004712492639361354,-0.00490428338514036,0.005162876230781475
2024-11-21,-0.0057497012047847094,0.022876303330053492,-0.0018864677358708265,-0.007930963903849755,0.007121003769559249
2024-11-22,0.039728956380075356,0.053487361793799565,0.03536511685539275,0.02913452876969343,0.04977647890486308
2024-11-25,-0.005855016532555013,0.01692883166411967,0.0059622089480501185,0.022752000268153008,0.041857425708282596
2024-11-26,0.009940077611038607,0.034113290382889065,0.022406027672923455,0.04393819350884684,0.053646517418863095
2024-11-27,-0.02311056934308601,-0.0023433209729055225,-0.0003107861761390961,0.008458003763375422,0.03116171996832212
2024-11-28,-0.020683486126978984,0.005408666139271463,0.001661998638318032,0.023670234074630616,0.041096843344654986
2024-11-29,-0.030706179751488608,-0.005701466456991823,-0.00014222316287857464,0.011291076136701848,0.02993965325717523
2024-12-02,-0.05884841884143169,-0.031067515083101033,-0.021410747118296904,-0.0033246517249297825,0.009485526574548956
2024-12-03,-0.08126376629093579,-0.05418259460661016,-0.04393696292866916,-0.02684990934507419,-0.016199512436105352
2024-12-04,-0.08697549149728281,-0.061608027205031515,-0.0525637291060225,-0.04283152012683887,-0.042809737012235616
2024-12-05,-0.1163946323824678,-0.08917677933787259,-0.08092144697997192,-0.06654613782941864,-0.07053590848597072
2024-12-06,-0.12720371740132605,-0.10850011698969694,-0.09118294215358842,-0.07721315215163914,-0.09135709157462552
2024-12-09,-0.11548801550629548,-0.09718288137174912,-0.07830179118656345,-0.0718862189289297,-0.06426955478562656
2024-12-10,-0.1243655079035835,-0.10612518100963,-0.08570271047618479,-0.08407314783478659,-0.07048874832848252
2024-12-11,-0.13711079661697487,-0.1269916637233896,-0.10159899217792123,-0.09315623845159227,-0.07765405518589807
2024-12-12,-0.17132827673964174,-0.1526777599287918,-0.12823770847512317,-0.11204003160397911,-0.10092728479644657
2024-12-13,-0.14887055898253695,-0.1314083345442666,-0.11401077539493161,-0.09381201794590134,-0.08565396378811993
2024-12-16,-0.11019344873681851,-0.09029888425942022,-0.08098346851068917,-0.0560394576899998,-0.04309908833825608
2024-12-17,-0.09274897571281901,-0.07562415570297557,-0.06421040543932703,-0.05132621190574411,-0.04124524127315742
2024-12-18,-0.08903233965610016,-0.07315636320520005,-0.0642424968006352,-0.05348178988556774,-0.04001212346515293
2024-12-19,-0.08137989501498334,-0.07280856579582252,-0.05624966260262909,-0.04825947887209611,-0.039477052672851544
2024-12-20,-0.07929110930294335,-0.07150935528442685,-0.0562721349986075,-0.04459738809595478,-0.038190186155395364
2024-12-23,-0.05409327825555651,-0.04628417120039595,-0.03533554159354067,-0.03280768040926004,-0.017097404587711144
2024-12-24,-0.0743110552363359,-0.062015174158122514,-0.05304056938642862,-0.05173800765273982,-0.03810849364500103
2024-12-25,-0.06218091714098765,-0.0538650281841178,-0.04890641173700223,-0.04203929832426985,-0.03178691130388827
2024-12-26,-0.05581714968664721,-0.05058109858561359,-0.04261869172090685,-0.03987208099637314,-0.027224465986143316
2024-12-27,-0.065659414873248,-0.05745923520968628,-0.05670416941549622,-0.04954343444234425,-0.04342188016696449
2024-12-30,-0.04647437401369518,-0.047662946041983144,-0.048450807804437036,-0.05232490491310867,-0.044713004535484706
2024-12-31,-0.00109453484835872,-0.010275819765972732,-0.004266365109566804,-0.01997386317623101,0.006106036693526777
2025-01-02,0.04288084503839062,0.023846342430545696,0.03385390493867741,0.022945994858301132,0.05409987443897265
2025-01-03,0.08948238639269299,0.05989879810472169,0.07256566940037598,0.04910166638725852,0.09589533995965441
2025-01-06,0.07569670665980871,0.05777202292401037,0.061194366928878294,0.053507995613710765,0.10519080879082632
2025-01-07,0.08000719266012143,0.06643555946982943,0.06198941050038006,0.05363081669260918,0.09450474227855875
2025-01-08,0.08646997618336205,0.055315097749630865,0.06129560327318122,0.05671513338792826,0.08678082510662752
2025-01-09,0.10130684297859455,0.05934728648398785,0.06805508326767012,0.06911519906249479,0.08336180914088172
2025-01-10,0.13549337384348484,0.08157800807000806,0.09603827018743337,0.08812563827634279,0.12252932581982669
2025-01-13,0.10594316889310604,0.06400412965390664,0.07625854408924207,0.06647653750359585,0.09681189719637792
2025-01-14,0.0917548005476023,0.03888802505034055,0.052414250977334334,0.04701686395053546,0.06313570137280626
2025-01-15,0.10348819524245487,0.06352447565069241,0.055139777721693914,0.0601505923287156,0.062095785090425945
2025-01-16,0.10484187466168961,0.06769064682623341,0.06012308757047323,0.06510233125246434,0.07587347037933259
2025-01-17,0.09080396485506452,0.06403911457789245,0.05532372649071417,0.07309820308162013,0.07969824574221394
2025-01-20,0.07413727812605685,0.05284810422821087,0.040478072075023436,0.052687888349625435,0.07612227739726744
2025-01-21,0.09795084900073814,0.06736766913760896,0.05522191477366478,0.06191218826794156,0.08719374022382688
2025-01-22,0.10837303129403277,0.0799427529199429,0.06593543691144584,0.07157581830848352,0.0806425525954852
2025-01-23,0.0778269642289205,0.056699182799730116,0.04737591413062794,0.0405007042408381,0.043495025018848416
2025-01-24,0.07861218788357138,0.04804487366388178,0.040165920512879594,0.03575868318538609,0.024543066892000115
2025-01-27,0.08543023994090714,0.0664033308604053,0.05183796677303419,0.05138780789223857,0.052278852479138736
2025-02-05,0.06560025017929592,0.05908824546498755,0.053185431273078745,0.04585176531127317,0.0632574315799648
2025-02-06,0.060980024818520814,0.053633015609044175,0.047894155424798524,0.04537144904495269,0.0558692178182357
2025-02-07,0.03684971163981346,0.03556636536733823,0.02751380048812786,0.02989585467099443,0.025618821643657582
2025-02-10,0.03143685274909236,0.021998523961366725,0.015627951219716323,0.023798619008527477,0.012933567174883878
2025-02-11,0.05168976719618491,0.031256966919125696,0.03279969323879605,0.02365596068873478,0.019354644862112077
2025-02-12,0.04233523485788745,0.019920518854987152,0.028072015951060077,0.010265488764575968,0.006131192257155207
2025-02-13,0.03554970960253136,0.019264200868153263,0.013172680883801774,0.021042311115356194,0.009146383454307619
2025-02-14,0.04339693743949236,0.026689722626804104,0.030618602019904885,0.03698363872247529,0.027341777410316993
2025-02-17,0.03952633247306507,0.022501125284601232,0.027673774099175392,0.03519867731616805,0.025269010187124102
2025-02-18,0.05841388444318467,0.04872502015327945,0.05239935567815229,0.05343546490216593,0.053607242418442176
2025-02-19,0.04158113830552995,0.033461888224353954,0.03520877769358082,0.027955513056637474,0.03023576217553698
2025-02-20,0.031483013216308135,0.03220134436699694,0.029452625117695235,0.023311523536295436,0.014084659292175533
2025-02-21,0.012846964973474942,0.024642035199261784,0.011063495637724423,0.005978928561988876,-0.03217300648780707
2025-02-24,0.0026875831121005145,0.01495814885434345,0.004731368754873013,0.001883010928876986,-0.0364295542021915
2025-02-25,0.0173284570513188,0.02376922629610317,0.01744480953201728,0.008259848572078652,-0.04317470877702934
2025-02-26,0.004841123043379639,0.01632977360032919,9.985606425009056e-05,-0.00038572913289048537,-0.05222280805526053
2025-02-27,0.005701217991015668,0.00602510529855954,0.006179398889315749,-0.006154075247256889,-0.04609059796565055
2025-02-28,0.014902174718508528,0.018131130315941272,0.014783243807592023,0.014969815541501869,-0.012334730895336807
2025-03-03,-0.00847879685006147,-0.00029881273791913527,0.011146081399482175,-0.0060256884939412,-0.0188440580255719
2025-03-04,0.0015735084950358363,0.008821362828658048,0.015295895611618584,-0.009223068774194695,-0.03301231238456176
2025-03-05,0.005444890345054169,0.010142594207532185,0.006728611880770998,-0.00965882218334118,-0.030399788622901342
2025-03-06,-0.006639412229082719,-9.642025961429432e-05,-0.003813901664143368,-0.027111066586766843,-0.07253818126731289
2025-03-07,-0.09059172142143461,-0.08476914360059877,-0.08404697501783628,-0.10845413285110238,-0.17224126327161116
2025-03-10,-0.07530137974605755,-0.06761118317451101,-0.07167713744813102,-0.10922426434008795,-0.18597331313766366
2025-03-11,-0.06873500121165986,-0.05975649226111857,-0.060579458090375855,-0.0990827235644962,-0.1629650661819217
2025-03-12,-0.05098339404003173,-0.049165672735666285,-0.050673829425626704,-0.07893789626065008,-0.13888215968324172
2025-03-13,-0.04784966791474019,-0.04700301876676947,-0.0552091127648836,-0.06430753594026839,-0.10414024412139934
2025-03-14,-0.059197077958568135,-0.04865948740008653,-0.054435561798845,-0.07033149643780762,-0.11584322845524246
2025-03-17,-0.06383765160443793,-0.04991116576593398,-0.06451241570245746,-0.07675135214756566,-0.11564666023269457
2025-03-18,-0.07366272942527914,-0.05498888706123181,-0.0715101157164318,-0.08451623908607538,-0.13074021293493793
2025-03-19,-0.07423341996310585,-0.047027515407246576,-0.06995145211934839,-0.07491104196019623,-0.12154258872660369
2025-03-20,-0.06851882483825324,-0.05091868337064086,-0.060620393561086505,-0.07581677355067955,-0.11664636212718141
2025-03-21,-0.057137979389580124,-0.03826508129993866,-0.04158383070046201,-0.052024367439148525,-0.07090633836847224
2025-03-24,-0.05075827383021737,-0.027471440334104345,-0.03631105019001373,-0.039795277006671535,-0.07615405845319015
2025-03-25,-0.06183437912605816,-0.03913321741434214,-0.03666284353175888,-0.04439266826127516,-0.043876946519012056
2025-03-26,-0.06677909133902406,-0.040090243190189896,-0.04241632735870852,-0.05086870098629912,-0.05872686842848968
2025-03-27,-0.06086266541532242,-0.038732431642378266,-0.03709533220328661,-0.04546987315583324,-0.05997129119695048
2025-03-28,-0.06356687325228497,-0.037761059779552505,-0.04198600444008738,-0.04919964564013298,-0.054242461113102776
2025-03-31,-0.05211389579587917,-0.02958961555094143,-0.026492745558872474,-0.03286395811834112,-0.04639414770754542
2025-04-01,-0.06476330339197253,-0.04012260798277401,-0.037141611339070305,-0.039368705062545625,-0.030816570669832833
2025-04-02,-0.0464890629527595,-0.026412674594708602,-0.022025037377706516,-0.019071044805011823,-0.008549178043168367
2025-04-03,-0.03958766161542185,-0.018676617437881203,-0.01709539059181466,-0.008651082331116665,0.009535698267149636
2025-04-07,0.06596542253204231,0.07863134251565353,0.08807796157312518,0.10425173572965175,0.1367537300621544
2025-04-08,0.04062048725161037,0.05889567788319224,0.06733248975176029,0.09745576642065626,0.12907628845655233
2025-04-09,0.035403978078932,0.04734014525952969,0.06385558970124207,0.08673737176625267,0.11835178749423167
2025-04-10,0.019218923886863526,0.034835465083492646,0.045846094641698885,0.061860240658816824,0.08223848918614704
2025-04-11,0.023201616024429713,0.04000773248204275,0.05383788879718514,0.05929266882265175,0.06386465411293521
2025-04-14,0.005319338221957136,0.024312270221024685,0.03067555340546737,0.03331990936579736,0.027020968429715266
2025-04-15,0.009208431384422596,0.029730206365063763,0.031505525173028424,0.0320689136546009,0.035839390417293365
2025-04-16,0.022431528330795317,0.03832956029028047,0.047321994213029614,0.049832775959094536,0.05275481110577745
2025-04-17,0.029754873421848464,0.04147326656995415,0.048970707597979383,0.0516368037817938,0.06264964952589948
2025-04-18,0.035340031449769195,0.039728165885372105,0.05334343689167511,0.047181974481260346,0.05224165021217594
2025-04-21,0.01419048599930184,0.02569393725872676,0.03277799441155796,0.026502595755918342,0.015333737094903405
2025-04-22,0.007033364549264885,0.011725392236936014,0.021427395818385958,0.01367740133888669,0.008012262271518394
2025-04-23,0.01370157410860365,0.018571243222881645,0.02393958068970059,0.01240670600892215,0.002710625249186389
2025-04-24,0.018374995635816117,0.02300875951055301,0.029974806227556626,0.015597135719355964,0.010255709000108457
2025-04-25,0.015158953819108404,0.01788591646650887,0.01940985095414791,0.017632813345803154,-0.0012211367403535591
2025-04-28,0.035136371396837,0.03373425788606539,0.04324755099234574,0.042504899156488724,0.027760855890571912
2025-04-29,0.023685022147084924,0.031012330976522933,0.0320061188025486,0.03464120759865214,0.0120464032428864
2025-04-30,0.02389918218051174,0.038223738224229566,0.0433805780385679,0.03514674935716539,0.009869735748081141
2025-05-06,0.015516466631511117,0.027359787408737304,0.0298065311337095,0.027099507877620336,-0.009011772752983014
2025-05-07,0.010321601439875011,0.01536634987282813,0.019122413481912206,0.028793710209773837,-0.0008802138231325822
2025-05-08,0.003209641886971773,0.015674949447422284,0.012819762119589137,0.0217407662676048,-0.015793206183640336
2025-05-09,0.016788156462007545,0.027865727784780057,0.027350502196723775,0.03336730415294814,0.016734605110692014
2025-05-12,0.0038044279546019196,0.01484970210131688,0.006559364104837324,0.01625702202382311,-0.007203280843780544
2025-05-13,0.003358540749886672,0.015237644508276596,0.01477892535466286,0.02337897317865034,0.002274958271461896
2025-05-14,0.005621047134990847,0.010120018228430568,0.005380985262512015,0.0231959055674605,-0.003946777065352238
2025-05-15,0.00044111111344323506,0.005509321783410142,0.006375162247323938,0.015413445062923161,0.0047042795165150005
2025-05-16,0.0017776669661665084,0.005653250636374914,0.010487820481723647,0.026810368254737982,0.008004340991637254
2025-05-19,0.0034183455037271227,-0.0026066451102529525,0.005940375340700449,0.013022228242596594,0.0020141859039733215
2025-05-20,-0.009293693670230377,-0.011036368695910629,-0.0017741491453636766,0.004875305257117367,-0.008219273301496193
2025-05-21,-0.022052831700194914,-0.02333964001726927,-0.015229917523324647,-0.015941314109833446,-0.0175181419793524
2025-05-22,-0.014316069798713683,-0.013698469687649796,-0.013302624019075615,-0.01334116542024495,-0.019537820223607574
2025-05-23,-0.0021831929166490852,0.002424666625026006,0.007453229802139208,0.007114060652177696,0.006934727438240377
2025-05-26,0.009452676162043932,0.012450893373371307,0.01281101542577111,0.02404742684261589,0.021097233159249162
2025-05-27,0.01182753691822341,0.019860343567364828,0.02542648751570172,0.037189740914957,0.050761284862381004
2025-05-28,0.00957634785394234,0.01705168784824332,0.024744941444152214,0.039050524830417,0.05071115870251116
2025-05-29,0.001755267436739882,0.008963700459333259,0.013645625663370796,0.02610480888429585,0.03821154077726162
2025-05-30,0.020225689625128534,0.02257088626846754,0.024761003840714578,0.04100281915608386,0.06548949905055959
2025-06-03,0.017441010059394402,0.0206816415737128,0.02880316128370513,0.039469070906271414,0.05529378834415335
2025-06-04,0.016748893492840172,0.014352123656411708,0.022963307459951544,0.019745895112234076,0.033197390840194047
2025-06-05,0.022900911903530545,0.02055572742595489,0.026669125722211334,0.023798985599827994,0.025382552426771808
2025-06-06,0.019832716495070395,0.013587591906208188,0.02341440089196625,0.02474329094529075,0.028539730041419478
2025-06-09,0.00910631744056204,0.011250577703396412,0.01692680061207389,0.021958320113070025,0.014986311095548545
2025-06-10,0.028536116034386775,0.023191109286461134,0.03367824376203123,0.044525721658981075,0.04407624996642975
2025-06-11,0.021231063522724726,0.017743931986795976,0.028958450338809626,0.03495398688926993,0.037364679280634576
2025-06-12,0.03296830340342232,0.025494875672096087,0.03694187687029339,0.04128492970469894,0.03643760624875396
2025-06-13,0.046850126658270756,0.03982197719849395,0.05783637212398712,0.05942197558771675,0.059011557244337966
2025-06-16,0.04796906474306473,0.044821842850326185,0.04738255567409324,0.0566435090793813,0.04101305372549217
2025-06-17,0.03289463968226862,0.03764842620655813,0.039549607623408506,0.049715461658140184,0.04886837586462057
2025-06-18,0.036614198462150575,0.04570636101793962,0.0440652677916499,0.056525425396728494,0.04529761001390583
2025-06-19,0.05567344558569319,0.06731513129106294,0.06700768780273808,0.08653705354644024,0.07451839486706441
2025-06-20,0.06164106555186119,0.07332256191781349,0.07849679891128239,0.09876245636896928,0.08783179721606338
2025-06-23,0.07433993055126044,0.07964204601612604,0.08191915614980311,0.09864558587949589,0.08589208390363226
2025-06-24,0.08641819424073928,0.07865312082844005,0.07910403436610634,0.086007519557395,0.062490321883784436
2025-06-25,0.07113028474462364,0.061980668489930835,0.06509477389520628,0.06466457673133097,0.039315383404003104
2025-06-26,0.09757622532695245,0.08431000578921541,0.08459841902254141,0.08763971600461187,0.050919514104548466
2025-06-27,0.0861177093043411,0.07179650366448792,0.07649328264864655,0.08312751586255879,0.053309111167718165
2025-06-30,0.07123789255217267,0.06499147153878625,0.06862048245680719,0.07940410573914468,0.04499633178991218
2025-07-01,0.07595210424747967,0.06560897580264553,0.06842015854039558,0.07551733449326367,0.04559215209019155
2025-07-02,0.06591063077072368,0.06011193818284897,0.06314017786344334,0.07438760513685273,0.05457952124530849
2025-07-03,0.038683755501818594,0.03543871631340885,0.04255830345311157,0.050039984470292134,0.04477033808801437
2025-07-04,0.046703401373212085,0.042497015245579674,0.038604737466885225,0.0548597873080245,0.04466743448677357
2025-07-07,0.05135378951793008,0.04493970551120834,0.04144788295529858,0.059353700991259924,0.05258334343194564
2025-07-08,0.04215034697282939,0.042763493477148244,0.03602043934667966,0.055210512176215434,0.049287044371606394
2025-07-09,0.04832506175050427,0.04539271359477622,0.044658567140761274,0.06235167474570364,0.06360366843694869
2025-07-10,0.041921513815458146,0.03373535190879172,0.03939102101150015,0.047979455392075224,0.06425110444860398
2025-07-11,0.0419531145227175,0.035929749900487466,0.03633691349057456,0.03339863243075941,0.0524948725658701
2025-07-14,0.0484160692675356,0.041747887668681836,0.048361101550326094,0.047180015673336344,0.06751900388734039
2025-07-15,0.0585895384229995,0.04817489795703727,0.053743450528033775,0.05545900005055895,0.07569627554928121
2025-07-16,0.06003380596650297,0.04820603763633182,0.06458693299679637,0.06756996050894198,0.09021268431311685
2025-07-17,0.04186430242061861,0.025963209599147382,0.037929857389497036,0.041013321921619474,0.06716749501663001
2025-07-18,0.051108006979257804,0.038438389327337355,0.050329502789548335,0.05703544759343851,0.08357176594269364
2025-07-21,0.040721046949682344,0.03454086170267747,0.040790962634270476,0.06236640390593846,0.1041837386670888
2025-07-22,0.018614005448382584,0.021206690449642084,0.03310614797970261,0.06402272120139492,0.1056409811681067
2025-07-23,0.03546766082028622,0.03569612661044761,0.052011364615382916,0.0764412441385333,0.12196551376741675
2025-07-24,0.02397764889003139,0.024402467240026076,0.029438294004201355,0.05283305985462121,0.10683401220554964
2025-07-25,0.03866507825167618,0.034497145814760224,0.044268101546732795,0.06862397059833078,0.12954723204919782
2025-07-28,0.06112861224463744,0.052743102785535664,0.06248951983327411,0.07499850028798484,0.14236273749633743
2025-07-29,0.0563428695432029,0.05601463353721586,0.06392395005423565,0.06872688778930801,0.1416705772803342
2025-07-30,0.033985273227904116,0.04068562097996759,0.04523949722331526,0.06187653787260309,0.12785391470405919
2025-07-31,0.061670619284933004,0.07050016336971165,0.08107900580464962,0.0881168223724844,0.15600554343934517
2025-08-01,0.06254076188979314,0.07007914342645069,0.07716964750404529,0.09960419794990993,0.15740811447706607
2025-08-04,0.0688931941573765,0.07576071725665585,0.08643269705510122,0.09510744037291441,0.1569093291899302
2025-08-05,0.05102841323632066,0.05854713453479126,0.06214434738128574,0.06427661017641634,0.11778738411561818
2025-08-06,0.025715058057796593,0.05330586649382358,0.03619551517289528,0.04253572190302067,0.08981005278839974
2025-08-07,0.021556541954780774,0.03666860594887319,0.030439260913500046,0.026863410911267642,0.060543053732836714
2025-08-08,0.04149534332317904,0.06163417683854125,0.047701233950549406,0.059076187990852166,0.09536337263721835
2025-08-11,0.05121790754909129,0.06554788063551382,0.04509260762166294,0.05956990838530087,0.0855220782412769
2025-08-12,0.04179619392891361,0.05197481597170954,0.04879456417503836,0.049175431535398474,0.07051647732402055
2025-08-13,0.03405026088559378,0.043510280826104766,0.03351234936638984,0.048040695571713525,0.060941101154328575
2025-08-14,0.06052223686557964,0.06952765608791453,0.07198510101461018,0.07961736238436548,0.100168266134404
2025-08-15,0.04051542002179807,0.04684985489159806,0.059319905673909275,0.06197863001825319,0.09195554058550583
2025-08-18,0.032466278674958805,0.04462133840875784,0.04693447303692604,0.04618357332229789,0.06637430838754119
2025-08-19,0.031645556961182895,0.04548346461639598,0.05297384402478631,0.04948062517905402,0.08084710687649496
2025-08-20,0.02424819064380305,0.03981824336118672,0.03806802028709163,0.05111600418155905,0.07570435444778108
2025-08-21,0.005679680540339212,0.023214377093127365,0.03239223477564741,0.037426623522085305,0.07144495678373575
2025-08-22,0.0045555659468591225,0.0071900966291074744,0.030938915818771368,0.011105606025754713,0.036516519133393405
2025-08-25,-0.017167407327851054,0.000631752207819405,0.003975875206394757,0.011102671556607492,0.017904805037664506
2025-08-26,-0.025380014618683038,-0.019606736856771084,-0.0011609772198981697,-0.0036930858702919635,0.010689969058257752
2025-08-27,0.004446394354198942,0.015743159100191098,0.04023944395730463,0.02769932247399691,0.04222503150982259
2025-08-28,0.001621917769028789,0.00796506362698089,0.016812032579736173,0.021042840838758223,0.016486907222100087
2025-08-29,-0.0007169174308747966,0.007804896770782629,0.0037465710443645487,0.015447572721567675,-0.014937914141187107
2025-09-01,-6.229875088314275e-05,0.013598597042042058,0.007902831417214293,0.02539863620195478,-0.014482495982414842
2025-09-02,0.01316642412156449,0.020802391428013,0.03926031482376982,0.05109417172865761,0.022506111972751684
2025-09-03,0.03629046572744129,0.050478042285610564,0.0753920994694571,0.0825172505729222,0.0510601839284786
2025-09-04,0.042891499203044116,0.05026411285933552,0.07784505449653481,0.08898964581414956,0.06561695512929741
2025-09-05,0.01765472831313272,0.023851808386249933,0.051763743972055416,0.05837920372739084,0.030993117309087468
2025-09-08,0.00236980753352366,0.008212241428756503,0.02261420556131222,0.0351953681152455,-0.0007753495254878886
2025-09-09,0.012453595874902672,0.02274183280668308,0.03324576390504534,0.05830656444574679,0.032491107535016814
2025-09-10,0.015608778309818503,0.018308897894981198,0.031076464317974724,0.04794444643995576,0.012255642610553194
2025-09-11,-0.01087875110697603,-0.008372190026520548,-0.00656327134511214,0.00017110493709998945,-0.04690310713799477
2025-09-12,-0.0009622024440314618,-0.0036155680682698733,0.0014426127165907562,0.003230515869026921,-0.04136535029653086
2025-09-15,0.003077248377083753,0.0017802970368262687,0.021313550883919636,0.02372831911284994,-0.023930051810635403
2025-09-16,0.0013633773158260199,0.0031197711201700552,0.008336625391684928,0.011685182195517977,-0.04303220377118595
2025-09-17,0.0009194598718459379,0.007847558536960382,0.014829448823242738,0.0020349660102585644,-0.05064512555760852
2025-09-18,0.0120963079893211,0.020702467734969726,0.03044923900097482,0.024456423346149433,-0.027017262586803675
2025-09-19,0.012448110430965763,0.029179549169415595,0.03901384474376892,0.044685263893288585,-0.007832348882043181
2025-09-22,0.01896241339728381,0.03159230020231656,0.03290864528605605,0.036871281785733505,-0.012826526804394875
2025-09-23,0.033898887132177404,0.049040584630353386,0.04996090738507838,0.06761887939646266,0.017258933141980518
2025-09-24,0.01736316238964197,0.030392384489335705,0.027297945093137623,0.03973799136806929,-0.015589185410103458
2025-09-25,0.024817719265627983,0.032952304925450884,0.03350541488827353,0.037395993049631746,-0.017806794443840198
2025-09-26,0.03368914125010561,0.04618057569826429,0.04359986900618745,0.05273384229880697,0.005249437423218014
2025-09-29,0.028079134555214474,0.025363522537856786,0.0226304184145828,0.028140211623612858,-0.024420904748007732
2025-09-30,0.03263602493247132,0.030559904295731403,0.03305435482681696,0.011963630015402968,-0.03420654120294738
2025-10-09,0.024098058118934892,0.02213421366667262,0.020581218237251918,0.0060299671066167924,-0.03558714706521645
2025-10-10,0.023360066173809074,0.02548683257039712,0.027957057282023405,0.01409242462021877,-0.018754759120704647
2025-10-13,0.04084015785588189,0.04413961004042608,0.03722780441004161,0.028856365101715322,-0.01279665762011995
2025-10-14,0.03897453406808298,0.04832585013544775,0.04619481109555069,0.04146638503636638,0.008205075267304702
2025-10-15,0.02520873114452732,0.037328525060360565,0.02976072771179163,0.02142438966284463,-0.01812460532032277
2025-10-16,0.0305356961282457,0.05175432664212152,0.050388743426632715,0.04972170637563225,0.013799238008406772
2025-10-17,0.04288306883337324,0.064649039977404,0.06595657198499977,0.06887581095185347,0.03227963149640796
2025-10-20,0.042953195450075636,0.05638106084123377,0.0564670434589825,0.06359936830974425,0.02286441408942742
2025-10-21,0.03006400726752108,0.02518616569206857,0.02802850276758695,0.024775023094563114,-0.0028811296855787176
2025-10-22,0.022077182628943554,0.020123833732145966,0.022224627972262084,0.02693057514717523,-9.70855388286763e-05
2025-10-23,0.010289811241164902,0.007825291262307714,0.005309112900857663,0.021449945830229387,-0.0061754828534815835
2025-10-24,-0.015765613704936458,-0.01724869513121432,-0.025848907138688787,-0.026845230839932385,-0.06508389592783233
2025-10-27,-0.01785686622955033,-0.01371087340513864,-0.028941918795790996,-0.03277825067491016,-0.06904604074625455
2025-10-28,-0.01135776516084202,-0.00330523468857077,-0.015694234385413956,-0.013849875550957343,-0.05780584055630223
2025-10-29,-0.023409144883225874,-0.012063685114285936,-0.02423959701488896,-0.029904160733986655,-0.07141664465421434
2025-10-30,-0.016126357054096336,-0.010000791574766145,-0.018532766727161837,-0.026281105924704482,-0.055968585322670995
2025-10-31,-0.014393666948976933,-0.003909846036532657,-0.012169384570822967,-0.015466500593635005,-0.04189936468046747
2025-11-03,-0.019649400197138338,-0.0015150424299008813,-0.011838668898005951,-0.011430582409259284,-0.03261607077898538
2025-11-04,-0.019826213082154986,-0.0013342320257063505,0.0008497375311255203,-0.01023119381064606,-0.028864112563258448
2025-11-05,-0.030894584352852427,-0.006397513011227116,-0.012182118340180105,-0.02353767271838787,-0.03785511287225943
2025-11-06,-0.037561256443193046,-0.018524120539830546,-0.02060777550349752,-0.035798053112814726,-0.04675663271932211
2025-11-07,-0.03292571922633752,-0.01294544453817455,-0.013023946942827143,-0.027750587726771914,-0.025480279663654126
2025-11-10,-0.05024519569161168,-0.019801642943800733,-0.024181443010108127,-0.030810370791709545,-0.0028184583229742387
2025-11-11,-0.06327244301780538,-0.03126283337804029,-0.0343502190643072,-0.03800462428018944,0.00019698425942320867
2025-11-12,-0.04752008868422234,-0.026954466424783365,-0.024183822805424145,-0.025843007434570714,0.00786408230162671
2025-11-13,-0.06075721342418012,-0.05227827230831737,-0.04535319250045271,-0.054022718838455976,-0.0260458591901635
2025-11-14,-0.05788548794159956,-0.04275212943412154,-0.044197878083573144,-0.028642246271388686,-0.00024782955608666877
2025-11-17,-0.060981394070205384,-0.03211710391786594,-0.045661100864227554,-0.031073764537537327,-0.018318663002537816
2025-11-18,-0.053021567736932645,-0.03363347682194282,-0.046270683049070616,-0.0324320525680271,-0.029842916355995452
2025-11-19,-0.034774699130273284,-0.03177959915592281,-0.027617399206752727,-0.016636126795095775,0.0032830950245918426
2025-11-20,-0.0328823164725341,-0.023141730501928935,-0.017487133851061553,-0.010270926944612421,0.0005901268299089208
2025-11-21,0.01373300687648763,0.01643278377916008,0.025048403987910167,0.03689226860797379,0.0510760143529708
2025-11-24,-0.0030226171186984127,0.02200100608337508,0.024866156027711746,0.030996769772907242,0.07067708995052893
2025-11-25,-0.015700319377625407,0.0013530233090594762,0.010474049890079643,0.021425767513487733,0.05460821370471879
2025-11-26,-0.0015325811034677711,0.008855552528338771,0.020547340808805218,0.03657719164504756,0.059848814427168384
2025-11-27,0.0019970573450249,0.01392393144410613,0.03279893355344498,0.044971745508275165,0.06750376774080286
2025-11-28,-0.002409726026887938,0.011031127103690832,0.028034480028288705,0.03809593976051586,0.06181442641350863
2025-12-01,-0.0047885652257723755,-0.005649304190533457,0.01863418370686736,0.018222802645473667,0.040558958659747804
2025-12-02,-0.00899257044684349,-0.0011372582539530295,0.013779692817516124,0.030325661300070708,0.05798946175958852
2025-12-03,-0.0014952907730333984,0.006408579394504114,0.018074217609117545,0.03812280319536458,0.06363347545870779
