date,0,1,2,3,4
2016-01-15,0.07324145298171657,0.04198132775881226,0.010949546412540017,0.004250582175970864,-0.019968171205071925
2016-01-18,0.055677653459130144,0.03454871315308472,0.023155704213094777,0.016958684635551044,0.023334990410207028
2016-01-19,-0.00704858997321449,-0.015287442677553421,-0.019080485187520427,-0.01764555847026436,-0.008942465270044215
2016-01-20,0.00013379925914833938,-0.005681224121917838,0.005142936279966133,0.000728885285869176,0.021056705924827508
2016-01-21,-0.03163833768391426,-0.042837045165603764,-0.03977200205608218,-0.03959881064172115,-0.026884037533810776
2016-01-22,-0.04199163475035318,-0.05947094185274207,-0.05251536223372085,-0.03604323888930214,-0.04533666041054604
2016-01-25,-0.1197762498122069,-0.09738186907063112,-0.1143612725061685,-0.10833752901167776,-0.09535281686513715
2016-01-26,-0.02799857978404275,-0.010430718024994652,-0.006083522594341665,-0.002417782567829249,0.002044332093416831
2016-01-27,0.04939154195095084,0.06658877954012757,0.059439842873557074,0.054139299902251366,0.0465972220099193
2016-01-28,0.13396902130125177,0.1261065787951013,0.1174409291735111,0.09258176388369725,0.0765624296247926
2016-01-29,0.053482109454380346,0.055545881134595645,0.0520175455698035,0.03348906292173308,0.016154026577572863
2016-02-01,0.12989698064875133,0.08765770637686138,0.0908717304171054,0.07066997055754638,0.031651775224468465
2016-02-02,0.1004495819915477,0.06951950926638376,0.049314462295000354,0.03440099963122416,-0.009648133363408664
2016-02-03,0.0693586141377536,0.03839404048123433,0.02145981953953371,-0.007027048157103467,-0.032946488112072445
2016-02-04,0.020043957042242114,-0.0017177039784560155,-0.013751323889676221,-0.038502298655170304,-0.06779597118984862
2016-02-05,0.012758750154422382,0.003845645971361887,-0.016824024781072294,-0.024631480491095325,-0.039653264521359206
2016-02-15,0.04469811806614917,0.049439441310032604,0.018337825145106026,0.00844813139384991,-0.01295092943826884
2016-02-16,-0.0025955835841562046,-0.0033230065585464967,-0.019700956484046423,-0.054058949741882675,-0.05592178312338461
2016-02-17,-0.019551730405721824,-0.04092097402738087,-0.04709196446158364,-0.06768374040766888,-0.07270769030465939
2016-02-18,-0.010979432539320197,-0.011981735755847475,-0.00905570156965846,-0.025534701502534892,-0.03916526572566231
2016-02-19,0.02732600058889173,0.022239781573152696,0.013245312257197437,0.002323343772533288,-0.00946719325678322
2016-02-22,0.011574131809800004,0.01564537317198263,0.012545389744838955,0.02140420395616679,-0.0018206689647102172
2016-02-23,0.0032258943722399025,0.019677388432568357,0.02354265015213384,0.015999765850439152,0.0018802314058677552
2016-02-24,0.001840691104587354,0.013323737129406002,0.02190285340256273,0.014004273486187267,0.01381633448700773
2016-02-25,0.08539539294603894,0.0926825777029326,0.09707431827301556,0.09105092496853988,0.05666096884656478
2016-02-26,0.10756134980964235,0.1032459168633509,0.09540283288606664,0.08343059439096795,0.04939159883788701
2016-02-29,0.20954128823323348,0.1661857666970054,0.16062577125499866,0.12134001111674476,0.059344312033939764
2016-03-01,0.14405889613806375,0.12013010241481893,0.1037312388340471,0.0814539272034552,0.02721705017337656
2016-03-02,0.1258137559686464,0.09484891401482878,0.09580556606643197,0.05380623446598448,0.002922879685628048
2016-03-03,0.12511511382127974,0.09068327066801446,0.08153437220280156,0.06637419375854431,0.011813810568706241
2016-03-04,0.17422675329575246,0.13731336677776396,0.090877771510068,0.06787159888291812,0.02557329479843707
2016-03-07,0.1317593050692602,0.12936590973986342,0.10179767609351294,0.09875355549106002,0.049191060711871126
2016-03-08,0.11367550175356789,0.1260964292761806,0.09659305076350302,0.09898735639985756,0.07058424598122529
2016-03-09,0.12490689431369549,0.13143816740474215,0.12474971180351194,0.09597929390308826,0.08744913717226493
2016-03-10,0.13733580397652093,0.13427710171712215,0.13834602382317468,0.11670306418734108,0.07755075277200338
2016-03-11,0.12283882195999188,0.14914034100344342,0.15365720529993718,0.1444640041280645,0.17119909603977124
2016-03-14,0.071252356857946,0.1051849305902277,0.08445516821281357,0.12679630171575215,0.11879505234147063
2016-03-15,0.1295629447356722,0.13331527989077283,0.1324685081635766,0.1174923039869134,0.11518270055047568
2016-03-16,0.14870979100285284,0.16209378453097495,0.15276534378639178,0.13916620530527404,0.13355349713527506
2016-03-17,0.09677727791056977,0.10445083448399783,0.10099755491332327,0.1200458875390586,0.12012574687115297
2016-03-18,0.03923895556399664,0.04661121162894544,0.06217146801622059,0.06159590987346195,0.0590021440854542
2016-03-21,0.02047208525814297,0.02598854155532497,0.04076779008144659,0.03602187105576765,0.021203222252409025
2016-03-22,0.0007310186804435641,-0.004368487045523384,-0.0030565757897316006,-0.009549002714539996,-0.03882202153940173
2016-03-23,-0.006299200360468969,-0.007705569462206791,-0.016117222167393058,-0.02959461430524827,-0.0720566520984659
2016-03-24,0.016621822792849048,0.011365758336789877,0.011066931085008995,-0.00380598166865702,-0.05130236314559856
2016-03-25,0.010747455552933207,-0.005208864604668807,-0.011549324960823795,-0.012453739011470783,-0.06608021876064084
2016-03-28,0.010212526656783131,0.007700350675340035,-0.001483084001765255,0.005801515750388206,-0.020559669610336295
2016-03-29,0.016757428453642597,0.020183757026541925,0.03158302041100044,0.0033517186182911766,-0.005281094112584111
2016-03-30,-0.027261408969142815,-0.011855340550163377,-0.01845557573851063,-0.028379290591603535,-0.04185543120917987
2016-03-31,-0.03514740190563355,-0.02674862804957172,-0.022576779691227768,-0.017481742880352025,-0.04089055182671638
2016-04-01,0.005687350676827662,0.004350897839149886,0.010725138559554221,0.008360314342009853,-0.01156432981243842
2016-04-05,-0.013158329337514898,-0.012088883313037811,-0.02251599255079438,-0.03236314201900264,-0.036158337165681974
2016-04-06,-0.012568887324910112,-0.01934604409335944,-0.015665458078981023,-0.021759710549613048,-0.03530151587133154
2016-04-07,-0.05409472835435216,-0.038551321387291684,-0.028171763058053422,-0.043956878620323415,-0.06457699557976222
2016-04-08,-0.08049683780673839,-0.08061543922916883,-0.050071228733955385,-0.06935129018043723,-0.0842011445225034
2016-04-11,-0.09464785804038514,-0.07966412687779165,-0.08875694944928862,-0.09574025140788797,-0.11375051476732166
2016-04-12,-0.11279971656381116,-0.07859304469187735,-0.08881627993266074,-0.07313263690258237,-0.09938746825372144
2016-04-13,-0.12933602376668665,-0.09472001141778713,-0.0879258010717039,-0.09976598523894227,-0.11885276431129123
2016-04-14,-0.12065701643306298,-0.10784001124546484,-0.1017569445874287,-0.12068520257538326,-0.14040842383469854
2016-04-15,-0.09841435646354924,-0.09753386300810905,-0.09451377594649252,-0.10705842799459633,-0.12476931779415804
2016-04-18,-0.11885990960523414,-0.0791363225843482,-0.07359992865473976,-0.0889774853259312,-0.11355420700614263
2016-04-19,-0.11938640166888878,-0.11925732022599791,-0.11229570321930164,-0.12498073961027291,-0.12978211305627954
2016-04-20,-0.09720119262295596,-0.08362852981286283,-0.07461981046172134,-0.06561485486093428,-0.07094824195798198
2016-04-21,-0.06844153311962822,-0.05685115850777733,-0.05671625661003843,-0.04380177676652284,-0.08491506046025865
2016-04-22,-0.058230802587202736,-0.060230738395269066,-0.054233569037998614,-0.04993286325909056,-0.06262645612880334
2016-04-25,-0.059728061506421355,-0.07542996637177263,-0.05613373905788392,-0.05268491488617167,-0.0710798380525503
2016-04-26,-0.07036040212152045,-0.08962922103884219,-0.0775026908448875,-0.06797690709575346,-0.08009284841892463
2016-04-27,-0.07249064764148773,-0.04834535408589024,-0.06374645075170031,-0.08655445483398094,-0.06979069189685465
2016-04-28,-0.07329572571266255,-0.05372744351774849,-0.05590304448126008,-0.06903279661868146,-0.08270181672848853
2016-04-29,-0.08794609453878781,-0.060731780661605145,-0.05849881908134124,-0.0745501718330042,-0.08199629708556985
2016-05-03,-0.06966567667133333,-0.05130491451838877,-0.05474334458443931,-0.07489939306233992,-0.06520048516036898
2016-05-04,-0.06982406981667974,-0.04656535715815333,-0.06750679381674653,-0.06879644060907736,-0.04467635763854551
2016-05-05,-0.06069749808351818,-0.04676277962729944,-0.058862935315237244,-0.08584043492284685,-0.040811165294028506
2016-05-06,-0.01822278585089105,-0.008163251237026973,-0.01544124955150705,-0.03562968494293955,0.0027439767742640014
2016-05-09,0.046867124687404865,0.032994888850342,0.021491639069244152,0.012765772549845652,0.021585478217395444
2016-05-10,0.05701370918285192,0.032086673045285764,0.024106557853196073,0.006357561701028252,0.01773665778113004
2016-05-11,0.07819895582137834,0.04322507884163712,0.032875421852236394,-0.003385347667259751,-0.012083803448770103
2016-05-12,0.010895577064779184,-0.0053159878867756905,-0.01748682671817287,-0.046388968023568435,-0.03871914878682868
2016-05-13,0.019230568399539683,-0.00911204623664265,-0.016103428406280037,-0.01486869168083775,-0.0386223788514099
2016-05-16,0.022406288161182168,-0.0024799959577293555,0.0011788864730491986,-0.001580346448775913,-0.006935103675386723
2016-05-17,0.012272907836760018,0.008234067102700054,-0.0026053008732858274,-0.0024677415999971313,0.003924000425549128
2016-05-18,0.04588807624825959,0.049685410518347496,0.03134923379991201,0.01478983810894992,0.04236790565049053
2016-05-19,0.04814856112180949,0.028055928451556356,0.022696849103997607,0.027301359605431293,0.05097763733902483
2016-05-20,0.024356126822982757,0.008622382479439477,0.011129602166056417,-0.002586200898423443,0.03401242751435333
2016-05-23,0.007152273138418887,0.013626526828442793,0.014211618518734419,0.006644923597028858,0.043929102592146795
2016-05-24,0.023368084967668776,0.020575782036506087,0.028040695760536836,0.018200745899067505,0.025515282132769764
2016-05-25,0.02224143789308513,0.016156098260156567,-0.0065256050063275586,0.022166024634559026,0.021195127615570256
2016-05-26,0.04176919902511307,0.019616723858932796,0.01216967124314927,0.04643431273164152,0.04187126208611838
2016-05-27,0.06153977965981101,0.034534282392673706,0.029019938520251237,0.0452018416374225,0.04844526839278203
2016-05-30,0.07589228577338303,0.06450489439234096,0.051143395647241095,0.02220164383404607,0.04573641010997379
2016-05-31,0.031458632977518566,0.010284039151741574,0.005630105749868046,-0.00043680896497087237,0.011677447494401375
2016-06-01,0.012151399460230014,0.007719520373517549,0.0029510710576262466,0.0018285683432249184,0.009027837478000468
2016-06-02,0.012068643639210539,0.027877134775110928,0.02572553346172513,0.009676367763918519,0.027034660147385897
2016-06-03,0.02078217864794615,0.02556054672660551,0.021630676408147892,0.011331583391387316,0.036925158358061164
2016-06-06,0.012726157333258948,0.02836496477243672,0.02846479062153411,0.037887632451371354,0.023423294193205265
2016-06-07,0.026581142788101367,0.02332328040559359,0.031530454609845514,0.024539051552661343,0.041000953431174186
2016-06-08,0.03188778466724156,0.0183532984184496,0.030608364615208116,0.028036091373934216,0.03004850446459046
2016-06-13,0.0928770477543235,0.09320333183942613,0.08123523557308669,0.06310329641496985,0.07489220743928496
2016-06-14,0.11019643261616907,0.10279994526258278,0.09730045681055602,0.08180285365377435,0.08146148446725987
2016-06-15,0.08873399508592886,0.08308707689203895,0.07192471728798175,0.06766428936693014,0.04905144260755065
2016-06-16,0.1074426041344761,0.09390814591605946,0.08154416490075586,0.06764965130372937,0.031430574430578964
2016-06-17,0.0801440519016701,0.08048023268867133,0.06216721664271491,0.07417021031235785,0.03996878198906351
2016-06-20,0.06451927113854895,0.0693555170616886,0.0850285086825435,0.0689528231442472,0.012072587687908278
2016-06-21,0.07457444615771985,0.07830138293597833,0.08285709090642096,0.07282446629576367,0.05073599618849686
2016-06-22,0.06175918156580477,0.05624669392810879,0.05850319525723026,0.05025075250581862,0.04609847586813715
2016-06-23,0.057252542060690484,0.06446991491997009,0.06537671323333229,0.06598282246482876,0.06962680227285496
2016-06-24,0.06975423908833299,0.07937129932280976,0.07270116044548282,0.07157669530262523,0.054139710654125595
2016-06-27,0.05461887783583011,0.05422318622530048,0.058125260980496626,0.049362586228379385,0.02922013802532148
2016-06-28,0.06137647931835942,0.047296981300181576,0.06884498684674457,0.058092192482806615,0.028682200604040226
2016-06-29,0.012848162783217416,0.0038926060729522786,0.02367190853156193,0.013700980208190255,-0.0027857240242141834
2016-06-30,0.010138706416040838,0.02525782452664909,0.021915159105116176,0.017771312548488634,-0.0045945743736882415
2016-07-01,-0.008183035289074167,0.010224491407694424,0.03113999006535878,0.005248261674420395,0.0009650191390186308
2016-07-04,-0.059971452040061254,-0.020452355436933686,-0.0023203146870939134,-0.019123655614549807,-0.035878126038681006
2016-07-05,-0.05031629227274564,-0.026387941581417756,-0.003507774606893756,-0.010559112434372698,-0.03009024196464953
2016-07-06,-0.04709910622206386,-0.02226122764641951,-0.012476353226509793,-0.0019452453949747345,-0.03466260294173937
2016-07-07,-0.0368291645741547,-0.00765402221518206,-0.005832433542069988,-0.012439098451140048,-0.04189054376743433
2016-07-08,-0.030717359743822725,-0.01018577472695745,-0.009456592578677694,-0.024532890679148642,-0.030697267525916717
2016-07-11,-0.024616004264525,-0.006300433886706276,0.009086768914509432,0.004503071092277158,-0.027281317517435465
2016-07-12,-0.0324822590490906,-0.00975109309521499,-0.0030963902787611497,-0.00883814204510868,-0.029093354688237337
2016-07-13,-0.0395616311858588,-0.026909963371677583,-0.019777767961200204,-0.019475050516588405,-0.030179505303978338
2016-07-14,-0.06111066416926814,-0.03571716906018943,-0.03175380347481008,-0.033716484682514744,-0.040355513236542434
2016-07-15,-0.05054126652400816,-0.034504640763661644,-0.01967579091687794,-0.0034784562034784563,-0.017252164754591032
2016-07-18,-0.02455873644569421,0.0023844981236509836,0.018158651744188525,0.013140807214666825,0.01073196219658376
2016-07-19,-0.002201480170356043,0.01761811651830486,0.016941665992392933,0.007325817450499489,-0.003914244533245527
2016-07-20,-0.0010430467889177993,0.01657084414291223,0.01068278500518362,0.022984511336654623,0.0006079706594772514
2016-07-21,-0.011715117799027392,0.0022739682901387836,0.017601131452970646,0.02009523274843514,0.005324619576390272
2016-07-22,0.014323017889545481,0.02877573114943462,0.03379342901935848,0.015263730033023322,-0.0026033755552346606
2016-07-25,-0.0019733064892910753,0.018859096896220805,0.016808404698251,0.01043318179778222,-0.024763777683463026
2016-07-26,-0.02350789280782508,0.0020717542947092825,0.007011238212849991,-0.0044442576006843105,-0.019236957570241298
2016-07-27,0.03251249541291712,0.032274919773458456,0.04521567032278846,0.03062893819686009,0.024876073101534533
2016-07-28,0.025125964643442453,0.032093549871596114,0.04018260965629134,0.01736306652089481,0.004627902616581218
2016-07-29,0.03733541929453659,0.04346337906492633,0.048238806182758165,0.0323009406533541,0.012403681545863214
2016-08-01,0.0620428258097136,0.05831612720543257,0.06537680771521596,0.05534820583762236,0.021692300380202163
2016-08-02,0.04824050578409674,0.052233233787809995,0.0480128339022208,0.0433394164255406,0.02078022520276626
2016-08-03,0.051389443599116284,0.045273465189027334,0.04325758487249418,0.031933500933692516,0.022720496431743217
2016-08-04,0.025625197097045718,0.02248040955893729,0.025968243619262102,0.029135105708369503,0.021961193349944556
2016-08-05,0.022645456735781763,0.030631255102297788,0.03264220584139912,0.031578297015429295,0.017273404196436238
2016-08-08,0.018048277651098548,0.021207078293190806,0.022075407603917113,0.02097699828394991,0.012687217883332795
2016-08-09,0.014112253792394098,0.032157415815357075,0.023321039648869047,0.022151583656205082,0.02394007820207456
2016-08-10,0.020164108772547398,0.03111194101877369,0.032931419280113026,0.02475716340462305,0.022079737155557715
2016-08-11,0.045487753981688264,0.04846474684730999,0.05584526490107942,0.040222691685681114,0.026365516203046044
2016-08-12,0.02720405864267659,0.033525352924783855,0.02853106031018665,0.01656426320255745,0.0052896614788274735
2016-08-15,-0.017148068357226702,-0.018165066624924373,-0.028188610414344558,-0.031836248224127596,-0.05175682615981249
2016-08-16,-0.016822889556455386,-0.017534137062546404,-0.022157547424284295,-0.03502774245459418,-0.053142373979451374
2016-08-17,-0.03502311532225498,-0.024433033230152158,-0.025263816678395716,-0.040286459293009766,-0.05298397681834525
2016-08-18,-0.01488026926588437,-0.016569107114621104,-0.022901130327653053,-0.02632776549721241,-0.048098263028252625
2016-08-19,-0.020475932114487515,-0.023092795876474236,-0.023118612637998772,-0.022992908893124032,-0.04847462099476204
2016-08-22,-0.017539705593846096,-0.021877934047784327,-0.010725577570860617,0.0028654641215117896,-0.023283172229571585
2016-08-23,-0.011445199812111433,-0.01080683800040595,-0.016795379761532208,-0.0014589144290016135,-0.004947165967069525
2016-08-24,-0.01843906473281688,-0.017235892654994468,-0.01975857439816871,-0.0036796070609811018,-0.008869333132390906
2016-08-25,-0.030762970208360055,-0.028700833314929126,-0.026669620791492564,-0.021240637517229433,-0.030749485634398388
2016-08-26,-0.032263615380759544,-0.02736468619758043,-0.014590921550143167,-0.01930770210125889,-0.02720199826245193
2016-08-29,-0.02886457016525708,-0.02771511029559885,-0.027436769989755527,-0.029259858244029373,-0.027351875115373105
2016-08-30,-0.026622358862900656,-0.01975264732753365,-0.025984171319737886,-0.03122142409304077,-0.018475248487312457
2016-08-31,-0.029348655629019782,-0.01871919449417637,-0.013036922852730313,-0.02618532948892583,-0.018819243490019136
2016-09-01,-0.007329751759828236,0.008893026657906946,0.004094100933138613,0.00839945201274747,0.009747478785647083
2016-09-02,0.004788053627078264,0.01862078099864925,0.013054525896369296,0.005652926413406024,0.020309345638358147
2016-09-05,0.008126898450635304,0.008672798744896515,0.01191840428490055,0.002852692395654407,0.005528228196374406
2016-09-06,-0.008820840068186836,-0.0076974889492352075,0.0037181360575493563,-0.0019005196236286743,-0.008503237391208597
2016-09-07,-0.01089883992612898,-0.011806959530130124,-0.0021607892117280684,0.007185763930676207,-0.008403560341805283
2016-09-08,-0.01045647634714508,-0.017152503550123488,-0.013745507324486707,-0.010552944995064999,-0.026127811414175132
2016-09-09,0.004610507242783313,0.011977223684186567,0.008434218069282228,0.01243453636128741,-0.0003900482756449103
2016-09-12,0.03780855009048176,0.027763173085184285,0.039268185334525266,0.040828452961601466,0.03093833912421147
2016-09-13,0.03441434149130699,0.028920793389895887,0.03534144468792009,0.035111268916727015,0.021688600519585745
2016-09-14,0.034626896956240834,0.030271890093151562,0.036109825362344215,0.043625992552734943,0.019941624888787306
2016-09-19,0.03334079340050114,0.04405314881000239,0.03148382074867511,0.029583334164382573,0.026875530410687267
2016-09-20,0.0385568232309625,0.04255429324315763,0.04356035501224054,0.026142594960194252,0.03125308173708051
2016-09-21,0.03604305825039032,0.022456170785936654,0.03312079358895675,0.027384482541518575,0.027455950922347604
2016-09-22,0.019162226807431477,0.018781577630927516,0.023385362513017073,0.03078508033735679,0.019036073336947432
2016-09-23,0.00922168456539197,0.0179785620270791,0.018633019157724636,0.024126694721196655,0.013926013235697192
2016-09-26,0.03603830915101892,0.042228870328479585,0.03986125586282815,0.04061274637628193,0.03813549222361209
2016-09-27,0.03597647079921763,0.04598369619668331,0.04657230939833857,0.04320603967691603,0.02982978342478768
2016-09-28,0.03380813096218543,0.04008143927713005,0.034769438739414626,0.04138898368550397,0.02404608455247791
2016-09-29,0.037251876627211716,0.04027928750470632,0.043385587720776206,0.03714490171658378,0.03391223199193841
2016-09-30,0.032421942052915126,0.03316906789010437,0.03462685272337215,0.03371099936919574,0.02825648583256713
2016-10-10,0.020704556085871528,0.01393622466275486,0.01923268790287103,0.020601776530828207,0.004519657765039763
2016-10-11,0.02129121248520302,0.015733925511851363,0.02162866443048785,0.014445406429426556,0.0032018002826894806
2016-10-12,0.008034497298879008,0.015486951613151492,0.013073252203969777,0.004532845167233055,-0.0007082181427195571
2016-10-13,0.029083984587157937,0.020692396058825703,0.022415943676886055,0.026204436615617267,0.00782237602811725
2016-10-14,0.03198346871903376,0.04169762186700847,0.030898322783423388,0.029353107150728076,0.019177484202257664
2016-10-17,0.035090606607866726,0.04590277382848775,0.04241466350790478,0.048340266852446086,0.048548684379310564
2016-10-18,0.018430776507788557,0.03537224793712853,0.03605770165811136,0.030715219934535024,0.02680635710214878
2016-10-19,0.01938019528545232,0.04271176346416508,0.02369789117150395,0.04322336284382383,0.02438852622964961
2016-10-20,0.01907110078629079,0.03304335783368942,0.03248622192544883,0.03620569438508776,0.02189250162335392
2016-10-21,0.0171385968642019,0.02815146955042121,0.028440573313596253,0.03498978383224218,0.02234887638047864
2016-10-24,0.007481837455488897,0.012137988911178645,0.02697344284355903,0.025735906472146197,0.024243059551023533
2016-10-25,0.008347464610365077,0.014721311174269556,0.02670862977027639,0.03752138042012972,0.03693285055810535
2016-10-26,0.013773520133004,0.013630135096259795,0.028480520765324008,0.03483398129228626,0.03449523326030454
2016-10-27,0.005801838746475664,0.011728856795977828,0.02834102382558656,0.034474159439398834,0.04442093004906929
2016-10-28,0.02789906963495855,0.03364130560053289,0.037665744171042334,0.044421251402536464,0.04902967732749223
2016-10-31,0.040535124720806316,0.03989238582309685,0.04214932525972834,0.04395497933533105,0.03883997320834501
2016-11-01,0.030480666957325066,0.03181773509647574,0.026397116222261083,0.03205116752753812,0.010907023652494336
2016-11-02,0.038670987825710865,0.031230194201256948,0.03361141891497926,0.032258576642072115,0.004767557170092779
2016-11-03,0.030085221287695436,0.03377672493688561,0.0395747665775774,0.025719296696072914,0.011793219224562789
2016-11-04,0.011394109986010504,0.03009169390274036,0.025523940396275667,0.017077007694743514,-0.00538045223002972
2016-11-07,-0.003042956787922299,0.012833335428603262,0.02299659667249889,0.009124635393725601,-0.01206822234005087
2016-11-08,-0.007014640207626084,0.005057275523169041,0.016006127961625864,0.004679831345245164,-0.014376596594135265
2016-11-09,0.0026772844370343027,0.0248144681651729,0.034772347356656484,0.025336457137411308,0.007738472391832148
2016-11-10,-0.01591486681929709,0.01885359813427763,0.0043741199684864725,0.0015591438310680835,-0.008591966660059453
2016-11-11,-0.021964183794819507,0.0054165361252222766,-0.004774068193788668,0.0010612332962290042,-0.024086714441165526
2016-11-14,-0.05567889104165679,-0.052182040836476776,-0.046048267906685605,-0.051694677920723214,-0.06528657163437851
2016-11-15,-0.05875523410763346,-0.05581738286939856,-0.045313610835540204,-0.044244772872802304,-0.05865489312463023
2016-11-16,-0.05999244159207823,-0.04975185137533734,-0.061139956186511545,-0.060941511559379956,-0.06275684989213624
2016-11-17,-0.06713245519800926,-0.04596712357790331,-0.05140701137919917,-0.046816123860847915,-0.054787327318971867
2016-11-18,-0.05793665536648664,-0.02999195192845119,-0.031680848228557594,-0.04325026990072319,-0.04334018028596048
2016-11-21,-0.06152115810501662,-0.045854425544441406,-0.03697821174573374,-0.03610112516711887,-0.04470344687214214
2016-11-22,-0.07060165698636736,-0.0531629299547771,-0.059291870939945146,-0.05062962089734742,-0.05191552014900365
2016-11-23,-0.06596967363370307,-0.055088674701799366,-0.035455259752077334,-0.0386752540457339,-0.03151661563070868
2016-11-24,-0.05123769895876128,-0.04844454803574324,-0.04094595045768601,-0.029700340211220998,-0.051017781117309126
2016-11-25,-0.06612682237404503,-0.06328117612318414,-0.04899107154312045,-0.051134981447724215,-0.06215725039603233
2016-11-28,-0.05996759440169949,-0.051904776500104735,-0.054428533671577316,-0.05021611883817765,-0.0706465406464072
2016-11-29,-0.057193556721847415,-0.048259054559583583,-0.05388174447663334,-0.04640847010126888,-0.05505723621536942
2016-11-30,-0.050686485048316444,-0.0442172634877339,-0.050766538096038066,-0.04640469086185389,-0.05731170088247198
2016-12-01,-0.05359850552499741,-0.05754231119045098,-0.051817870358949004,-0.0656962699124089,-0.06362863106819765
2016-12-02,-0.044431684771172826,-0.03303297998475173,-0.03999343707394564,-0.0454779265376197,-0.049132885150758775
2016-12-05,-0.02696538291647829,-0.025716384805870712,-0.027973449401157535,-0.02247267255797716,-0.03138056197283668
2016-12-06,-0.019779872152663528,-0.01367293334742467,-0.020075608694616554,-0.014218391246010171,-0.01579111902132939
2016-12-07,-0.03931537696339694,-0.026089995140086048,-0.026640597367276166,-0.01720719869232997,-0.022712034394160106
2016-12-08,-0.03484833797320243,-0.026137703988568652,-0.02572455256228737,-0.021999871028028948,-0.02316726710652261
2016-12-09,-0.0315609417433375,-0.018193135439242017,-0.02304085868682582,-0.011321727041090362,-0.011694547946464927
2016-12-12,0.019622454498113014,0.027761483874256036,0.02227765689078312,0.02354057201509131,0.015502278247923697
2016-12-13,0.008349535864843468,0.017693028014690134,0.010648647903220756,0.008539574759298094,-0.0018994901064072127
2016-12-14,0.010137470612187094,0.018415374996326325,0.007931319187680778,0.00699155242909903,-0.011328082748558184
2016-12-15,-0.016754409768552195,-0.004545569746804831,-0.004343339025353938,-0.006083626556719316,-0.021542290621210394
2016-12-16,-0.051614213826650795,-0.04027949772865031,-0.03271355538262566,-0.03351034794153246,-0.04783367863674292
2016-12-19,-0.018809965902774794,-0.02520633182656944,-0.033147550113657116,-0.03410167588201782,-0.05552871410277244
2016-12-20,-0.004939111325522093,-0.026628710038439782,-0.03197528054909874,-0.03741119493021281,-0.052241762084323976
2016-12-21,-0.018404059329098187,-0.046644404625192475,-0.040644673265866016,-0.05593790046328731,-0.05328955290230311
2016-12-22,-0.02267062865389027,-0.02761247807495563,-0.03252863627706347,-0.028282796074307122,-0.04014733638839795
2016-12-23,-0.015853891054221612,-0.003454947813878898,-0.013517981947681387,-0.011466783586326837,-0.014713283203042654
2016-12-26,-0.007906757393374573,-0.012722258492147889,-0.02143781232867239,-0.01965566061128832,-0.02172464683697264
2016-12-27,-0.014478945193949436,-0.01202455993055222,-0.02263182976872874,-0.005385448334995201,-0.016168337882025804
2016-12-28,0.004824926020876455,-0.0008515836049447603,-0.00439750162479287,-0.010404110131550168,-0.012844232372389798
2016-12-29,-0.004175597939381732,-0.004656377254602239,-0.0013361378582286629,-0.009325689836976405,-0.01176955379092893
2016-12-30,0.0019328197212434266,0.0058271525564262735,-0.0026561322509288735,0.004228532195766528,-0.011549724651116816
2017-01-03,-0.017464054811126867,-0.01535336900409145,-0.0037008006713361505,-0.0022009888559783404,-0.009591359638393752
2017-01-04,-0.024840876804490746,-0.014699585207425482,-0.01656048412340056,-0.003208432353191307,-0.012847085537308284
2017-01-05,-0.017691307641465433,-0.014578488174129687,-0.012885338366696046,-0.0008632675685846316,0.002534906092740552
2017-01-06,-0.015477346919976,-0.012115835597722275,0.006978053659195228,0.006261466019115357,0.0036460857011586015
2017-01-09,-0.010336268630560048,-0.003985108922998148,-0.0013671658874487142,0.003717884909406024,-0.0003724570211539039
2017-01-10,-0.007328815181799197,-0.009451182387777908,-0.0040161022590670505,0.004044126525728368,0.022227448737992542
2017-01-11,-0.006883127028291611,-0.008889084099491143,0.002965697915193624,0.01243231694361741,0.008299918597827985
2017-01-12,0.008034046530194636,0.012104684710534386,0.019946133033184744,0.024378529867898933,0.03052260505769456
2017-01-13,0.013730779421231947,0.02053947030527348,0.024031778524034365,0.03202918548347469,0.026394490950434935
2017-01-16,0.07030671214224718,0.07232222556126319,0.06866238992108023,0.06360620855666278,0.0449652414849236
2017-01-17,0.06823394025291836,0.07579876070027444,0.06702945697871743,0.06187488411028441,0.04577354146278447
2017-01-18,0.08226762420173736,0.07184154848034123,0.07000890518531216,0.07106047233138724,0.054748384050373335
2017-01-19,0.08827568721621444,0.0766221102961578,0.07919630503716389,0.06110295597388728,0.05950233788848853
2017-01-20,0.07029834682660613,0.06402605994970038,0.06020165659571145,0.049883212285998825,0.05738238027218951
2017-01-23,0.03235439798126087,0.04215322506135996,0.04264736984635669,0.04423943144404059,0.05668256200938983
2017-01-24,0.04840210664097854,0.0473712314151091,0.045285141938145715,0.05417270251869047,0.05671971371625846
2017-01-25,0.04478817672168135,0.04790287141176095,0.04799838944362971,0.05345700067794435,0.061159929869705275
2017-01-26,0.0355956949209528,0.03621592801007949,0.04117211636847592,0.04413070852365644,0.03769693916683606
2017-02-03,0.04552022185805391,0.04498550890335524,0.04744390262565056,0.043196575234857225,0.03932794956699822
2017-02-06,0.04592817379677976,0.038077978764276564,0.052821079941870915,0.047252970720882866,0.0437643566120093
2017-02-07,0.045912370592003045,0.044391003880201514,0.047499506871143786,0.04732558834548355,0.04991443832048621
2017-02-08,0.04070965352050474,0.030242271383163644,0.04608048783774625,0.03597668249814748,0.029671685816414623
2017-02-09,0.015666164106215297,0.0268254216235808,0.023203182422882575,0.024938608271206208,0.015500163355284736
2017-02-10,0.02532216639245363,0.022993040170150813,0.022084852271046507,0.021121151399735454,0.008726593900333573
2017-02-13,0.028195437183126542,0.029955305281264805,0.02363019036053595,0.01989273844797666,0.012857296303043055
2017-02-14,0.032703918532150524,0.024135114902678723,0.02039144360221766,0.02275814134243909,-0.0002226326486814139
2017-02-15,0.04319078800383509,0.04134676156024955,0.019148447893250653,0.028501735199517722,0.013761327110255935
2017-02-16,0.054615216279021786,0.035385446782949116,0.030849152525718564,0.01744859139712443,0.013785311032116799
2017-02-17,0.05299645564768519,0.026321954643830043,0.018951598099715947,0.018182455286866316,0.029016992983415077
2017-02-20,0.04133014266665129,0.03509200068591456,0.0030117156388393632,0.0037411396497087543,0.01232665463571868
2017-02-21,0.01555940838279129,0.021452167079238717,0.005946113455275066,0.009035575595714962,0.0122627247532169
2017-02-22,0.006484048274046512,0.001360683496950915,0.005058897000993941,0.010309585360185558,-0.002933710619164267
2017-02-23,0.008816747100735085,-0.0085245278561138,0.007466276170777959,0.009882659615061268,0.015711867948421956
2017-02-24,0.011608615697983517,-0.0003330409441803213,0.006087977173896893,0.01716080361167153,0.016627521545345865
2017-02-27,0.01556982590570587,0.01186544786106749,0.01250010745444583,0.012979796503039986,0.014875510404529795
2017-02-28,0.002725681205796583,-0.0017244528923340274,0.007072102146583465,0.007806964147113214,0.014224397745019431
2017-03-01,0.00169266961150316,0.0008984222131655972,-0.004502403448301671,-0.0020936848733818006,0.0008180228882631867
2017-03-02,-0.01380116882562558,-0.013224301753774934,-0.0038153778591398053,-0.017369282780324638,-0.009586902143710527
2017-03-03,-0.012457282106953934,-0.00020486995421420604,-0.01000587717062842,-0.015720235423983906,-0.008190003336770226
2017-03-06,0.003714325200755606,0.005695744944066736,-0.0004906954154576874,-0.004682182746988964,0.007327666036416119
2017-03-07,0.02110492646121798,0.0048073809634005035,-0.008227524766411297,-0.00242051382070635,0.007044684451448342
2017-03-08,0.018157366385805587,0.004152731078513603,0.00681283012775048,0.0034534979072963147,0.013740313785146062
2017-03-09,0.025186308813212203,0.018123678063071625,0.007094643480745606,0.016122154892211055,0.003839467618530924
2017-03-10,0.030724115495605032,0.02701432687778494,0.014903988705927863,0.024832135991624402,0.015401744008780078
2017-03-13,-0.0016893130272082053,0.0035695088393929986,0.007176409979030784,0.015269159040633796,0.007329506920250549
2017-03-14,0.004656234772856838,0.01135065899851666,0.008418986409816271,0.015125781449698218,0.029344878868050542
2017-03-15,0.0009702147018772166,-0.012181265549984329,0.0077265833767222545,0.0008587101889419725,0.0020659455229902514
2017-03-16,-0.03404673034205872,-0.020952448375842144,-0.013425773218208188,-0.013776645072693383,-0.01837165472458103
2017-03-17,-0.025352194692735953,-0.02527214283954565,-0.01762527233466212,-0.006583423346406568,-0.016676184725006392
2017-03-20,-0.03902773491029154,-0.03289996022424994,-0.027611375242340135,-0.02265989426034535,-0.04750560970329676
2017-03-21,-0.04423448731421025,-0.04155883989782687,-0.04244774339305231,-0.0372407064971338,-0.019188914055189348
2017-03-22,-0.039201373616793864,-0.024925652125714952,-0.04078152433615698,-0.03610587706287338,-0.04426541199410438
2017-03-23,-0.07722122963164416,-0.06985190573174059,-0.056609096161862264,-0.05682404715702887,-0.0546917968324721
2017-03-24,-0.10122856815259505,-0.06781584704268981,-0.05323651910601407,-0.059881421459774764,-0.0457104351949759
2017-03-27,-0.09101620964614279,-0.07525904188241889,-0.0539309331139124,-0.043425366883838704,-0.04082908052270419
2017-03-28,-0.07508090384526493,-0.06633224526968629,-0.05675390117719476,-0.04792400623972144,-0.03580159825353944
2017-03-29,-0.06892251829163401,-0.05092002320930033,-0.044930244754743526,-0.04874768372886077,-0.04118201403414081
2017-03-30,-0.06459192594496632,-0.035382029636398436,-0.029615246961438472,-0.021800276974970476,-0.026157548696776157
2017-03-31,-0.05632331633345566,-0.0500380962990587,-0.031869475726059054,-0.03650350428665205,-0.04416196798870205
2017-04-05,-0.0858234069456618,-0.06916826855734991,-0.07489174937080237,-0.05957450242521874,-0.048605448696897355
2017-04-06,-0.10749151512725008,-0.08212454530763051,-0.0729456057872531,-0.08624701282825142,-0.06841234581634369
2017-04-07,-0.11276061930859797,-0.0927799082338492,-0.10514411234127907,-0.09582928851529908,-0.09247526887723483
2017-04-10,-0.08751766625413679,-0.07504249399083023,-0.08549388562142345,-0.09226871321773245,-0.11280098973842681
2017-04-11,-0.091588163712409,-0.08500326930979643,-0.11776799105640963,-0.12274093145752643,-0.15824380146775224
2017-04-12,-0.12077613091402455,-0.10587576346008074,-0.10213295609707365,-0.10152538476354668,-0.14112893383313307
2017-04-13,-0.13023062430660826,-0.10168240501271877,-0.10476101665868681,-0.11898971184490828,-0.1458342275256295
2017-04-14,-0.10664581796440238,-0.10395036541969865,-0.09280081036050662,-0.09238172226239386,-0.13011813981383893
2017-04-17,-0.08490907718694723,-0.0901797629064484,-0.0849277402432334,-0.06444064264989013,-0.07076363808316537
2017-04-18,-0.09372953652916728,-0.07235271710298749,-0.07019460650989737,-0.06281262573226774,-0.05098033788800608
2017-04-19,-0.07985506617218206,-0.08764277655488129,-0.058277909391591824,-0.04644570956723776,-0.0564064858401523
2017-04-20,-0.06202384826667049,-0.07589686253568717,-0.06440485880236721,-0.05559826298676074,-0.06609415492950338
2017-04-21,-0.08024086145662133,-0.07864448636907156,-0.0829690678999558,-0.06030177966173015,-0.0646040939359825
2017-04-24,-0.065979668759297,-0.08312704510368617,-0.07652667567836387,-0.07404953979151688,-0.038163572874514703
2017-04-25,-0.05933830934011003,-0.08914894506972593,-0.06878981949494928,-0.06534877108633849,-0.05022783997115181
2017-04-26,-0.05371997282987535,-0.07234761504070478,-0.06490251744214462,-0.057438430653519924,-0.04192497076268658
2017-04-27,-0.06834823991773428,-0.08005972974568475,-0.060882935784459316,-0.04950979530285436,-0.057533379910939396
2017-04-28,-0.0704690568613007,-0.07382110691974009,-0.064153517377853,-0.055663001341362796,-0.06933379747999369
2017-05-02,-0.06209433412399317,-0.06975058255221815,-0.09130342902630073,-0.09306437452877024,-0.10042471245500899
2017-05-03,-0.05883667650769685,-0.06682908065932192,-0.06943512870909986,-0.08262320031831083,-0.0874808440440336
2017-05-04,-0.06029484075013184,-0.053292536104435684,-0.06636382441651371,-0.07675132408851199,-0.06897210495887438
2017-05-05,-0.03725859964716445,-0.04989388392511425,-0.0512251010490967,-0.04616943470159654,-0.06245370267340201
2017-05-08,-0.0029324893555897416,-0.01886212659074417,-0.014108365582685663,-0.014985791258502763,-0.026920420070324014
2017-05-09,-0.018923061410189932,-0.015260351056545511,-0.016508964336700366,-0.03716763796175714,-0.02353623604820283
2017-05-10,0.005357840543642461,0.014107134410500955,-0.02023297782481335,-0.005364209468171319,-0.008979855499822118
2017-05-11,-0.003914999621418281,-0.006439406142621637,-0.017150370496817263,-0.01464140640911844,0.0011903675656913932
2017-05-12,0.0022527750910112682,0.012900953559335718,-0.011792118226803289,0.012646114450193091,0.00553328878942362
2017-05-15,-0.005694487625182334,0.006221361219908693,0.005877992819775452,-0.0019814530374009033,-0.01298208268556954
2017-05-16,-0.004601333831129153,-0.007314779492333495,-0.01186112685019847,-0.014658028585902256,-0.022494374620426326
2017-05-17,-0.015800914359531196,-0.011172699401957661,-0.014362259431035128,-0.02167905384015002,-0.022937594052161104
2017-05-18,0.00094279828300856,0.001361932240941113,0.004048923296389567,-0.007437248249009887,-0.012725315524088227
2017-05-19,0.012321503697716594,-0.012392023495943573,0.0029840560938692675,-0.010864600834197298,-0.009010201836226663
2017-05-22,0.020309424615501417,0.016541047140902855,0.0019441114230511107,0.014628335320548374,0.012351051436656327
2017-05-23,0.03663612111778201,0.02497919437704543,0.024204815891537727,0.016345621266593318,0.00906872383406352
2017-05-24,0.026931868852571622,0.022292320758443968,0.01829911068571427,0.025620777621636937,0.007055357609582487
2017-05-25,0.030309485624292292,0.027770312142304587,0.02634284733639293,0.029123395152883452,0.01024887105241666
2017-05-26,0.03560714176438226,0.03775868041598,0.03087796753554437,0.04003310886351291,0.004984358467089279
2017-05-31,0.033705453675111116,0.036767857792809056,0.024973792978520374,0.024220737009097475,0.007577107402063519
2017-06-01,0.07531368665827658,0.06911194862560668,0.057781314665890954,0.03873881651862612,0.018798637017591813
2017-06-02,0.08085225238581335,0.05213926018435852,0.04158294596961411,0.03891567818802489,0.013111434947920067
2017-06-05,0.07857067517086515,0.05837132691530377,0.04266230702184161,0.03862748267371741,0.016353366415173494
2017-06-06,0.06384117400750511,0.056170597386097754,0.025744443052857065,0.03293199608703538,0.01614629523035522
2017-06-07,0.04398284085200548,0.027901218224806467,0.03690918018563973,0.029205811473716002,-0.0011218374193570524
2017-06-08,0.024143622685597197,0.02512849445742587,0.03458151354608933,0.04410687094394728,0.021403762524728944
2017-06-09,0.01612261597470135,0.03373885840628908,0.04661151873245512,0.051075611382964445,0.01753485939641181
2017-06-12,0.05003375460056992,0.06349711574511833,0.05492980299407318,0.0370623348238396,0.014482467669750889
2017-06-13,0.01548962358037472,0.03175101873634143,0.020705126123122832,0.023139563155165407,0.010619544542917738
2017-06-14,0.009080268436708356,0.024701247652676478,0.024100831297015204,0.00893226368787404,0.04511576074425856
2017-06-15,-0.0004351513754743482,0.01606802856747266,0.01537236842906257,0.028280399506506036,0.023371713743261052
2017-06-16,-0.0034267997459745086,0.012980468841704713,0.01751967318774627,0.02357813478724972,0.033183908548973406
2017-06-19,-0.032572964796771506,-0.03100276258822041,-0.03438276594757045,-0.03333901251975226,-0.01992048911463881
2017-06-20,-0.01771497817464736,-0.021788890154394926,-0.028198837042736048,-0.015330380120562577,-0.015095879703958065
2017-06-21,-0.010856222692151415,-0.015080458880186559,0.004351634219309986,0.010829445773487486,-0.002598052105369796
2017-06-22,-0.019904088536960945,0.01377765610273724,0.028153566028138618,0.028320883526486398,0.030662566546133106
2017-06-23,-0.0225202971837022,0.01974895524158446,0.02259684032815922,0.03493814184479807,0.02354616394329176
2017-06-26,-0.024399985341511707,0.004578178520957414,0.014177378493592007,0.02097112624753051,0.012151924526627216
2017-06-27,-0.03270530583830183,0.009343548648753747,0.010754234824595053,0.007021645367056991,0.004902060018853904
2017-06-28,-0.02281353818114551,0.004056209913422247,0.008181797142604965,0.006604674239134537,0.03236336879621989
2017-06-29,-0.01476872400406391,0.0039657975327822845,0.00837374334988436,0.010479244439546306,0.026968831487548642
2017-06-30,-0.015340944508229207,0.0005459722377579866,0.012303473020860444,0.009066169257583963,0.03877065351522404
2017-07-03,-0.0006904045028789706,-0.011512784704048231,0.0012216787013090225,0.020344586298201277,0.06225257962541225
2017-07-04,0.004629298847929504,0.0032416224905949054,0.003702924408266068,0.019145784618493977,0.06210844124504202
2017-07-05,-0.006224305686881296,-0.007277867419939925,-0.014512533196360798,0.0012084342826320664,0.05013702019766596
2017-07-06,-0.019630043120296384,0.0025009974113506064,-0.014609433463829194,0.0028485569361335014,0.0602641058997109
2017-07-07,-0.026402639680185195,-0.00808850991039641,-0.014455263544888231,-0.013102258994550345,0.05353221041657385
2017-07-10,-0.023618122459149873,-0.008715174843292038,-0.003270372212108103,0.0106978652545306,0.07026820937342264
2017-07-11,-0.0020279166040079147,-0.004412442023749604,0.011760137465681608,0.025905489741084385,0.07956761853588969
2017-07-12,0.0014714525687557255,0.010274781762499852,0.015067761613117592,0.03748450669439388,0.07887659692792964
2017-07-13,-0.0030067640137122474,0.0036217830280590147,-0.00017918565058153824,0.03056494441193897,0.056629432595722236
2017-07-14,-0.007780391914484931,-0.009608247635910418,0.0005513554493242963,0.006536239638780381,0.0027388626543446938
2017-07-17,0.08981136348162508,0.0711805543380511,0.05880680090593705,0.04693307343791566,0.034989496781747786
2017-07-18,0.06881262837272495,0.05998376987482947,0.04960034865445481,0.04960817043667839,0.03317483921504009
2017-07-19,0.0627899649233183,0.049532977782511235,0.031239664837579003,0.027841771923591913,0.0015764803021314892
2017-07-20,0.07336172759054,0.05348823210588996,0.031154866348909346,0.01806246452939549,0.011981124569252941
2017-07-21,0.06679798333119721,0.04941810198032244,0.021879302237028185,0.012202204604696624,0.021231620064140918
2017-07-24,0.038769419360467614,0.039860663114529696,0.042375745141868384,0.030482160349685816,0.0314716737269628
2017-07-25,0.03929955968628984,0.0381421094017909,0.03683441600213676,0.02678592071041903,0.034996724964822215
2017-07-26,0.027383601354910744,0.03949628488091677,0.034046071370193734,0.02303101261755942,0.019653862465484735
2017-07-27,0.014181216411010831,0.0034538330893870138,0.015596632235376141,0.01060307125226549,0.019077247683804713
2017-07-28,0.020222709991969765,0.021133860258310034,0.017695734970027317,0.023386009902009515,0.024719767231883016
2017-07-31,0.02058201351923321,0.02549790003330617,0.02617569171738161,0.02334143604290998,0.014349264657282158
2017-08-01,0.02221310386840117,0.012152005101213788,0.013792961287769768,0.025354776557007765,0.019332283853078
2017-08-02,0.03870084075476397,0.03153470323228244,0.019409346130374334,0.032425081142843315,0.03297513331834131
2017-08-03,0.05404385681403831,0.03335765294049066,0.024357197344017843,0.02038018299798837,0.022345099453752817
2017-08-04,0.05410544928502734,0.03908912535126558,0.033694316770676296,0.03961414709646924,0.04688254775869468
2017-08-07,0.0469191233604879,0.03650098480884968,0.03889838720659517,0.03852511654761937,0.03469837538024069
2017-08-08,0.04877679538752918,0.038647555969811266,0.03806831661516357,0.03823956532591244,0.02673286330819146
2017-08-09,0.05784776740437667,0.04325300141692194,0.03770975422914203,0.04114506522345894,0.017014647105674095
2017-08-10,0.06613744825359898,0.050565355361670776,0.0395378447515848,0.04528633812262355,0.002214452967230783
2017-08-11,0.09760257596482035,0.07076636956482754,0.06867049183455286,0.049526545657927516,0.03449722159526494
2017-08-14,0.08295107318007768,0.06083178298535101,0.04145600778873094,0.050696586709864835,0.03281671754726919
2017-08-15,0.06921801758157728,0.05234324194007493,0.04056913624913723,0.05112978957367263,0.03640266087997351
2017-08-16,0.09623631186885194,0.044818214674495,0.039795023377660055,0.030004896355988065,0.04733902470941753
2017-08-17,0.06999159446402317,0.04095360202807045,0.02757074606935537,0.031060571668792277,0.03577708175993454
2017-08-18,0.052956768163558064,0.030708926728624724,0.03814804584130069,0.035930123492926146,0.03252467468395764
2017-08-21,0.053103557291076506,0.03478852093569806,0.03424620402493088,0.030984247820880807,0.031922741669054094
2017-08-22,0.04549356821602487,0.03347546905616066,0.03439204982638223,0.04272678183593761,0.03253441953916226
2017-08-23,0.05406534073429096,0.0636160684861873,0.043801259557761804,0.05979562244689864,0.047515922236504846
2017-08-24,0.05992531556396614,0.0638128102319576,0.03911223809708766,0.050652286414776676,0.040591595802333826
2017-08-25,0.02105993235287664,0.032970015346995105,0.03236098007577981,0.038977793466840285,0.04016930800254916
2017-08-28,-6.39650607817953e-05,0.007466684827441567,0.009227619987536602,0.0075428826512111925,0.014295394319358511
2017-08-29,0.01581946971662418,0.014302807711055018,0.017131552101106864,0.006943989240974378,0.017552863759464354
2017-08-30,0.012969334019129983,0.025595390057936776,0.009284075263356032,0.01392128195613925,0.0156261109579016
2017-08-31,0.01437159921327607,0.00989694954900742,0.004276023823689592,0.009475463118839718,0.012200575531008844
2017-09-01,0.016125676455113622,0.012671142693297135,0.00778765160410036,0.019355162901857858,-0.011095640711490537
2017-09-04,0.016753100214025457,0.014690698066523665,0.008843428248288696,0.03120311575638876,0.004158049627428944
2017-09-05,0.018706132800149013,0.015877913393342696,0.02508769651439423,0.023975936520082328,0.01520151035426152
2017-09-06,0.025064841799945847,0.014708284130160064,0.0025550067731650306,0.015003597079076506,0.004013461817994797
2017-09-07,0.01571113308478086,0.017053958153498583,0.01890586994728313,0.020896988355238916,0.00853636008812912
2017-09-08,0.008468690263953383,0.019287457425152258,0.016527238585206536,0.029771253489920775,0.020993899555505426
2017-09-11,-0.009322157065057292,0.0019194805958829275,0.001990816676066835,0.008330992069478068,-0.021487202797937772
2017-09-12,0.0061833137455471225,0.0017208630852214306,-0.0039195220605859,0.006820752528897084,-0.029760685987961385
2017-09-13,-0.008267833284949214,-0.0015544517952367587,-0.00919196665114348,-0.0060894383100525955,-0.04067677761584838
2017-09-14,-0.013686177116949007,-0.0118043017529954,-0.01741414001565146,-0.0183283504339515,-0.0460295107594718
2017-09-15,-0.007657327225810617,-0.006120938307399166,-0.009554011335712816,-0.00794099008141816,-0.005762019068610451
2017-09-18,-0.028300629143024936,-0.005437014300060966,-0.005171239155948165,-0.0032216455873749867,-0.005736134409340476
2017-09-19,-0.023533032389286838,-0.012784836970055852,-0.0014227757289932861,0.009322093479554311,-0.002637877779428507
2017-09-20,-0.02518359062596866,-0.006450208476919548,-0.002091061954948035,0.0036425182315376337,-0.012423341456517325
2017-09-21,-0.016046817886252847,0.00028762763987150554,0.010306743015202532,0.006854117287130633,0.021600302873510873
2017-09-22,-0.009449356113667689,0.006690549475298013,0.0009836634026301307,0.010877878357904096,0.012597308461434377
2017-09-25,-0.02223056437684878,-0.014709387676979865,-0.007841733561680386,0.009385526773105711,0.02949245064790465
2017-09-26,-0.008051227195303884,-0.006165768544958546,-0.012841355453300025,0.0061482605948153714,0.02607645272006495
2017-09-27,-0.029143857296388756,-0.01209411758387671,-0.005502733744717869,-0.0007516289655791053,0.019960458053507813
2017-09-28,-0.0254273203775381,-0.008357149353162556,-0.017351698535455186,-0.005447456796327059,0.006590030084041493
2017-09-29,-0.04095045242847798,-0.02309758514239849,-0.02696732333839191,-0.022453740491849873,-0.00017478579634935652
2017-10-09,-0.02014459394090075,-0.032780498081775696,-0.03196922424705985,-0.028241568164869984,-0.003927819779246271
2017-10-10,-0.031651209350123874,-0.03375345091139231,-0.0274594550468484,-0.015166983497448078,-0.0020201061534431343
2017-10-11,-0.02698306015035948,-0.028551508042663036,-0.018122552782386846,-0.02079202019655291,0.0037753622137897506
2017-10-12,-0.012691169492472065,-0.012030119787194307,-0.00837480112017124,-0.02302135416484155,0.005400757972351236
2017-10-13,-0.021796926713288284,-0.01797830177069485,-0.024481300648408193,-0.012385865813380829,0.014510619042516206
2017-10-16,0.00036007454616680026,-0.007447508252706757,0.0050500130831358705,-0.0004914752485259917,0.02805156222326936
2017-10-17,-0.006682465010117569,-0.016587447528307854,-0.010137469489876845,-0.003065425002121773,0.03015716596240311
2017-10-18,-0.009038659815316288,-0.024759764710027415,-0.020802374177817374,-0.004682067535706129,0.03319872945592131
2017-10-19,-0.003616432750810878,-0.00216571080615812,-0.014170940635928336,0.01210194734601444,0.03378171627405275
2017-10-20,-0.05592852984745579,-0.048600132547529325,-0.036899340546110174,-0.014976551040169614,0.00048385351842032497
2017-10-23,-0.06126598532442473,-0.04864229737180026,-0.04225116902680565,-0.0010502144219083542,0.006653805375358329
2017-10-24,-0.05592279685516483,-0.04708395681293479,-0.02779959309746704,-0.010447702032980476,0.019887285953253574
2017-10-25,-0.046132064710387166,-0.04494176300050628,-0.029271538988644635,-0.03149173773816129,0.003637815014117425
2017-10-26,-0.05455448983963962,-0.07375532869204673,-0.07206084284760345,-0.05318009913686374,-0.03601446296660837
2017-10-27,-0.0725941315346187,-0.06565809904961019,-0.05720213703201253,-0.04292890687498688,-0.016861148749940318
2017-10-30,-0.056565216300491904,-0.05927173831199179,-0.047586649911734114,-0.030609203467737323,-0.024202641813889477
2017-10-31,-0.04650225475686999,-0.04210492211672409,-0.04362091166203465,-0.026649647216660712,-0.021458496039156814
2017-11-01,-0.03702803392965321,-0.044361874606560145,-0.03465473162659576,-0.02932530305567881,-0.021412111322744096
2017-11-02,-0.03247007559389785,-0.03335469265558944,-0.043023283283722444,-0.03021270536063206,-0.025375626328719363
2017-11-03,-0.011389034809844472,-0.022836083440361483,-0.025759365866967875,-0.022725159403732466,-0.01164359523517858
2017-11-06,-0.029804340589591718,-0.03895118469432755,-0.03134629469445055,-0.0418638773823643,-0.035432345081244335
2017-11-07,-0.06718624171917148,-0.06663066826543165,-0.053166355882413495,-0.06471276178782413,-0.04156347736970915
2017-11-08,-0.06219303098391088,-0.05479632419343318,-0.058756298258039144,-0.06435913676787665,-0.034557252605048015
2017-11-09,-0.058043797928786854,-0.06206502605698957,-0.07316014038918822,-0.06852796788685947,-0.061103788675744
2017-11-10,-0.04399910640627448,-0.05931288866394476,-0.06222556242685386,-0.07219554429936843,-0.05503094939545034
2017-11-13,-0.04870944576719498,-0.04755399800097486,-0.054667151362738794,-0.05736582369309069,-0.045878236358828345
2017-11-14,-0.0499167248975545,-0.05968156094892742,-0.047034023175286065,-0.05927911013559203,-0.05230168009831937
2017-11-15,-0.0455033001784687,-0.04438744660250918,-0.04052174945000815,-0.03568903986821289,-0.029010258121385635
2017-11-16,-0.03731685234407261,-0.04303101625299026,-0.03482308746198209,-0.045464632915404625,-0.035477241238071555
2017-11-17,-0.00998921492627871,-0.007880259440914916,-0.02558749422961498,-0.026855124642020334,-0.02239126539892394
2017-11-20,-0.02147011749650543,-0.019982906880794207,-0.030528393997137145,-0.029485979952722393,-0.03919610573110821
2017-11-21,-0.011730226466724633,-0.011466444348378051,-0.018819255677220547,-0.0351746632162295,-0.04684629318624082
2017-11-22,-0.03144905472331042,-0.025375750422324875,-0.024649279348674107,-0.03597313344427899,-0.04884585721415725
2017-11-23,0.0026127719900626385,-0.003832165164881606,-0.0027008121190445974,-0.00711137872040987,-0.016156237126406493
2017-11-24,0.006880756180912458,-0.00520689639863017,-0.00938335204550376,-0.008014760002705741,-0.025379914292568747
2017-11-27,0.01699274713508888,0.001651796365443448,-0.011885154323992283,-0.012903746673643102,-0.029572821676270507
2017-11-28,0.007597754178029129,-0.01444014134194696,-0.022161545620995905,-0.0204609027171249,-0.027464539125759205
2017-11-29,-0.005353344119970036,-0.023592187649773996,-0.027124699166174077,-0.027999915042593373,-0.033480528047901595
2017-11-30,0.0018893468401320025,-0.017621003867357047,-0.018692164317586576,-0.017071485160406425,-0.01167670420646896
2017-12-01,-0.004365844808600202,-0.018054142723499204,-0.014313307694964765,-0.006759628891260786,-0.018745292090417528
2017-12-04,0.0022814378709154074,-0.0010120257394218824,0.010762535185205709,0.013930435023818704,0.009059794331444541
2017-12-05,0.053862768236039874,0.0474647127217114,0.02987417275641465,0.0314539191934188,0.025598546976581472
2017-12-06,0.06115412163957937,0.04029387467456088,0.030959324214629762,0.023291996570147428,0.01809021097267671
2017-12-07,0.062434921365969134,0.04846047119009218,0.0395400407460281,0.029413959808225587,0.016657343911185625
2017-12-08,0.0496340880676675,0.04383640441166327,0.03508751705111109,0.024407127035322607,0.01730421540985764
2017-12-11,0.04429797804427018,0.02862697395466161,0.01113118734856069,0.01879767971032645,0.006128888316623684
2017-12-12,0.04297012803893026,0.02920454768470826,0.032502405313113346,0.023938561234588686,0.0021949498201886486
2017-12-13,0.026679718658822155,0.02325824753783067,0.025778908290144016,0.019731903500329433,0.014265497987804108
2017-12-14,0.019328045681570868,0.02853133390265137,0.017470069096334265,0.016607844819480144,0.006621773939171936
2017-12-15,0.014192199899380626,0.008432854255303322,0.0020574939146513335,-0.010093609505611927,-0.004895547422512619
2017-12-18,0.013534033833015439,0.011077160178403652,0.02014387581851684,0.01800825072201267,0.00487307674030473
2017-12-19,-0.005978210361384305,0.01712528171345568,0.01632797120046181,-0.0011835378881558858,-0.0017872234035137202
2017-12-20,0.012882724901665416,0.017932695586423873,0.009380568712564173,0.02437473694899534,0.01819482291271423
2017-12-21,-0.0002453145382868591,0.015292937163353159,0.012384265972009286,0.022075388094342393,0.008897650832697598
2017-12-22,0.0036764348214861488,0.020088528222754424,0.028187545413546143,0.031992028107530344,0.031202138433990514
2017-12-25,0.03057161894472361,0.0419792663109438,0.030585444324670533,0.045684166002157335,0.03694972441462265
2017-12-26,0.039832172557407106,0.03590911622881947,0.032311059031859754,0.04040147815935587,0.038671266467549106
2017-12-27,0.03586747050921444,0.04416791286981028,0.044750105188027564,0.0435666947628342,0.03870898157364211
2017-12-28,0.02454402684787618,0.03842208575792366,0.04554759363371066,0.03655185887203075,0.04114272438588115
2017-12-29,-0.007102536929736933,0.015313554286974439,0.028449732413278982,0.02481108471278576,0.02397285346689211
2018-01-02,-0.015774380738825557,0.004228691183114418,0.004510144527960686,0.002480575706712428,0.01243109776745843
2018-01-03,-0.030188690025118925,-0.02754041815945713,-0.025246814335261762,-0.03610259315362864,-0.00972631533438162
2018-01-04,-0.06378427449260965,-0.062359197865172425,-0.07049651231523837,-0.06680476179029526,-0.04262943588128829
2018-01-05,-0.07565806301186045,-0.05309960077306339,-0.07103534241620958,-0.06564593265446907,-0.037332254498369126
2018-01-08,-0.08867761076886149,-0.0825839407684768,-0.06510059489594593,-0.06699957221138489,-0.024487049035758043
2018-01-09,-0.1310355564457441,-0.10381877024501379,-0.12264531617273203,-0.10231205458921361,-0.08798575054207533
2018-01-10,-0.14329304158487932,-0.12180564874505309,-0.09881729278898604,-0.07449175928786973,-0.09179236515273975
2018-01-11,-0.1308952020933841,-0.10443827998955113,-0.0890117486952584,-0.09195971521729214,-0.09417684372532627
2018-01-12,-0.15228022254733262,-0.13837675791470716,-0.12814011781188114,-0.11927479144865154,-0.1223438743257292
2018-01-15,-0.09182270810202164,-0.09486405120315651,-0.09407682808234402,-0.08021152786093776,-0.0986780884406018
2018-01-16,-0.0874247209591478,-0.09269936822657464,-0.0854123826074062,-0.0912531946699685,-0.11108481069140262
2018-01-17,-0.08725827467610402,-0.08281987908759608,-0.08658801589981287,-0.09180090379273585,-0.09973973627979137
2018-01-18,-0.06286569970687725,-0.07234340857640453,-0.08309653286444915,-0.07651814082106069,-0.07503369154947193
2018-01-19,-0.058593537712463936,-0.08027495833316077,-0.07389891025273165,-0.07027557646703443,-0.06698907935992167
2018-01-22,-0.053272131659204025,-0.06158945446874672,-0.0680702676713924,-0.05923811010881643,-0.057255234774752764
2018-01-23,-0.06934723925129643,-0.06300753120240209,-0.07237933819325,-0.05643964363250754,-0.06003484894475725
2018-01-24,-0.07763018449232913,-0.07456691519129181,-0.07289514462432939,-0.06378314941177268,-0.05969098173984787
2018-01-25,-0.06903480878340056,-0.0595939203624833,-0.06342002202747166,-0.06122632239591221,-0.03551177666810287
2018-01-26,-0.056388677072398766,-0.07163724547239206,-0.0696492415674863,-0.07253297670231941,-0.04110719720323184
2018-01-29,-0.02051254584008686,-0.04688326325331413,-0.06124193274604355,-0.05605878865151007,-0.05022238372843934
2018-01-30,-0.024962262046113574,-0.033212782484754344,-0.04711824732549357,-0.039072375106294216,-0.017898850263821205
2018-01-31,0.0006473283933267912,-0.012105261102583321,-0.02645777427577148,-0.031356120772771195,-0.03692490716334339
2018-02-01,0.05574592657563439,0.03731652719138495,0.02257186815011151,8.806888914230445e-05,-0.014092927363487103
2018-02-02,0.07447282007839078,0.05621395924817246,0.0300825760800979,0.022222097567980843,-0.01812179646577189
2018-02-05,0.09680832714479158,0.07980344968874485,0.054554593947380665,0.030160469919546865,-0.01193464085134501
2018-02-06,0.1827748098048837,0.13080856327758145,0.10597484549389172,0.07228282094370023,-0.001924907385637188
2018-02-07,0.15013340483866183,0.11549416727690831,0.09573718213082204,0.060271746976857006,0.018176688749157094
2018-02-08,0.10598524914587165,0.08790497210421559,0.06856441949632086,0.05003611317752429,0.06434460053609833
2018-02-09,0.12092279680945137,0.12326096363284111,0.1212974166145706,0.10788695582234911,0.08410213012365751
2018-02-12,0.0665400345125334,0.08700485869167775,0.0895518163400163,0.09857267530646245,0.08659086738430731
2018-02-13,0.0399617377248203,0.07588271918490223,0.07879860164232083,0.10449693924693575,0.1154186792758399
2018-02-14,0.037107103319031824,0.06253579313250292,0.07752764644725028,0.09294656224274098,0.0899694719620739
2018-02-22,0.023558037933424987,0.0445717819428573,0.06040409614059912,0.061145883354234806,0.046966754163835826
2018-02-23,0.00013704272439691762,0.0009591796643826415,-0.0008453268110643334,-0.006656766215610277,-0.02864586810479528
2018-02-26,-0.008494649111987006,-0.010868596678556467,-0.013204483670768456,-0.004721950303887336,-0.03647666118016459
2018-02-27,-0.014733002676341958,-0.0010009096312835377,0.012934047733595414,0.017933185139903517,0.022608693264257292
2018-02-28,-0.02679797831117197,-0.01886678423779947,0.0039386196702388505,0.011939588628247505,0.009441983433613231
2018-03-01,-0.03455996389393757,-0.022095093786621306,-0.004244124826200009,0.01192980338977613,0.01651262076822511
2018-03-02,-0.03451115767518426,-0.010822566222276384,0.010259997775795424,0.03628692177489891,0.05516344651352971
2018-03-05,-0.03801679408991481,-0.008114937545274927,0.009586720779028909,0.034326591411407294,0.05674645092872552
2018-03-06,-0.0533343476929276,-0.020749330607798114,-0.01356495850755155,0.009520801125946679,0.020495191637101364
2018-03-07,-0.04508792639040504,-0.02175967423797477,-0.011777628614187926,0.008851484844354475,0.026283778012190444
2018-03-08,-0.031555180599011995,-0.008483584519167439,-0.02288948581753241,-0.010855438845094253,0.00011820655765525166
2018-03-09,-0.03595521852513817,-0.02510768717908089,-0.022258551690224917,-0.012659089023658206,-0.009381604645602368
2018-03-12,-0.03254893962076225,-0.03295073625334668,-0.029740121719939533,-0.03303788161651085,-0.02197518427277676
2018-03-13,-0.04026620531201689,-0.02746996813933267,-0.03351419041284215,-0.025510978969156505,-0.025199993258871463
2018-03-14,-0.02461929630770435,-0.011648271544204716,-0.02779415843010322,-0.022767076464383664,-0.03776675279165714
2018-03-15,-0.023944944557913805,-0.016809546748165316,-0.02861014890827251,-0.029875075429782627,-0.03624602761247719
2018-03-16,-0.03380131386870941,-0.03000651525056885,-0.038693543276436135,-0.044609099681422716,-0.06284146686913937
2018-03-19,-0.03529254849894317,-0.028664736770908,-0.026880176836084083,-0.029374988698497823,-0.038031150490653545
2018-03-20,-0.034235866160580795,-0.03064250220571629,-0.01786546868564535,-0.031007947201568922,-0.0322762120668182
2018-03-21,-0.06612718897255135,-0.04642729294645593,-0.043233044200691864,-0.03153048314346005,-0.032373261744772626
2018-03-22,-0.06256230160672908,-0.05285972350642535,-0.042899766360642,-0.03934571822645989,-0.050049706435810894
2018-03-23,0.03956375262706697,0.036996433466466354,0.02161189032297976,0.01764700934622343,-0.004972637469989942
2018-03-26,0.017894322051968937,0.008436513876041296,0.023514976000006047,-0.0042378745728219565,0.0013127055844206835
2018-03-27,-0.03466709499992014,-0.03158057713203446,-0.02496589014030387,-0.030513122350062594,-0.028000496280834185
2018-03-28,-0.024416634425795745,-0.022077572464292906,-0.019122893612166653,-0.007666314100101183,-0.012418850769240338
2018-03-29,-0.05499103467507477,-0.030126457217595916,-0.02761513771079899,-0.02479031254008195,-0.005529144052797244
2018-03-30,-0.03792436615971759,-0.02280085386060303,-0.036937068028946037,-0.03270487421940254,-0.02905285913041105
2018-04-02,-0.03379162675910643,-0.03531143100901829,-0.03679706701462903,-0.038638645279284796,-0.042782827963872
2018-04-03,-0.026381988963423128,-0.009654542979143104,-0.005603947293293175,-0.0020425240953118986,-0.013179338389555975
2018-04-04,-0.014833979785168691,-0.0013174238681996292,-0.0006929842155308856,0.010760189768845234,0.001317282820729515
2018-04-09,-0.013243306974608793,-0.005753720510179599,0.002409090312809023,0.009533534556484381,-0.006046315268786493
2018-04-10,-0.018604082446419777,-0.0076822648825257776,-0.001964679010506624,-0.003871026718415081,0.0035471149677967174
2018-04-11,-0.039500574454516796,-0.019154573301768438,-0.015730999996489633,-0.014806715213502984,-0.00329864657361089
2018-04-12,-0.030081290434647853,-0.019671686003232488,-0.008435172747973124,-0.014240544476544204,-0.0033760107391242185
2018-04-13,-0.003096582054353831,-0.010355440886861913,-0.0021785901059023587,0.0012401219557038204,-0.004396318192901528
2018-04-16,-0.00018411254566655914,-0.002285426868227416,0.006481570101942604,0.005635904333770774,-0.01542273658572155
2018-04-17,0.028324149564740254,0.01843907487153198,0.00930489505877802,0.015176391633768892,-0.008487929214463926
2018-04-18,0.03567248764878319,0.017270537149226356,0.0022018920689645042,0.015858568718692415,-0.0313097422991559
2018-04-19,0.0379925070762377,0.02098214938614242,0.013551177549442702,0.020610430953046467,-0.026969216726044926
2018-04-20,0.060233152341644496,0.052161671744480345,0.043603184287633906,0.03149829170569964,-0.0006804095563198748
2018-04-23,0.05675156115772016,0.0471165357996078,0.0341078732916278,0.022306020259866745,0.0058522919926360505
2018-04-24,0.019517432886396045,0.018897823400006022,0.0058744746633683596,0.01200142016253305,-0.024241502405821576
2018-04-25,-0.011261485251556954,-0.0032332222150316665,0.008138555961350534,-0.020024010053696053,-0.006794170408385608
2018-04-26,0.00335546752450761,0.002809929548060322,0.015571392655688005,0.017170092340211395,-0.003252760828706692
2018-04-27,-0.01828319298309678,-0.0008021915147190248,-0.0034738884904330627,-0.009606515166431679,0.002472532150612913
2018-05-02,-0.04254803468143007,-0.040375590402802065,-0.027993023264813524,-0.035185449527666134,-0.023494542851852436
2018-05-03,-0.06699135509678718,-0.020530836486871967,-0.023924887794856402,-0.02192876825951506,-0.006432782437581023
2018-05-04,-0.07175233672056734,-0.0390588743696283,-0.026956557952988364,-0.034903151403032885,-0.016386432780373245
2018-05-07,-0.0863886272996506,-0.05489692094208583,-0.05354820482333497,-0.04706796788358986,-0.037944184970797726
2018-05-08,-0.08500566754660722,-0.05070263581853426,-0.044531074468352985,-0.03737410724705479,-0.018605961571846918
2018-05-09,-0.06064774983048539,-0.05189810842963484,-0.04221948923118123,-0.03335110359841893,-0.03796848372736966
2018-05-10,-0.08498722281025259,-0.05818483450202328,-0.04647146898916287,-0.052543920210149864,-0.03294093275227671
2018-05-11,-0.082038432599401,-0.058329505530358164,-0.057079340387360025,-0.05104754142474877,-0.04855440808790348
2018-05-14,-0.08685884144521568,-0.0708680179774325,-0.05322178653258343,-0.048505627325983354,-0.05495778443117376
2018-05-15,-0.08804027560877944,-0.06555807665383181,-0.05393257551986455,-0.05777626415642148,-0.04705526326187851
2018-05-16,-0.10542244602093545,-0.08354554100597851,-0.06804410585668969,-0.05714026145690533,-0.05874389680330826
2018-05-17,-0.09179990788493023,-0.0773530398345737,-0.06633542154443589,-0.06021796638843934,-0.06647183021028033
2018-05-18,-0.1194954693164099,-0.09207801739662229,-0.08433525521837731,-0.0833905605285902,-0.08981986744416186
2018-05-21,-0.14708281999644823,-0.15228720484193173,-0.15660886699857712,-0.1650006566877039,-0.17906691785003342
2018-05-22,-0.13430825874151936,-0.14539495575996778,-0.16124632391584778,-0.15549290736423468,-0.17056593722368818
2018-05-23,-0.11610061655310568,-0.1629599174809154,-0.1540085095596537,-0.17252240432823962,-0.192828425387916
2018-05-24,-0.11411817257260211,-0.1334396606010368,-0.145910119550618,-0.16469358915462362,-0.16416421617113572
2018-05-25,-0.11965049776924336,-0.14020592846334895,-0.1498734582105926,-0.14519617857218792,-0.15210773178969295
2018-05-28,-0.12364100987925955,-0.13813164428968364,-0.13798109367484365,-0.1427183403001143,-0.12138165820375761
2018-05-29,-0.14425699309375856,-0.13882865497120617,-0.1346476540540641,-0.13410267378762947,-0.11557644221116468
2018-05-30,-0.12843871084032793,-0.12151566648098042,-0.1138526846816735,-0.10898629296115915,-0.111263646352362
2018-05-31,-0.11586300485905675,-0.10913787179401412,-0.08989637830430101,-0.1041353647568475,-0.11004652178241339
2018-06-01,-0.11051296470207246,-0.11781330822986888,-0.11744426613709513,-0.1102681889543533,-0.10207985100860607
2018-06-04,-0.0840666511957138,-0.10909538261269859,-0.09865867207307867,-0.10484198537389354,-0.10753994781216186
2018-06-05,-0.13074247411238993,-0.1265637985649937,-0.12542729328860713,-0.13228355053768612,-0.12587780416705147
2018-06-06,-0.14823160614548808,-0.14729498817275852,-0.14980360712005308,-0.15084353054811703,-0.1565318100860625
2018-06-07,-0.13923876755518536,-0.14419906556479942,-0.13655721861445833,-0.14241212271339682,-0.15087823313758963
2018-06-08,-0.11247865624430756,-0.10819741363800824,-0.11229130163937938,-0.11242191939973747,-0.10932299175915884
2018-06-11,-0.0957202298437841,-0.10225454941881311,-0.09791829154062982,-0.10314941186775274,-0.09997096356417767
2018-06-12,-0.13173725074201129,-0.1309841414562599,-0.11581490551392537,-0.1322843579841967,-0.12471961830009848
2018-06-13,-0.08458395615451299,-0.08334118120287325,-0.09342845179214468,-0.09515222445025077,-0.09463637479879736
2018-06-14,-0.07865711761498473,-0.08251107179319202,-0.0798678748848106,-0.08232329938147166,-0.0917443451093483
2018-06-15,-0.040721272666995136,-0.0535083005987543,-0.06458442874256105,-0.07686402308918426,-0.09472390560626777
2018-06-19,0.01885352495297562,0.0280808088008533,0.006012098326524863,-0.011067516132253149,-0.04801770182177977
2018-06-20,0.004848307115614695,0.0009762296540564689,-0.009806640073951928,-0.02048627388050726,-0.05567489682424348
2018-06-21,0.03529550145154304,0.018617700556509187,0.003994397976412528,-0.010894054320713902,-0.05158369729348029
2018-06-22,0.023940551085495646,0.019816007102654996,0.005270740074126093,-0.01672861941196925,-0.03726015076336916
2018-06-25,0.03963221592705162,0.03772127965972711,0.029956270809373842,-0.006865496184421749,-0.017969502480866203
2018-06-26,0.021935905694422927,0.03513040728285562,0.027613855233682115,0.023800677083821706,0.02955315572269914
2018-06-27,0.038175583567211784,0.033055674123175505,0.03596367588423633,0.03959606420802338,0.048622510614918554
2018-06-28,0.04606085455885833,0.030642942914802025,0.044666703971938615,0.0517519880242843,0.056866894456666005
2018-06-29,0.013748447235581503,0.004128459365797407,0.0066791603866988465,0.02250356291806628,0.015013003351213427
2018-07-02,0.024238658110767336,0.011531401850418729,0.018879325465558094,0.024523879594145245,0.010496454663384449
2018-07-03,0.01780722391566279,0.001854430681635425,0.009854117020009353,0.014370117798512662,-0.005202933120375837
2018-07-04,-0.006391326034603209,0.018292612185498203,0.018427220441830355,0.005994569557920102,-0.007045401237903212
2018-07-05,0.011488665613981496,0.023946361610278463,0.011147965207248868,-0.00046186391819889546,-0.0027306338463149167
2018-07-06,-0.0027327033324725174,-0.0005301246524508289,-0.007312869630407551,-0.006375140685649707,-0.01745973522052579
2018-07-09,-0.06003879745687794,-0.042273319214108054,-0.04118544040779241,-0.05365700686636237,-0.050482000139897315
2018-07-10,-0.038337242687188154,-0.013635647953647885,-0.020118104179614904,-0.02603534255591287,-0.040324499451608584
2018-07-11,-0.015091656045236093,1.1172492335709735e-05,-0.00081066246939732,-0.014372766159117012,-0.06307951581566744
2018-07-12,-0.026542106025234533,-0.010344319143061794,0.002855494947338436,-0.021466355337138004,-0.060159409618274436
2018-07-13,-0.02355181697806092,0.0034023824759268836,-0.005609811823147422,-0.026132462389394432,-0.06024041094545061
2018-07-16,-0.02887482687660862,-0.0008858986094525149,-0.0043147978121314155,-0.015537937764309413,-0.052124230359111914
2018-07-17,-0.02609589222405921,-0.00021018263968106772,-0.00322393253863917,-0.02789661051870032,-0.05624825115799723
2018-07-18,-0.04235351966054967,-0.02212077803762558,-0.03151510409878144,-0.040333079916923496,-0.05810283731082209
2018-07-19,-0.060716587157811794,-0.03393730727773924,-0.019677025433743018,-0.03191125784970979,-0.04697479827781366
2018-07-20,-0.10987549358899686,-0.0643065002129999,-0.04846567281276362,-0.05057253813508211,-0.06636432026203233
2018-07-23,-0.1229847988276853,-0.07009257245333832,-0.05341515109824661,-0.057243379286713685,-0.05764643631126012
2018-07-24,-0.11691805539629492,-0.08019859439815766,-0.07269178221743301,-0.0631402023130797,-0.053804908563848376
2018-07-25,-0.12863527390887713,-0.091748615642411,-0.0720476933198145,-0.07274467149574562,-0.07472220890897381
2018-07-26,-0.10468555493870475,-0.0828348087577214,-0.06994053099349203,-0.06962967011205616,-0.07267562201939978
2018-07-27,-0.09575206479059206,-0.0797536941650507,-0.07241013486847968,-0.0710078295760194,-0.06902641937386428
2018-07-30,-0.04455368992410465,-0.05193826889826209,-0.0504215127769076,-0.03866873923528561,-0.04462857342219953
2018-07-31,-0.04266273224891483,-0.05570325808049582,-0.047900338693422494,-0.043997399031209486,-0.034744602074842604
2018-08-01,-0.0357458254260968,-0.036953769735331286,-0.03625822496119793,-0.027172285164410243,-0.029824233041978253
2018-08-02,-0.02556775050128912,-0.024846274375256865,-0.0161208828971603,-0.016948932399544942,-0.03305235816899456
2018-08-03,-0.02288018659391708,-0.019324072464293744,-0.015026149813325637,-0.014695828799589519,-0.032810416689393926
2018-08-06,0.008103134538661799,0.014052848998392412,-0.0021527027967629497,-0.0031480278023089292,-0.014091658018875953
2018-08-07,-0.010631926703318003,-0.00910896219951376,-0.019552496727732807,-0.012281586175231006,-0.02945603645499885
2018-08-08,0.005898656648024912,-0.005656804301102059,-0.017185616519166586,-0.015265500643334474,-0.047588008039252144
2018-08-09,-0.0367732783816745,-0.05096973371134537,-0.03938635774731473,-0.03615617973196921,-0.05098473571498958
2018-08-10,-0.04545839218003465,-0.04762380270207936,-0.04472007712983791,-0.04888936955218245,-0.042427140560077466
2018-08-13,-0.06334760944483776,-0.059434482557967905,-0.06813661373492573,-0.06147020785427875,-0.07669883923361442
2018-08-14,-0.0725174437180892,-0.06238473930849544,-0.0640946057484249,-0.05793724124290717,-0.05977554610486733
2018-08-15,-0.049676814696460736,-0.0425445058859032,-0.05059625973496935,-0.037692138141963996,-0.038921729327773824
2018-08-16,-0.03626021713493434,-0.03201186064627338,-0.020780337680001815,-0.022141182040522595,-0.026250296172255553
2018-08-17,-0.02303254697018767,-0.019654256511783697,-0.020007716836807285,-0.0016335628330259658,-0.020928203874922873
2018-08-20,-0.04451173884846291,-0.04054109727727052,-0.03211127434378041,-0.032723857894988745,-0.03709121649578281
2018-08-21,-0.033345027663955674,-0.03818186045123928,-0.032612309526589306,-0.03076220526233548,-0.03239747740735265
2018-08-22,-0.011269421665621372,-0.01779629115156966,-0.012928402647161314,-0.004612722296056079,-0.01593268901457036
2018-08-23,-0.01870318926290797,-0.026022933052253498,-0.015082239164152874,-0.013248656059412823,-0.015786179152971504
2018-08-24,-0.006972603499553426,0.002754421745435083,-0.0007181851478769668,0.0053069949636259705,8.068788699081133e-05
2018-08-27,-0.0313453013596497,-0.025877670370767117,-0.017755401945404786,-0.025738902064121588,-0.024779770036013622
2018-08-28,-0.028952021128116977,-0.03166361268947137,-0.013319091867832292,-0.01705197579556488,-0.016144089354653
2018-08-29,-0.029022750062456658,-0.02633427807166778,-0.025300754709836403,-0.024802020691007298,-0.03072356259969012
2018-08-30,-0.009617857853818247,-0.012005905376091643,-0.00635752544465986,0.006051021375761827,0.0021658845246715396
2018-08-31,-0.02473158661071009,-0.033482272984911944,-0.030603701388228145,-0.024114597346039438,-0.01920593549374953
2018-09-03,-0.03999867523599684,-0.02670690825524815,-0.02546420362806899,-0.017562657603492984,-0.027672980149373968
2018-09-04,-0.05246195342696339,-0.04235881052834092,-0.027313076905231763,-0.02861132601965245,-0.04097152661342819
2018-09-05,-0.10537207481472982,-0.08857747457154148,-0.08972530552767322,-0.07775866573922449,-0.09792719790212918
2018-09-06,-0.08141334889449126,-0.08397397892448069,-0.09084094576568245,-0.08541626023617147,-0.11095377918835579
2018-09-07,-0.11960517711889265,-0.09536469470222941,-0.10014511706083024,-0.10230306580074024,-0.12544172578907017
2018-09-10,-0.12554177821397153,-0.10923159205270148,-0.11265356063243999,-0.10840673336360825,-0.10027408157300828
2018-09-11,-0.10786953391593106,-0.09954022470190169,-0.10729689556345015,-0.09856973803478011,-0.1055998338277515
2018-09-12,-0.12206535521171799,-0.13865393896247563,-0.12450410459451108,-0.13214648744388077,-0.12668729683708463
2018-09-13,-0.11067656657848082,-0.1263413900662017,-0.1261712022233356,-0.10439057814315358,-0.10550481005231939
2018-09-14,-0.04994251068731574,-0.06951043175349385,-0.08185894023021267,-0.06893065492252162,-0.04815129506611019
2018-09-17,-0.046782339273685886,-0.07576399222667506,-0.06908673991782416,-0.0701146409533607,-0.0657493717236579
2018-09-18,-0.08788704255121743,-0.09336332962285171,-0.08029591749683473,-0.08313597497396709,-0.061953932823514794
2018-09-19,-0.11711260129494346,-0.10703906693487468,-0.09035226844825744,-0.07898877971182154,-0.07683337515984642
2018-09-20,-0.11346683890209784,-0.10015135741782305,-0.08418232472045767,-0.07460433953524942,-0.08293596827780372
2018-09-21,-0.13299627081331752,-0.12233610863680443,-0.10838289592685521,-0.1085667403560506,-0.1289444259122867
2018-09-25,-0.10941433049843179,-0.09811949283535862,-0.0946190179881995,-0.11107945335745446,-0.11912032790360952
2018-09-26,-0.0942316204832177,-0.09357597136372922,-0.09020727192294617,-0.09701697403932154,-0.1170571069735179
2018-09-27,-0.0898956477058577,-0.07797476507891123,-0.07169517326134736,-0.07157860995251424,-0.10241613284382689
2018-09-28,-0.07226385470872741,-0.05887940522100774,-0.04897928165315254,-0.06506964737261442,-0.07485808804059581
2018-10-08,-0.02467067442182847,-0.02542663733141184,-0.02537708863303148,-0.03509095486673795,-0.0343520406475731
2018-10-09,-0.020734786762776576,-0.022892150396295222,-0.024710291881855036,-0.029392743523571834,-0.04242524460095226
2018-10-10,-0.03115723155373494,-0.02445270794499988,-0.02831087306446093,-0.02975891482009058,-0.04551829840093871
2018-10-11,0.05210026267286397,0.061205825755679094,0.04058516973377247,0.026345173499130632,0.006608130593141951
2018-10-12,0.0879273326803814,0.07142752793742384,0.038763840926531686,0.013034626139287004,-0.013608691289488424
2018-10-15,0.13719525855262948,0.11984719258323946,0.08495765294561751,0.061596290102885476,0.023404173215805964
2018-10-16,0.1840796948192727,0.16845142520166617,0.1427653039252638,0.09126500824955394,0.06200660991051434
2018-10-17,0.1577279737089844,0.1624478780111936,0.11686384350148588,0.08994165823558017,0.05428153873163172
2018-10-18,0.19538262051264024,0.20365451562323147,0.17994238948770494,0.14316686797312203,0.12145459150968305
2018-10-19,0.15233069217288855,0.16538846501081667,0.17216104334927249,0.14190140463035747,0.13342331956219836
2018-10-22,0.09774436132182888,0.10944138349404853,0.10338611260871672,0.09081899762042278,0.1123675156750884
2018-10-23,0.07612416687341649,0.08488104490217291,0.09468356736386846,0.10382729877392553,0.09429605133426243
2018-10-24,0.07765556995050427,0.0951056096132116,0.11361430279140099,0.09649315673412849,0.10168199588289241
2018-10-25,0.08347250661832399,0.10342619898149931,0.1071278042503117,0.11815065593422226,0.08586406616636258
2018-10-26,0.04200896931015098,0.040711587006861505,0.05356587504366984,0.07698911694994603,0.05390372022202522
2018-10-29,0.06409079340096899,0.06530543556996904,0.06849599462123583,0.07523545072652442,0.06775237561817872
2018-10-30,0.06119267183713091,0.0455645649928425,0.0627506889994436,0.07837904639135758,0.05772765645882381
2018-10-31,0.05458187942057682,0.04460425664344395,0.058257434356641165,0.07171935166823849,0.0673296433485155
2018-11-01,0.007571096289762453,0.016778745923812594,0.03979406622707683,0.04114282068014272,0.04686277266870254
2018-11-02,-0.01890039953362007,0.006941140971451628,0.025124350120829406,0.014282928456158707,0.008778185845045357
2018-11-05,0.003281453733484959,0.03123666443075546,0.04078781172479599,0.04484057024425977,0.046362100431652065
2018-11-06,0.015326600789745957,0.042744272188167835,0.04226021939623479,0.05096310450654648,0.043575911900697886
2018-11-07,0.014190395320354605,0.03488435294781298,0.047606655630433876,0.044525821178509464,0.044719312548820625
2018-11-08,0.0026020105093994984,0.015586436562437848,0.02975380520019898,0.03079337661728035,0.02654810891702353
2018-11-09,0.012418551280424179,0.015201066358882196,0.03369071321029809,0.03738232127458211,0.0324510445951334
2018-11-12,-0.023060204841193956,-0.012091975338027144,-0.0068639948612877495,-0.007441058959096172,-0.00752078149840241
2018-11-13,-0.02739541654946944,-0.017264486172439655,-0.0196918936378727,-0.017021004893272223,-0.026001070685342857
2018-11-14,-0.015065887614007801,-0.016914308561458976,-0.01127677277902905,-0.018321770342545295,-0.0301413979521687
2018-11-15,-0.01525627324315761,-0.01232658841562143,-0.01756050205824808,-0.025264961067498617,-0.04429842009138614
2018-11-16,-0.04216489570637235,-0.037193499337485454,-0.050601424157554045,-0.06155766458889985,-0.08882013940274351
2018-11-19,-0.05864504624605798,-0.050379179191681035,-0.05867225915469496,-0.06487233955122051,-0.08177150969448788
2018-11-20,-0.04850171037941521,-0.03493131484614656,-0.03766001967869119,-0.037027533079163136,-0.05908748132787157
2018-11-21,-0.07229458812419069,-0.05097803271234156,-0.04859358480634638,-0.04909513475636775,-0.08412103144975816
2018-11-22,-0.06517187130715714,-0.054682708213236265,-0.05264773028452344,-0.051871769646033954,-0.06958777353800163
2018-11-23,-0.03509283382232167,-0.011608448445686146,-0.024000665323035027,-0.029678361499550273,-0.04376546691666197
2018-11-26,-0.017075556019527455,-0.01338936189384866,-0.010014926025245025,-0.014505765194367068,-0.03732288984080071
2018-11-27,-0.04001057279078009,-0.029678972612463588,-0.026718151073338747,-0.029360198997248746,-0.04938611382216731
2018-11-28,-0.05954452847655356,-0.05569629882954797,-0.04641328374412494,-0.04172170289290318,-0.05124628166529186
2018-11-29,-0.05954284593018867,-0.04742227310522315,-0.03735104166626665,-0.03300308560341804,-0.03578791988869237
2018-11-30,-0.05428421844042088,-0.04163006861886832,-0.0418237698924509,-0.052818998002943686,-0.04509379917820854
2018-12-03,-0.0848113889653713,-0.07524902014687557,-0.07513612702543335,-0.09015543870914204,-0.08853473171566521
2018-12-04,-0.09511940527535853,-0.08176087785270819,-0.09033990027910924,-0.08872227681987283,-0.10348790393902663
2018-12-05,-0.05055611894375348,-0.05481718483022802,-0.06025679418757967,-0.06710812085466931,-0.08187758806753849
2018-12-06,-0.021121290665581296,-0.018348000312972117,-0.024772514573938385,-0.03349326406674179,-0.04017180450425211
2018-12-07,-0.03805007568337234,-0.023619882834484712,-0.0314349614962604,-0.03476275907774967,-0.02112332382647973
2018-12-10,-0.024343247988746455,-0.00545970164178476,-0.016292328535331347,-0.015077222584853554,-0.0128762756069443
2018-12-11,-0.03609396415604326,-0.01983909609534957,-0.022989927438916445,-0.02515155307936854,-0.020566682881468557
2018-12-12,-0.03378038863675752,-0.00970334115726932,-0.016341122020202055,-0.020773183543071262,-0.009994044091281493
2018-12-13,-0.04780548540824935,-0.02650964870426906,-0.028216432918166237,-0.02772559725124249,-0.03568956528088233
2018-12-14,0.007953251237955337,0.010202109009798063,0.010963675807312829,-0.003720753381480333,-0.01024751961438411
2018-12-17,0.006859149806694462,0.01348720808203046,0.0025990570376546486,0.0023610420447164045,-0.007053353441052971
2018-12-18,0.015785996245315907,0.00954861776378656,0.005969692772541513,-0.004516026698689252,-0.007411263476135523
2018-12-19,0.029107230367490654,0.04449179168021057,0.022147109443140436,0.024001012487639875,0.014004689994219204
2018-12-20,0.0327913534147031,0.03893625761150082,0.030511244985440597,0.024305128731836535,0.022285454139857656
2018-12-21,0.027410495120644845,0.025391561897945458,0.028349252898227737,0.03029725533575088,0.015056198310814546
2018-12-24,0.014920268208214266,0.031629508711191884,0.020269911360504215,0.015017805372772287,0.01144857121648025
2018-12-25,0.03758321487482277,0.05048801365462703,0.03615532941776461,0.03550977129570584,0.020767908483062272
2018-12-26,0.04617745589446164,0.05048079041165775,0.035797051868632926,0.026992919276527427,0.018987807897375867
2018-12-27,0.04996547617274245,0.05650560252794686,0.04422729236053852,0.03646156418065874,0.029781816569457057
2018-12-28,0.022245351955208516,0.038856149561659135,0.03256553320579188,0.023038945320522638,0.017861610596808096
2019-01-02,0.02548488582600642,0.022577162556956576,0.02755790002176277,0.028442842995650582,0.012964275905080778
2019-01-03,0.0401391765825332,0.018228579636628595,0.008651765381614789,0.020785192255456397,-0.0016671124439533677
2019-01-04,0.037263064021429045,0.028324400517663554,0.007706840865488384,0.013041216492541557,0.0002974441972602187
2019-01-07,0.04851152515458329,0.043589209372327596,0.02150883537378168,0.018404158294135883,-0.004007437007429359
2019-01-08,0.07119913694056301,0.04543544284761689,0.04077753628167896,0.025071875296855187,0.013568610039249484
2019-01-09,0.05882548539782541,0.06358333930331947,0.05131939305454052,0.04928378291459085,0.04632513828268563
2019-01-10,0.04978215277441458,0.06026703011124313,0.05895083298606437,0.0658921035465521,0.07132923501522431
2019-01-11,0.046872198242988966,0.05267453684480208,0.03979513464307361,0.04943351518580008,0.052024106413998954
2019-01-14,0.09953775869524731,0.08784102801100328,0.08202502158245424,0.09033962462778565,0.09138626291707967
2019-01-15,0.07180508016766918,0.07926109257796289,0.07349256638082195,0.07612892312232299,0.09713954567540489
2019-01-16,0.08194415940630226,0.07890626158215598,0.07573578299652481,0.08715470384767075,0.09402398676309438
2019-01-17,0.10935788296342683,0.08137467725611684,0.08507055095729542,0.08459635848114695,0.0836575500339918
2019-01-18,0.11938515604780722,0.1049294707329677,0.10004446307573972,0.08874548125904708,0.10691066900302482
2019-01-21,0.17560221664968714,0.15874971084670228,0.15129836229069726,0.15484044136464412,0.1525669862304635
2019-01-22,0.19885973205127597,0.18234281337583172,0.16607471715845323,0.15780950886294745,0.1643090096888313
2019-01-23,0.2009643556501588,0.18026021899969452,0.16441843143904994,0.15932798765553305,0.14619310529079302
2019-01-24,0.1741024855561099,0.17278069255949668,0.15187888688047538,0.16879019353901784,0.1559788866671839
2019-01-25,0.2133664353999703,0.18725935580035932,0.16491777561185922,0.17363065308625192,0.1675316703386822
2019-01-28,0.2667401708217627,0.1954504040620665,0.20552103589364598,0.18930367081004415,0.1918698040599046
2019-01-29,0.34978959926426606,0.2797508913792382,0.23701080739950714,0.20759883875973215,0.21270386732763222
2019-01-30,0.41553026007891614,0.3331301413660615,0.2783233465997728,0.2232663748632515,0.2368802169701401
2019-01-31,0.5027368661450894,0.38682174902266764,0.2998347802033382,0.24622595403059488,0.21526224796696758
2019-02-01,0.36915688115911255,0.2903200869985744,0.21509759618955,0.16471132298528138,0.16263733813579162
2019-02-11,0.3409653733973937,0.24704266644763861,0.24420361332061014,0.2073735489478372,0.22862609663458477
2019-02-12,0.2596747604677266,0.22057286980095317,0.23853568995037247,0.29406203538358605,0.28989315202539956
2019-02-13,0.17223506281610323,0.1774365401420503,0.1981097286990673,0.23671696783176036,0.27242934283872255
2019-02-14,0.1125832599687312,0.13026006098067747,0.17913539596016387,0.21837363213081892,0.23773430520681774
2019-02-15,0.1377934461274283,0.1623219924660941,0.18877179577476025,0.236026100468664,0.26087778641712783
2019-02-18,0.13399190314508871,0.1591264866202464,0.19262412695296843,0.21832414505501932,0.23178398143169815
2019-02-19,0.1439530811557257,0.16137334891907607,0.19260665907904723,0.21505012798530307,0.22360678044600585
2019-02-20,0.14810143895528632,0.1620584145984907,0.1830204802375753,0.21357297529263397,0.21513945136673085
2019-02-21,0.15711392894570428,0.18388275636610668,0.2076071849742218,0.22778305034853177,0.22971390286974713
2019-02-22,0.15399392434661444,0.1616979489000854,0.18729948514901457,0.19697617750599203,0.18861231344383098
2019-02-25,0.09996336506722958,0.10794780279324258,0.10276818139983014,0.09979600184959835,0.1072863882914624
2019-02-26,0.07794170049455726,0.08659852513016471,0.07064348687752292,0.0730514409828399,0.059906509388706806
2019-02-27,0.09856397561902656,0.08945662954670415,0.08911026376558727,0.08800825589658864,0.0540817206803782
2019-02-28,0.07640572827148603,0.0575370184115859,0.0801710193173426,0.06230400389333707,0.05572488436612789
2019-03-01,0.09873013494111099,0.09069126605105099,0.09705962930626634,0.09413841075807447,0.06742447190617987
2019-03-04,0.10634998202044427,0.1045357682476449,0.1003977439468502,0.12611196365089383,0.10578931861842512
2019-03-05,0.07681622733415351,0.08000081786510255,0.09027525573403304,0.09339627918666242,0.09754136615128232
2019-03-06,0.0844420449678048,0.07490383225006336,0.08274016494207055,0.0944033383883701,0.05997221198151878
2019-03-07,0.10455089525429934,0.09134370169781211,0.07648383502380342,0.06432688626672298,0.032797857692155576
2019-03-08,0.16908964299414334,0.14512267576372903,0.12943762036378897,0.11040328316861328,0.04233228993101628
2019-03-11,0.1207922935143813,0.11311025162252958,0.09850291166081335,0.053498227152433846,0.013772357049741753
2019-03-12,0.11630995945323985,0.09298262930393618,0.07687705046586789,0.037817295843426586,-0.011854170729876816
2019-03-13,0.07569769277271178,0.10318463046039233,0.06960052643604205,0.04622272658550374,0.010862240663017374
2019-03-14,0.08833356813114031,0.10255151550493254,0.09294756905276896,0.08439366299368653,0.05341291443255802
2019-03-15,0.05109767136582808,0.0569185303194909,0.07364900417944967,0.06764207770832197,0.049591008139164006
2019-03-18,0.03743965898799256,0.05554622790531652,0.05975887764262809,0.06711514498524848,0.049309050704920684
2019-03-19,0.03970992724620586,0.05055276033909437,0.06919779610048549,0.06958367757569175,0.060174266745825
2019-03-20,0.037747758490093195,0.049766137094644496,0.057685618378513374,0.059383873048727526,0.056427477685854745
2019-03-21,0.04308922467185841,0.05465858351701336,0.050123977190866545,0.05218440040916278,0.04167588081048902
2019-03-22,0.03847571993043574,0.028784155983019918,0.04318334069216345,0.013702859579105156,0.015199315996195865
2019-03-25,0.040284044172516055,0.034996032390996315,0.03706872891603354,0.018568593990537258,-0.005994989608166838
2019-03-26,0.0628395965642493,0.06886163943625491,0.07317286398257505,0.05498847964421875,0.046551833794172805
2019-03-27,0.017808565561946085,0.02080497548112025,0.015509051546648561,0.017237822456870104,0.002339039790717281
2019-03-28,0.009788407315651029,0.0150186929106213,0.023721222114116088,0.021513987868067394,0.014213221054401466
2019-03-29,-0.06552908321609617,-0.05287492526106475,-0.045987422154641126,-0.015932198334048915,-0.025726348651301342
2019-04-01,-0.09047848276504387,-0.06641721172462049,-0.06015461137945656,-0.06335727441430863,-0.056769905877802805
2019-04-02,-0.1396782883471718,-0.12826692925495356,-0.12699481621906336,-0.1426422365193675,-0.15461793860918835
2019-04-03,-0.12020499643112484,-0.10866745094888115,-0.14204474546166307,-0.15218476157927732,-0.16451452335393862
2019-04-04,-0.12116133207551705,-0.12389931098642074,-0.1508353533531983,-0.15907057729267707,-0.18041664976604982
2019-04-08,-0.12632081253480285,-0.14060672016235456,-0.13867943084130427,-0.161268677433612,-0.2031797809420934
2019-04-09,-0.1105394501160544,-0.1242660683925662,-0.111353036923738,-0.12717408382622364,-0.16622997294776057
2019-04-10,-0.13765508555352596,-0.12898860912347812,-0.13435502022129142,-0.13226014676963116,-0.15363574006243785
2019-04-11,-0.13007668863504457,-0.12520387726364932,-0.1172243361395765,-0.12222596465686,-0.1409640542500448
2019-04-12,-0.10439029671502059,-0.1133698287366561,-0.10777877434734005,-0.09534656530048935,-0.11874982224092137
2019-04-15,-0.10419332260896488,-0.08209331840482634,-0.09540269256080053,-0.08290789558731666,-0.10452607487318713
2019-04-16,-0.14991602512770744,-0.13372229830143065,-0.13925335253882892,-0.13208606568189496,-0.15427428110935373
2019-04-17,-0.14000878703327296,-0.14117251498250133,-0.1479138597051506,-0.14702959918276243,-0.18222293603723638
2019-04-18,-0.12613649244407002,-0.12635253116060088,-0.11510374667800928,-0.13234313155405683,-0.1597402092184477
2019-04-19,-0.13782237582218937,-0.1254424405637224,-0.1334633188959842,-0.13741493719591394,-0.18172621163946825
2019-04-22,-0.14212986191137802,-0.1437929015155781,-0.12751237361661788,-0.14617512422108256,-0.1846510771657271
2019-04-23,-0.1483456137545585,-0.13345788976990364,-0.12992367443679317,-0.14073369515604744,-0.16271887045606448
2019-04-24,-0.14889336795111197,-0.10801747887745805,-0.11039094838440575,-0.13088063892061522,-0.15527086122457676
2019-04-25,-0.121285837620873,-0.08383664808036398,-0.08510892158561917,-0.0848924381502467,-0.11185285489536245
2019-04-26,-0.1179699308451151,-0.07107267115002308,-0.0690330535618964,-0.08346989394612356,-0.0909929176796583
2019-04-29,-0.06665603739489542,-0.050060040053021476,-0.061330150320549295,-0.075122708395725,-0.08069650457746166
2019-04-30,-0.08342039516403761,-0.06903876751165793,-0.07099766200761642,-0.07783810685503632,-0.08169240516250284
2019-05-06,-0.0235674088539004,0.0013651211040871356,-0.009961497216663645,-0.022224702340122724,-0.025498893576006154
2019-05-07,-0.04071925947377822,-0.03288281786098782,-0.03688715711545697,-0.049318472134221344,-0.04721998270938869
2019-05-08,-0.034822341783847625,-0.0332136519648172,-0.03207824281689447,-0.03555521452521229,-0.049697341382382354
2019-05-09,-0.06478766931271411,-0.04356287842773462,-0.03800550865912096,-0.028880377969526937,-0.055002882806414126
2019-05-10,-0.09931144332553783,-0.062374282376798,-0.056088245088059596,-0.05021907559317278,-0.06962078074866207
2019-05-13,-0.0467212499992071,-0.0189607152746207,-0.011694606330230912,-0.01141080992095228,-0.0347853778850996
2019-05-14,-0.04424913952005368,-0.01827718862834172,-0.023692775859215753,-0.012352782516457616,-0.017052415415740905
2019-05-15,-0.05781619946777851,-0.029251659588987552,-0.03872251744894052,-0.021727524040000487,-0.047005304203575904
2019-05-16,-0.08101222964617506,-0.05568445275594858,-0.06041814741263224,-0.05901212869265654,-0.062369476996372554
2019-05-17,-0.05169044593790322,-0.018856229360250117,-0.022794267948010052,-0.0227049424127438,-0.03963416356096792
2019-05-20,-0.041816181800915245,-0.010061596051396076,-0.02917783017653607,-0.017519375692826168,-0.03965256917077606
2019-05-21,-0.03866626210370129,-0.02316597961987931,-0.023778081246205063,-0.026871792221988666,-0.05202052595700338
2019-05-22,-0.019736909806174985,0.019374950123107935,-0.004658788734710541,-0.007208343752606311,-0.03412080059386122
2019-05-23,0.039297990825749404,0.03510816467575316,0.033238106736320765,0.01684515377111705,0.004699335927771767
2019-05-24,0.036181622105125814,0.04361308803285169,0.03532352615680658,0.03612504614713961,0.016326624809043667
2019-05-27,-0.008549704660762773,0.00769773523179343,0.020239492599539586,0.0028548036231582316,-0.023094066476820066
2019-05-28,-0.007966112075581906,0.006830643168314697,0.011747418610401237,0.002859460380146845,-0.021038553501061815
2019-05-29,-0.0007975493952928973,0.010263979381276326,0.016306013887884257,0.006851343958089737,0.0006576779787924075
2019-05-30,-0.008208420684646943,0.004886355980661603,0.016817848606477597,0.009194068978094804,-0.01598923042382796
2019-05-31,0.03208547747674596,0.02984664638771979,0.04260226721192323,0.043337245078566136,0.007762854600783881
2019-06-03,0.052063559916902515,0.05016175102227553,0.04434689295452164,0.040860666337761614,0.031312959595300574
2019-06-04,0.06551970961924118,0.05067385123821157,0.05116866863016476,0.04003289883183013,0.03690527301862839
2019-06-05,0.06568647291439539,0.051001645195458356,0.048100995688242526,0.041824497325363336,0.022421089958879075
2019-06-06,0.08557509768384021,0.08536641526753316,0.07080571094741585,0.06528534790617103,0.04812296398216274
2019-06-10,0.04381302651659843,0.027721074389310006,0.03243637766206323,0.015940027365097774,0.009009827624133437
2019-06-11,0.01069683281582894,-0.0061898042937862385,-0.009685152772675901,-0.005556285021047561,-0.020188427803719655
2019-06-12,0.004795822831791843,-0.0040213490985519995,-0.0016920224765799385,-0.007144999664997909,-0.029486299803766592
2019-06-13,-0.00399383070337902,-0.0030922203806890824,-0.014000481922462877,0.0022083853716670875,-0.03694052191905849
2019-06-14,0.01846532676737792,0.018629964930487408,0.009742667455890898,0.019191740278402064,-0.009565551657099233
2019-06-17,0.03749217836431438,0.022798181498830523,0.022436817769348995,0.026812576637254348,0.004715525129734014
2019-06-18,0.040207356700422046,0.0445638027056228,0.02594008302167459,0.022102084226457288,-0.0038461581660342585
2019-06-19,0.008804181775691476,0.019864739532260863,0.022394079791863298,0.004499134178229445,0.005721666464287923
2019-06-20,-0.022221411038821352,-0.01675674995903204,-0.02712870304207704,-0.023962679072265958,-0.017201226501054146
2019-06-21,-0.0319033104972946,-0.024072864786675797,-0.022552841518832724,-0.03254541358687894,-0.030920833804957925
2019-06-24,-0.04923456282415182,-0.0578094597570332,-0.045846676952599884,-0.04533445547743947,-0.05034910664742848
2019-06-25,-0.03210745108897565,-0.029101730578068648,-0.03210303265645482,-0.029250982796753453,-0.03823429730778439
2019-06-26,-0.019563485707915808,-0.017947413963525945,-0.024399897842780793,-0.021955038339903764,-0.027602261172155335
2019-06-27,-0.025484513319465774,-0.02866349317042873,-0.028181024349549742,-0.021751257103154148,-0.029334801679854118
2019-06-28,-0.02413762769344751,-0.011649376902361749,-0.007241298427550595,-0.009158375039961772,-0.015575610866891826
2019-07-01,-0.06384390483093409,-0.03820498622814136,-0.04223160266192977,-0.02566921114385666,-0.03559924802792919
2019-07-02,-0.05454283218446469,-0.0315827142478424,-0.03722681448315485,-0.03010633912148814,-0.033194395638680776
2019-07-03,-0.04426059536998912,-0.03353111421616154,-0.028686027162171692,-0.02637001840207401,-0.03857266048044404
2019-07-04,-0.03479780537244112,-0.03281888915543912,-0.0356701306931763,-0.036219442267169874,-0.042132139247596206
2019-07-05,-0.04401290070142165,-0.0568842240970323,-0.055741494606476434,-0.056575681132942965,-0.05120481478592901
2019-07-08,-0.01950322972855304,-0.025743801658203107,-0.03450850819898578,-0.04305754257472997,-0.04793096045380315
2019-07-09,-0.050160036477482496,-0.06522623335374345,-0.06535963707412239,-0.06865048931396642,-0.047701021756473255
2019-07-10,-0.05297604098978722,-0.05936393737110249,-0.050062649574215135,-0.05820511172696097,-0.04782678590330828
2019-07-11,-0.05204845298505779,-0.06045625099807712,-0.048632561859087944,-0.042842492263699704,-0.03058159822839697
2019-07-12,-0.057089070808742405,-0.07350329089146974,-0.06412441786356872,-0.05661123986339704,-0.05521949746782051
2019-07-15,-0.05501643117011351,-0.05753379700276027,-0.05586259429493855,-0.052976273015355485,-0.05473268307323398
2019-07-16,-0.0593955700656998,-0.06433146933597085,-0.060957838580564624,-0.0712050610829608,-0.04904991833352156
2019-07-17,-0.04715572309865822,-0.04813326544368375,-0.05665451172531937,-0.07128483688244978,-0.05267553248728455
2019-07-18,-0.02229030961243867,-0.03400926596721539,-0.05218483399016085,-0.03929581190435195,-0.033327142167818714
2019-07-19,-0.022109129582477037,-0.03738794267236491,-0.04624956794511906,-0.05150313758628358,-0.033067877895352434
2019-07-22,0.02004243555749409,0.012714076929102832,0.008401914594730688,0.002467935101551142,0.017607372831622566
2019-07-23,0.0054557246483666775,-0.0009981601682318994,-0.002404291780313518,-0.002371706680164053,0.015866206127432662
2019-07-24,-0.014857878158005022,-0.014421325995227576,-0.030166790709038455,-0.00792837813871458,0.033721857601101975
2019-07-25,-0.020292671814984113,-0.017922360935389712,-0.009812985163174985,-0.013570895526335496,0.024620295975967522
2019-07-26,-0.023495322721626903,-0.027526700449036746,-0.02074019716244315,-0.0016608392326836906,0.025895746043145013
2019-07-29,-0.02907477478724131,-0.02556490050731636,-0.029548121817108444,-0.006580221565683281,0.016948252405098087
2019-07-30,-0.019355909360724507,-0.008763693942284906,-0.015163749529914495,0.002500380961338248,0.029705610803298463
2019-07-31,-0.010732066890878803,-0.010616623053876562,-0.007084519035425995,0.0012779709791622615,0.035301438967860206
2019-08-01,0.006908690412194278,-0.006109638141518014,-0.0011194230665365168,0.010316197527260875,0.028522543878657238
2019-08-02,0.004117967011687437,0.017241950323766693,0.00548009176834315,0.011877115029673556,0.02355789589955221
2019-08-05,0.05093160346634193,0.05317307398888403,0.048956038618867014,0.046294436662343244,0.04855957076693743
2019-08-06,0.08843119263984672,0.08458008476645058,0.06657881178035363,0.0862760624739503,0.08157383052519325
2019-08-07,0.1164980259558721,0.09974028338448422,0.10301427339101353,0.08208361352284166,0.07133861544221513
2019-08-08,0.11578162584271534,0.10570999805510684,0.10903811576203627,0.08116522468385537,0.07081353801981731
2019-08-09,0.13558651655312923,0.12979137539236563,0.10795501712918304,0.11047616413504242,0.08148837646790505
2019-08-12,0.12054595077484881,0.12179713154788527,0.11816041826246822,0.1047387477440228,0.10678191226748825
2019-08-13,0.12998277040385287,0.1348429310429727,0.110145122822086,0.12437798378515977,0.10413743376162073
2019-08-14,0.09817896749875936,0.10162086409162897,0.11038389844191421,0.11383069956285768,0.11497717890862963
2019-08-15,0.09987914937480057,0.10716713284213916,0.10632909274076748,0.1259264419148827,0.10704677723564199
2019-08-16,0.08320844310775269,0.09645121558081049,0.1106863654320321,0.12448838229418636,0.11865497599352427
2019-08-19,0.030450559511372988,0.0459679479766833,0.047620759104196254,0.053097513351985835,0.07376010266137951
2019-08-20,0.028572324276595937,0.037134547673913325,0.04690000850549041,0.06653455422339043,0.07167927988708636
2019-08-21,0.03775762699202147,0.048449983746327994,0.058711947706899456,0.0629708515071701,0.0884656827349543
2019-08-22,0.046339106788051025,0.05066413525232548,0.048348860161534134,0.06280556166788255,0.08172964771216717
2019-08-23,0.045312444172259936,0.04691113089666884,0.03968336022752811,0.0450210388651248,0.06857390066200238
2019-08-26,0.08241720405338586,0.05766789349788081,0.05209315383853482,0.05181040644405492,0.05089879805190893
2019-08-27,0.03221193074869205,0.023739610539417557,0.015190360125249708,0.02731369294800465,0.018186870893435767
2019-08-28,0.014658842143057129,0.009912895100115043,-0.004358336214126035,-0.005215140588263883,-0.0005099162880782161
2019-08-29,0.02059840960740854,0.01347323215931233,0.003964394061132464,0.010659682253666439,0.004739836402292835
2019-08-30,0.02407803835535936,0.013716409171495837,0.006170801908103727,0.006052959750729842,0.0034804073262645306
2019-09-02,-0.005003034754087952,-0.00855586920711489,-0.009344119135627922,-0.009904128654454296,-0.022812249717367044
2019-09-03,-0.0027593937760638015,-0.009866950828095996,-0.00940379862088193,-0.002590549498519845,-0.019718609845802395
2019-09-04,-0.0060501429177150425,-0.004083981575232183,-0.005447078916778037,-0.00587987055729966,-0.010291203572296301
2019-09-05,-0.008876009936673262,-0.014837975528631706,-0.005193291315823524,-0.015401129302264092,-0.01905769277466186
2019-09-06,0.002466866866710643,-0.004604088858703866,-0.000543211565953721,0.003979188053489158,-0.010491715235583175
2019-09-09,-0.016877524714141966,-0.020951664626407587,-0.021173485707149973,-0.02893798436406439,-0.05749306769516985
2019-09-10,-0.02218071481965554,-0.02728972703917007,-0.03614259587362331,-0.03303171752053859,-0.053719110256800345
2019-09-11,-0.010918047220427617,-0.02715442198366225,-0.02585714878553284,-0.04341378524702499,-0.04751595167734764
2019-09-12,-0.04083111640904098,-0.043795917948805614,-0.04111291342804999,-0.05589676828300936,-0.05839055611156195
2019-09-16,-0.04336564885204947,-0.046227945819719424,-0.04994833793351919,-0.05623031943902,-0.06941950231149674
2019-09-17,-0.046089080729640915,-0.020180854511776456,-0.017669523332890735,-0.014198613277181499,-0.013664021495753216
2019-09-18,-0.04587836663093469,-0.04148778780423194,-0.029727771980079837,-0.015420475632096121,-0.02076014249364702
2019-09-19,-0.05667599542449199,-0.03719759741358423,-0.03867924955309367,-0.02877536494786686,-0.035045977352093215
2019-09-20,-0.04691915441342102,-0.03268726606599094,-0.0273525811978797,-0.03228848911172289,-0.03312582226950929
2019-09-23,-0.012880044809107172,-0.010521027589039136,-0.0003152674224446652,-0.007223841771868497,-0.018813556989858544
2019-09-24,-0.012211915465113889,-0.020149586339305733,-0.015486717067894805,-0.033065608408023195,-0.03865369119717747
2019-09-25,-0.01537791174253942,-0.016841907954046987,-0.011436158491963704,-0.01950547884697897,-0.027944900673508497
2019-09-26,-0.004180067564119732,-0.0033063610327724933,-0.004976378620994092,-0.004437489603073935,-0.0011287708523764262
2019-09-27,-0.009422525835908748,0.002621317966319178,-0.00044329698919346014,0.004149074752684265,-0.0003163369111534074
2019-09-30,0.008242135792820616,0.008051597570417447,0.014219024237136462,0.02170778261487538,0.01851392729741237
2019-10-08,0.014244948761792726,0.01973126262489913,0.020955275833296524,0.010959446490760492,0.027991135603498193
2019-10-09,-0.0006213869424143045,0.0027832746404708574,0.012146428023514646,-0.005248427999676255,0.009480194570434839
2019-10-10,-0.006744163229657337,-0.005939429650151418,-0.003077580340821161,-0.002849679268541432,0.0019930648383324496
2019-10-11,-0.0017309038634841377,-0.015702143497572162,-0.014178499019592783,-0.008353223140331906,-0.003346892735730072
2019-10-14,-0.044576973748765875,-0.05187421880279169,-0.053164288088410935,-0.042807645663941025,-0.036666836733609126
2019-10-15,-0.029360359426347214,-0.05217459473968137,-0.0392021559862198,-0.029544472987740822,-0.020464063552140938
2019-10-16,-0.0364212962568575,-0.0376717072744839,-0.035913567744478084,-0.03862182114161441,-0.011799387998997336
2019-10-17,-0.019613076419959713,-0.027562603226242714,-0.03750586334683357,-0.028002213003250315,-0.01106701385407574
2019-10-18,-0.02041087200290592,-0.02566676691036727,-0.025133266547221363,-0.03286367428766151,-0.008381133146899016
2019-10-21,-0.010732821444419336,-0.006923079873319835,-0.018029440783936843,-0.020021361199190534,-0.006728941956731127
2019-10-22,-0.010454392327379844,-0.009987222065498387,-0.007800336711810849,-0.011331722968078413,0.008463811504168703
2019-10-23,0.007524258613648693,-0.006509326151070519,-0.014890195815214096,-0.004400350633668798,-0.0039024436440870287
2019-10-24,0.021974402560876096,-0.009213889603319122,-0.014838610369992317,-0.013003061862360565,-0.006209250081856556
2019-10-25,0.004986991665872325,-0.02402313465578185,-0.023058419314069,-0.026866106614294262,-0.021603371179214202
2019-10-28,-0.008442104501554389,-0.01941247413396074,-0.035825676106209764,-0.0405113983944768,-0.053328759356329754
2019-10-29,-0.008436867704496578,-0.017485017096765525,-0.024426327271748278,-0.021159068002324737,-0.02986527793068087
2019-10-30,-0.0052626929877072825,-0.00950573075526658,-0.016721842707700902,-0.013905280689413808,-0.006065718683453601
2019-10-31,-0.011193117000074047,-0.008764110331660219,-0.009602965414717137,-0.016520858898138258,0.008943598362155313
2019-11-01,-0.0237480907132678,-0.018320602171676744,-0.018666481524519586,-0.015706183165592788,-0.005790735368482491
2019-11-04,-0.030944105152042215,-0.02203939219020704,-0.016073887836284922,-0.012771638490670338,-0.019100090212011357
2019-11-05,-0.027973535505543497,-0.023327879364861765,-0.02867686650839548,-0.01823529733966646,-0.004249784292623561
2019-11-06,-0.012134728771737397,-0.017939783175790727,-0.016612327665617245,-0.015532113501746762,-0.0008883042645843809
2019-11-07,-0.0067414263281880705,-0.009703971357446807,-0.017514399816461357,-0.014165916356726262,0.00540944494054726
2019-11-08,2.3195307925218016e-05,-0.005122030338895394,-0.008881954733964689,-0.0006862549361583249,0.01596912075540367
2019-11-11,0.03317752285732965,0.025471239648971505,0.020669828059632106,0.013492051965302189,0.04333297154880864
2019-11-12,0.04393174150619999,0.026154742050540913,0.021921980623916187,0.02287784938139555,0.029419204359035736
2019-11-13,0.043183533032302386,0.03279860339756179,0.03161581816062584,0.020081458987388164,0.019319675029872807
2019-11-14,0.028766509001482234,0.021743707204979566,0.015505658480089002,0.01733289913036671,0.026107167520877404
2019-11-15,0.05343453654959613,0.045161171812168666,0.0398017421297952,0.04083794590228119,0.0482383325866174
2019-11-18,0.048275101518931406,0.05126308157387454,0.04882885476990918,0.05544333808084476,0.06534167966981867
2019-11-19,0.04057295316664819,0.04305930059536797,0.04586828725155657,0.0619393999771041,0.06214555942747764
2019-11-20,0.050862572340525485,0.05049448001255258,0.05688057580137399,0.06425388897344828,0.06480290209337435
2019-11-21,0.05943452565606824,0.05943959352929633,0.05227227909605559,0.06860036341985595,0.07307807308910776
2019-11-22,0.05637217126520261,0.05858060802703118,0.055602177889416876,0.0613132164960047,0.07539586765266594
2019-11-25,0.060579568940927114,0.0404876329880681,0.03127154312979846,0.0283564958787642,0.038492983944150724
2019-11-26,0.07995803760650376,0.05368036355342066,0.0458336084517874,0.04069381341135354,0.06268764968089628
2019-11-27,0.07146394067109041,0.05910420035947137,0.045494459536981294,0.05128115064654949,0.07269702340648349
2019-11-28,0.08706971110856018,0.07118317199516752,0.06240820515592431,0.062386830397259695,0.08058521508543541
2019-11-29,0.0701300431936374,0.06559799897263281,0.05757549281834465,0.06075985936982639,0.0792075415500838
2019-12-02,0.07261609496360698,0.07200962937347975,0.07440987600728964,0.0709252734427768,0.08970062161886301
2019-12-03,0.0739224508722887,0.08204505282536449,0.06659294108519914,0.0770075993489941,0.08605461896454396
2019-12-04,0.1031522010282844,0.08949147378309731,0.08974501126598176,0.08738208914606328,0.10879807404773556
2019-12-05,0.08137247854907745,0.06955976308469705,0.09177526558043997,0.09940251895201177,0.11073010813406907
2019-12-06,0.08246424178745072,0.06683097222568872,0.09041513257169267,0.10587673239896521,0.1153303588101556
2019-12-09,0.08135021081335604,0.09516710466491277,0.09328873127457506,0.12224081649889935,0.12316096257960374
2019-12-10,0.07768573579891021,0.07683930376396947,0.08181091002038848,0.09387122711866018,0.0971927495528527
2019-12-11,0.11382634613358784,0.0978275197005234,0.08593602737886817,0.09635719294793144,0.11723067035262916
2019-12-12,0.11694191985811478,0.09720501647241778,0.09112350399320615,0.09297493022395698,0.10296986624471495
2019-12-13,0.10245345073281813,0.09875626659581103,0.07692771698310655,0.10510785018373704,0.10731248822754863
2019-12-16,0.08144030116416051,0.06884925772028266,0.07760407547522424,0.0924125079302016,0.08597797894955167
2019-12-17,0.06673318825777785,0.049504961572718546,0.05217880574020656,0.06527989595700497,0.07499647796592238
2019-12-18,0.0579444914925418,0.046026145890322265,0.052000964304457796,0.05485476892610204,0.07905717471342678
2019-12-19,0.06957631705898211,0.04045164910628386,0.03778556165777516,0.04478032336890813,0.06151717271530086
2019-12-20,0.10601786533509347,0.06491324305194845,0.05639233134688593,0.04673247986920966,0.08041221117075693
2019-12-23,0.1312903351087401,0.08285133387378547,0.05115659245286537,0.056757921027065804,0.07207047426359259
2019-12-24,0.11230742006008455,0.055247677555286666,0.04079603805629824,0.048612473387428926,0.07629035557440358
2019-12-25,0.04547283959320199,0.020190727256537856,0.009477850570018397,0.02098864566242244,0.04621324756758899
2019-12-26,-0.051831176984417866,-0.07688498111988941,-0.06394745449148388,-0.07741673875804658,-0.055127535873894816
2019-12-27,-0.026528604221515265,-0.0591373761340787,-0.06919211799190383,-0.06908837788204708,-0.03780583120095906
2019-12-30,-0.00478580431014394,-0.039875160634237385,-0.05667898715769081,-0.049397382924441506,-0.043008051236880444
2019-12-31,0.005503066886115364,-0.045184170973484344,-0.02345495221844516,-0.021945393846060132,-0.010756089406203694
2020-01-02,-0.0028088998027570125,-0.03689321211851608,-0.031515168389935504,-0.040187858821405825,-0.03548607760422784
2020-01-03,0.0011520060734566471,-0.031185673587914704,-0.04413279193476786,-0.028394065970685917,-0.009818242159474255
2020-01-06,-0.04287998234649564,-0.056137617255108845,-0.055899749931921414,-0.0015223501126173267,-0.009926825180952554
2020-01-07,-0.057777633643212,-0.059327509141099966,-0.029263267874959163,-0.002390889933753429,-0.0020849706206932336
2020-01-08,-0.02742834836329945,-0.03428394502274282,-0.031238244429385564,-0.0409388062215513,0.00797635729553735
2020-01-09,-0.0544607747599923,-0.056813913309502306,-0.05386409889984112,-0.030260294134949583,0.01131175303090793
2020-01-10,-0.03128384752913966,-0.03453327446878596,-0.02712690980786296,0.003705447045057598,0.0676340451197076
2020-01-13,-0.03793485427257924,-0.043291082906266994,-0.0235987898146605,0.003220911517253491,0.078788838552344
2020-01-14,-0.03517541372239205,-0.04075210586626763,-0.028387783134749458,-0.012409087217797725,0.0620506514097859
2020-01-15,-0.017542007188220528,-0.02326124402862541,-0.010414509623345905,0.014322183490792468,0.09408900093912055
2020-01-16,0.0013192863424882624,-0.01185864667796196,-0.005631980901797991,0.030938206738184287,0.10964461048263574
2020-01-17,0.0163493075172025,0.0019243429295846151,-0.014238895839703867,0.03661390334362174,0.14603150323449476
2020-01-20,-0.004241698269678522,-0.026814940285418417,-0.014085510724789379,0.0376364497544336,0.14225834772351256
2020-01-21,0.006273812933321105,-0.010735745264537577,-0.016289767158594096,0.024437799837191923,0.09923865986959525
2020-01-22,0.005135993580927426,-0.02742992010625554,-0.00829762977392068,0.02858852885169369,0.0916118086789095
2020-01-23,-0.002729695888909334,-0.021021804943446944,-0.018775646417564726,-0.007877778085622985,0.057730208509882294
2020-02-03,0.13981871359120907,0.14059213426533376,0.12477457090012829,0.13566938211192456,0.14224977109991988
2020-02-04,0.1877157358385541,0.15949186974465726,0.12583178790906996,0.13405745049585552,0.10408151088609097
2020-02-05,0.17293215039494028,0.14860481651277205,0.14207280176331788,0.10957571357671819,0.048552715041575475
2020-02-06,0.171425125584339,0.14656507715104267,0.13143396827453377,0.10746361419184654,0.020436303318293624
2020-02-07,0.13593782151400802,0.1330877581887451,0.11880576845202742,0.08241885254408605,0.0302182177380719
2020-02-10,0.063787982079163,0.05735568830220131,0.07043523418943033,0.03706137086984954,0.008864307359826896
2020-02-11,0.038193966615773914,0.06717756200693192,0.07616913288230626,0.08740391508233221,0.08813395560968773
2020-02-12,0.017424909925840688,0.038784555835949516,0.0662929362246443,0.05767079249216705,0.043164785620399986
2020-02-13,0.01852800595132399,0.0334139176206438,0.05325029650133281,0.05508347440811507,0.007881540064824926
2020-02-14,0.006610640664281826,0.03303860920408495,0.0350114140782841,0.030882222697345127,-0.005801813192662138
2020-02-17,-0.04573805949209021,-0.03521104212283529,-0.03711201701918803,-0.04612696957914789,-0.08733329062105324
2020-02-18,-0.06142920276621536,-0.05135241020502423,-0.047009241674149764,-0.061158315812924004,-0.0963722076770516
2020-02-19,-0.07356204554375527,-0.06586287040698158,-0.05969971405513176,-0.0696765283679764,-0.10088185894531097
2020-02-20,-0.08506271162313091,-0.0910476624432286,-0.079942878844716,-0.08565827715458821,-0.10592499154592833
2020-02-21,-0.08169455398358651,-0.0752476945780652,-0.07292721250470484,-0.08494972429079942,-0.11716263299228627
2020-02-24,-0.11467994850551802,-0.10197849719333754,-0.09976082737901772,-0.12982936647766963,-0.19016068745601708
2020-02-25,-0.1047202072535147,-0.0674805122005863,-0.07120732709078255,-0.12100860550857062,-0.1797529564284666
2020-02-26,-0.08720419638335734,-0.06582932451000342,-0.05987195869830999,-0.06773563045655955,-0.1005349613336343
2020-02-27,-0.12279512868902764,-0.0836076308199686,-0.06365758150375968,-0.06162147007189533,-0.09712316987217637
2020-02-28,-0.08407922085687469,-0.036781008766340294,-0.02912172695839987,-0.017173471138536157,-0.03669400871441215
2020-03-02,-0.15968712579292535,-0.08548915009068836,-0.06574497583402425,-0.07018141116491738,-0.07789543303364206
2020-03-03,-0.17694757624230564,-0.09780406139927175,-0.06892254002353448,-0.06675811182266525,-0.08017281060031278
2020-03-04,-0.15739184419376798,-0.10815286074284478,-0.08745173954181384,-0.09664611174741737,-0.10045910079308068
2020-03-05,-0.14930650899006448,-0.10840407433437674,-0.09666208296916276,-0.09721518586984607,-0.09763207923423874
2020-03-06,-0.12561016597339464,-0.10251025579388279,-0.09927777767562229,-0.10511348442230044,-0.11324869323212558
2020-03-09,-0.06161826674250202,-0.053437191967274554,-0.04307113549229258,-0.04781900892231238,-0.05077905683834993
2020-03-10,-0.07652814536305717,-0.0743342548301248,-0.054340943063271606,-0.05998588848973973,-0.07631050681602924
2020-03-11,-0.0574405906645634,-0.050799789824309494,-0.049545726505625234,-0.036523160280736905,-0.06390232109723093
2020-03-12,-0.051172897309381966,-0.04730901201938677,-0.046919824796717496,-0.0387246231524453,-0.06721001236723642
2020-03-13,-0.03936625995456756,-0.027760600309028105,-0.03497152709897892,-0.03966164335087119,-0.09018230412559662
2020-03-16,0.04187096359966195,0.021780052902294397,0.016052118256926495,0.0038306688752477607,-0.024665717734137428
2020-03-17,0.03178703092582369,0.015126659473879997,0.020594258820246885,0.005980437910395132,-0.022844147459258456
2020-03-18,0.04681171661745989,0.043921139231764744,0.039057113910844425,0.02643989418048858,0.005100321542873215
2020-03-19,0.06219673487035654,0.039709127233885706,0.03316186396169638,0.02763299681770026,0.00016716095392830575
2020-03-20,0.03712436816138896,0.031292724596073296,0.028433061827584892,0.020109728056454033,0.019380886005258238
2020-03-23,0.08039477734423704,0.05892245505122955,0.05265246397309831,0.04442724181357935,0.06556423924627543
2020-03-24,0.0715908579322219,0.037669221553703926,0.03188717942146643,0.03581542230631975,0.06512133247618206
2020-03-25,0.03341514195230638,0.0005096229968563919,0.0021188188558378465,0.022354901157321985,0.041159770516091085
2020-03-26,0.01318821914503119,0.004467493323671,0.0037497763435763052,0.0017848920642170754,0.04440642733047749
2020-03-27,0.012069359897702227,-0.007921574986077819,0.0012698047605863773,0.0010445147196870396,0.05197246960959673
2020-03-30,0.02292437623444732,0.01361418851750085,-0.002706968131454672,0.017530343339453684,0.04608708881575511
2020-03-31,0.023850219621172113,0.006076513493948521,0.012807851381783697,0.02085564024377547,0.021161125271175987
2020-04-01,0.05642623951048573,0.0372565378255581,0.03150431909848562,0.037748254018082156,0.04602329895947096
2020-04-02,0.033107505181493815,0.027913435368578838,0.030143799230100785,0.032221572309904814,0.05814342907740639
2020-04-03,0.03169444215615024,0.03243899979598417,0.030759222141352602,0.04623483969711555,0.05855416200784461
2020-04-07,-0.004942794529954104,0.010907336546329666,0.01580267486992624,0.038180647015234964,0.040444310009478804
2020-04-08,0.012320983481281982,-8.464316441073387e-05,0.014356127597151247,0.024911264235024877,0.03559390081893384
2020-04-09,-0.0006621410418746161,-0.0026271056393943667,0.016807809177706922,0.02364627977358523,0.009899976497939835
2020-04-10,0.04582018842470372,0.02256804239363542,0.0293440584100622,0.0314828618501274,0.03517717607244691
2020-04-13,0.06513735605633467,0.030966354653772864,0.008294100413955344,0.010206118059142653,0.046687711319174596
2020-04-14,0.015401993425529937,0.0064846772133144775,0.012455571272644558,0.0003722964030873131,0.036462989500238935
2020-04-15,-0.004782281237574173,0.02027835773434139,0.014854518743316695,0.020424356536697063,0.033713710138932235
2020-04-16,-0.009047533640513916,0.023493245944233732,0.018794424378687537,0.03779864788919139,0.036354849490188926
2020-04-17,-0.010099378992411144,-0.0031929437185089977,0.0050530824710054625,0.018245282118636772,0.04565022460669797
2020-04-20,-0.022048299783237985,-0.02299378302550685,-0.0008481714147283332,0.004105933068528689,0.007995715341256688
2020-04-21,-0.03265688546881291,-0.011021134535000948,-0.005257219396889477,-0.009137877195656785,-0.02161389110379528
2020-04-22,-0.05475103823810409,-0.02202668234202836,-0.01198680655313067,-0.011961284093357736,-0.029249748223551184
2020-04-23,-0.032425302268846164,-0.01367190971851776,-0.001428900670156154,0.010642139248024885,0.008763501389972662
2020-04-24,-0.015209817838829555,0.008922483714492072,0.0012449040016870477,0.0165621057245185,0.015249808045258181
2020-04-27,-0.014461447681511023,0.01626896053252626,0.007672852343597477,0.010084298624413322,0.013793978416329438
2020-04-28,0.008074238028408022,0.03655545175572196,0.024278268574390485,0.02615137097678087,0.025381851100098916
2020-04-29,0.05344502654677988,0.06215753100619615,0.04246183323765531,0.0397320418950416,0.061243772453290164
2020-04-30,0.03150101000872722,0.0413295494613847,0.03515963123835105,0.01932874532523433,0.04021380663181171
2020-05-06,0.020748583766637164,0.021315250935000377,0.019494697429445793,0.01897191429352588,0.012611301519288092
2020-05-07,0.025064848050920092,0.02345199956020049,0.021599716949249025,0.024934158034788392,0.02158013403429204
2020-05-08,0.020879830368828,0.007691779470299309,0.009546136735343796,0.01603497085748118,0.01730032657797503
2020-05-11,0.022486962422785785,0.01500151759128632,0.012240703312356752,0.014585881060756105,0.009131845967619437
2020-05-12,0.024130884551424436,0.027877267459597923,0.011379688639140557,0.012595367735565403,0.02529089925702006
2020-05-13,0.00841789137454932,0.0017873071275633227,0.009432464169333105,0.023643798531996926,0.025001431762926945
2020-05-14,0.003823861432158082,0.012247796344089271,0.016519744518192724,0.022471335025192773,0.03222267356385444
2020-05-15,0.00987906840795886,0.009779410714645925,0.01683799194049884,0.016530086384076586,0.02816298302483575
2020-05-18,0.025548350322478257,0.007885166487653405,0.006421306183679165,0.018965804356141227,0.019790609255572217
2020-05-19,0.02929582138373238,0.020554898715386367,0.016004948759891075,0.024612808313498585,0.02826879326922256
2020-05-20,0.05951270312894324,0.029220765150429845,0.025127758423023665,0.03315355602793037,0.03635908412014044
2020-05-21,0.0769156998281533,0.03784583710102699,0.037663403936206534,0.032109587998319776,0.05342982443144084
2020-05-22,0.09562920321413186,0.080624065426728,0.053770317478488816,0.06111656763191154,0.07360735451584684
2020-05-25,0.0962212051209793,0.08573302178960591,0.07171233579553113,0.051354352729933016,0.0701418624507177
2020-05-26,0.06488278854528971,0.06137925055322344,0.05243559106774758,0.0488672736060745,0.06110536721727172
2020-05-27,0.0891440043033791,0.07526845145040618,0.048757165043263155,0.036217249905167864,0.051827871892908585
2020-05-28,0.08510077587258864,0.06113123840637787,0.03713902530135442,0.03818802169235674,0.0542085980782366
2020-05-29,0.0810272218683467,0.049138970979421735,0.04481718183718903,0.06452585497983084,0.07821357223153463
2020-06-01,0.02156558058069578,0.021127607138869783,0.042888096239125026,0.05237118992965058,0.07679572426545629
2020-06-02,0.05756092039991769,0.044057157976063036,0.044399247202354275,0.06861487459988017,0.07924352952075642
2020-06-03,0.06926266802835114,0.05123284775856721,0.07466369687941442,0.09082587329878286,0.09638419118229982
2020-06-04,0.11762260399193529,0.14274071680397324,0.1212913656176697,0.12344577735366132,0.11231148622084326
2020-06-05,0.12023208449744105,0.11940739537638027,0.1469785982741816,0.13917335222928526,0.12440626967878406
2020-06-08,0.19324154696439816,0.16792255450409574,0.13732040386512057,0.1470612054615969,0.13789233589830632
2020-06-09,0.19607146443478335,0.18676131105832255,0.17283943997584864,0.17279473508659451,0.16497730333613023
2020-06-10,0.17958912752571046,0.1714724017985026,0.15908439403543545,0.17586370281082608,0.17148390830319304
2020-06-11,0.19561738536939877,0.20307440495245707,0.2153649717865277,0.21006707607508832,0.23501959456910498
2020-06-12,0.20223970983905132,0.21112559603195852,0.18726985534818247,0.2039164199338356,0.2096511526671656
2020-06-15,0.18091245102497386,0.1828096685618741,0.1769088550688832,0.1630440081571451,0.18448972240723227
2020-06-16,0.09320114408901412,0.13415699291540586,0.0956160210345164,0.10208458503347141,0.10140840445091646
2020-06-17,0.10350319602254454,0.10839115403414486,0.09822230985049789,0.10551790993794717,0.09223451971412405
2020-06-18,0.13446468260488625,0.1430355534370354,0.1556178227737629,0.13644673824336967,0.12245770321604409
2020-06-19,0.12084788215999294,0.11547123918205451,0.13989248974343416,0.14407633335913453,0.1515716004048954
2020-06-22,0.11807570828048136,0.13090289268676944,0.1423776964286883,0.16426915303429235,0.15153225121905053
2020-06-23,0.12588276225649325,0.12692727586574004,0.13136162247448363,0.15880574458788588,0.15135804110509654
2020-06-24,0.10059874494513579,0.08966169472162108,0.0914869126461131,0.1050475359493768,0.07634184109883421
2020-06-29,0.09027514213126549,0.11699328058485925,0.11006310817488289,0.10865311445029166,0.08424494165585256
2020-06-30,0.08997695167311018,0.11622791070721297,0.10872998380707408,0.09627879711699128,0.07450317449986499
2020-07-01,0.11219992654326616,0.12420580551985223,0.11842169055205636,0.11153193560620916,0.1050256754416589
2020-07-02,0.1018955290816953,0.09511549959374545,0.10280960540680403,0.07655978411091652,0.09129574955761176
2020-07-03,0.10192977727186239,0.08671955075580139,0.0807475043792726,0.08584749361648832,0.08523405035310856
2020-07-06,0.1271638710379805,0.08354048229228743,0.05876351416474788,0.054336683773080485,0.029994283922858175
2020-07-07,0.08896001149049292,0.0711487732858406,0.05879339886271137,0.04800710139089438,0.028828103967199283
2020-07-08,0.08913997618216339,0.06272063321483407,0.03289637653063974,0.028300106755006427,0.016561727538301714
2020-07-09,0.045660504585420335,0.02969220126303022,0.014735888224012226,0.01574712904915627,0.0054692603745837174
2020-07-10,0.029881906688464688,0.020854000924938783,-0.008726035631109788,0.030881840815344983,0.02415703867829315
2020-07-13,-0.009817644045879134,0.0032374800351109554,-0.0023865046032627494,-0.013118045954100302,0.0007696186065371573
2020-07-14,-0.02552074552872399,-0.015500722420562834,-0.012733835951083695,-0.007696697381093241,-0.010638748805602288
2020-07-15,-0.02891357410480178,0.012496700534131308,0.015025912278088452,0.00017948964984295832,0.0007778554534436922
2020-07-16,0.020354168894232996,0.053252157469179696,0.05856031799667997,0.056026673982206836,0.06754383386916327
2020-07-17,0.024920848499240325,0.06556221358610421,0.07005844780517255,0.06808163740829684,0.06674365872812857
2020-07-20,0.02224042521997356,0.03441690707339055,0.041070597165226055,0.0501375794152873,0.07078373360044528
2020-07-21,0.019950775728000636,0.04457002509637028,0.042452382264937735,0.04351149168112708,0.08005479793714151
2020-07-22,-0.0017727337113501523,0.010647141884875626,0.029196071421945413,0.04487683951955958,0.04409556779159839
2020-07-23,0.00563720567441117,0.0161033012364359,0.029686014162742597,0.00300798314326785,0.01869218994730073
2020-07-24,0.05312303756405294,0.06919575580850461,0.07016452137296612,0.06977509332177918,0.07284898948036483
2020-07-27,0.07244877613699206,0.08714472288601152,0.06864259270861464,0.0601359652551408,0.06440018977752346
2020-07-28,0.05670881992316365,0.06165140925480272,0.05214148398854212,0.051178932846490825,0.047946490028541865
2020-07-29,0.012241591953922342,0.007184124375379637,0.009461490082955045,0.021097028774915,0.002122419359315138
2020-07-30,0.01664894377675075,0.030365339057312674,0.0224894930445076,0.019492669499901225,0.01169416432853431
2020-07-31,0.03394094312781507,0.03638252825166181,0.034863094382726056,0.016157569009446468,0.002807696645267127
2020-08-03,0.017050338528045977,0.009580523667795608,0.011537921271077826,-0.00845113180289397,-0.04041604424260751
2020-08-04,0.027968011120127458,0.021690347507501873,0.014002796021824403,0.0011562484557807572,-0.0292413715755659
2020-08-05,0.012296894389383934,0.01819127741820147,0.011183244005712852,-0.008080165133151527,-0.03412892172801305
2020-08-06,0.015649144507172967,0.0044120776037167315,0.00863049186760342,-0.018043076121695773,-0.04814638489697397
2020-08-07,0.010323898872557531,0.010678789715090335,0.011117528410435768,0.0037344752489433426,-0.03694502603831731
2020-08-10,-0.03362534560021561,-0.014839488788262311,-0.010154002419905843,-0.015548258569633676,-0.041846534782844724
2020-08-11,-0.02787433364116962,0.03675487895699047,0.010436800012598913,0.009294207544960967,-0.02023561630505758
2020-08-12,-0.042598975840353576,-0.00884232765689218,0.004694447329306294,0.008026056382081741,-0.026461853161227688
2020-08-13,-0.059647344654633325,-0.05271045690845412,-0.022037294614379338,-0.0134083908439934,-0.04223278027799222
2020-08-14,-0.05408948293266101,-0.045777101302533985,-0.023656577148747134,-0.020151700651674466,-0.035789095288355846
2020-08-17,-0.0554281813454586,-0.04177501340912353,-0.03665365802688131,-0.039698596661955424,-0.0589095642136927
2020-08-18,-0.041064695618938815,-0.05859356302112518,-0.029092534229601254,-0.047162734642422204,-0.06184189080179149
2020-08-19,-0.03660321594656043,-0.021790045242961752,-0.03224454574342633,-0.043912498761037026,-0.05628334100172255
2020-08-20,-0.021892917556926995,-0.021780572677618994,-0.018898825926895197,-0.033114116511440236,-0.03001780949950369
2020-08-21,-0.016097786388970126,-0.012952388552855661,-0.019624980784042245,-0.012040311464128983,-0.0204559776441094
2020-08-24,-0.034640546705437765,-0.018716587721568315,-0.02370417589814304,-0.02109443796250115,-0.0249263369817051
2020-08-25,-0.03935528026374017,-0.035318150682375773,-0.03041848014977228,-0.03977002040580222,-0.02515355484066567
2020-08-26,-0.012172143029753169,-0.01590454479451125,-0.007850222795262667,-0.013468934311626006,-0.009257866138670107
2020-08-27,-0.05347105655080345,-0.0410316540059733,-0.038487273973501476,-0.05272824247239762,-0.033770251048378025
2020-08-28,-0.07125216310739468,-0.06240297590288645,-0.05355028960894036,-0.058428110104182564,-0.056537662626838854
2020-08-31,-0.08202576255068973,-0.07037997177401975,-0.06187708061648549,-0.0544178780397132,-0.06766686544048597
2020-09-01,-0.07201279731996221,-0.06873866941252928,-0.05210724821671315,-0.07225413240222757,-0.06687419922967257
2020-09-02,-0.07622343395566365,-0.06435869529305788,-0.07140866366653488,-0.0708224832812586,-0.07098136747860934
2020-09-03,-0.03260814126667427,-0.033597752379537785,-0.03837436600897165,-0.041885876695380506,-0.04796080055840224
2020-09-04,-0.007126834893237101,-0.007613126734428384,-0.01323532721384066,-0.007460655857092223,-0.006461930427301586
2020-09-07,0.025533964007670582,0.010936316592372403,0.003547549946772324,0.002017150688241498,0.007742857255368425
2020-09-08,0.03465763214808464,0.006817956803394613,-0.009790871619019884,-0.017951433408173633,-0.033526884752836744
2020-09-09,0.0808752569176602,0.03455558461777838,0.005494893882861125,-0.0206666501321491,-0.03049833732246481
2020-09-10,0.08726492471000144,0.05026337202175277,0.020330872001249417,0.003506411377120013,0.0023060302456095446
2020-09-11,0.034905345603070244,0.02539584342561133,0.000605959190088403,-0.0022817591807651767,0.007201202953943491
2020-09-14,0.019209021986487343,0.019782715425657484,0.01770726249403298,0.0029588080692840237,0.007788477916324452
2020-09-15,-0.010210210776785014,0.0012069841975175662,0.0049074716790065715,-0.007547481623476401,0.0041577169347650714
2020-09-16,-0.00856909902858075,-0.00644786283670933,0.00017120662812571924,-0.0008476325444445052,0.006617821654802182
2020-09-17,-0.013048787294537931,-0.011648781031076747,-0.012423855157202887,-0.02365640639277239,-0.01538301995419328
2020-09-18,-0.027603384180111292,-0.038270184922442926,-0.03871226139135203,-0.03557765981721828,-0.027673254757333524
2020-09-21,-0.010607453716641327,-0.03506861872952536,-0.038560274117856244,-0.03223115220934371,-0.03062990600742338
2020-09-22,0.014632328326975435,-0.02144574131881157,-0.013810341979184933,-0.021744346080980134,-0.012406541109246647
2020-09-23,-0.0018719555736004553,-0.02367565726800442,-0.01715239565532896,-0.014114837028824496,-0.015889494167594533
2020-09-24,0.018335488697284158,-0.01401215557205785,-0.01961641111850515,-0.01235989489958935,-0.02899801803560994
2020-09-25,0.013679903179466324,-0.01883193478516831,-0.008933764623406316,-0.006389828343942086,-0.009939646964709182
2020-09-28,0.027794399713017455,0.007336449537211584,0.021497779169823077,0.011948967771729413,0.02856462385264775
2020-09-29,0.014378653943626137,0.0027673753127537047,0.0035159520626359304,0.0077547802481960255,0.029046980474550038
2020-09-30,0.035365343907816545,0.021210620724666993,0.02821716440698282,0.026330236610348622,0.058060066869018954
2020-10-09,-0.01862938169835718,-0.015088496177857865,0.004345280473615305,0.007243025772730754,0.03257698553187085
2020-10-12,-0.011950195410073902,-0.02289371058057229,-0.015819387664915256,0.0008071049368947732,0.025342793380153328
2020-10-13,-0.009050276909564108,-0.027672557269371127,-0.023957843466096147,0.0041138841847540185,-0.010650681873751679
2020-10-14,-0.024291964867568686,-0.013965003268269459,-0.02571325617375222,0.0021569553512346476,-0.016755523636740356
2020-10-15,-0.016721674398996727,-0.00990757035483435,-0.026029821228880264,0.014730280933589024,0.003001372075269205
2020-10-16,-0.013554278240113671,-0.011779541361010306,0.0011952078883475385,-0.01058445777632912,0.0018912630551229227
2020-10-19,0.004792048913172744,0.00035268557213335164,0.018387986460980412,0.03064964585490657,0.01657456137683608
2020-10-20,-0.01688312042344973,-0.019085684138280438,0.0016752150265260059,0.022203479012850982,0.01906744991000154
2020-10-21,0.007221059065159315,-0.002732740040016499,0.008328897249481196,0.03165782027673937,0.020150955549710425
2020-10-22,0.021252325723718067,0.0229466861035579,0.015983769234377426,0.013344824775938758,0.023721035103305716
2020-10-23,0.040223891904663106,0.03213699378121681,0.02993539373293693,0.043013958128166205,0.06018662599071363
2020-10-26,0.043047401185459314,0.04141027913407172,0.037784107210608965,0.062164944849452626,0.08442394254307996
2020-10-27,0.03553307481450498,0.04184291426987823,0.051966566739659714,0.054558431074355644,0.07992612208064934
2020-10-28,0.007904450911082897,0.03242741648883564,0.02285552774932399,0.0375437532970092,0.06440661757160364
2020-10-29,0.016588572867694943,0.032412708308740115,0.03611935007389188,0.01709030356475683,0.04747378354710066
2020-10-30,0.04345263905785979,0.06969425791759382,0.0570549120991195,0.04892680022694928,0.05370552001782737
2020-11-02,0.045308410877534164,0.05004032943951576,0.05727609072962548,0.05904429459074662,0.03997719363775254
2020-11-03,0.023845285882808247,0.042539521602615274,0.03665240570740253,0.05816926454458802,0.06854524434576074
2020-11-04,0.03066741125945851,0.04559200592271024,0.05180752592216134,0.05835215727311254,0.06481936563161401
2020-11-05,0.01515925953112799,0.024986648801307732,0.03672334379270992,0.03825243719663089,0.027780319819362465
2020-11-06,0.020205922604434327,0.04213545461649055,0.03907194320420968,0.03975863502991932,0.03603222047401497
2020-11-09,0.003826196599578531,0.01563213242081808,0.014341975496600283,0.0064573973417854855,0.008561798433685134
2020-11-10,0.003682797827381919,0.020848621172697424,0.025386748982823282,0.014138736352174249,0.016020099043058997
2020-11-11,0.00782800909114305,0.002013551362804212,0.006109318893328186,0.010803395242353653,0.016181327105738684
2020-11-12,0.0040900023708659045,0.00267318914679012,0.004936243400126574,0.002753680382077942,0.016222021264692472
2020-11-13,-0.010911888388224582,-0.01727909821829515,-0.007459719178933567,-0.0004175275337505332,0.00792566654710697
2020-11-16,-0.00497060574782945,-0.013336970147513406,-0.016236376974370883,-0.02136130152554586,-0.004524063880344207
2020-11-17,0.019562734248991874,-0.004442339537639172,-0.012361147443827093,-0.022173884376519248,-0.011402834000035889
2020-11-18,0.02760205759186969,-0.020919290708932944,-0.01777915638330583,-0.027715626737544505,-0.022789702884762016
2020-11-19,0.02294398983635085,-0.015203029048233046,-0.009158099342803368,-0.016826256774532224,-0.0021112792838632226
2020-11-20,0.0047318989785072995,-0.027535272344483767,-0.02721624606006898,-0.009572500119554564,0.00016752612059596614
2020-11-23,0.012637505561590432,-0.027898898161909533,-0.024443055224400337,-0.02022940615771409,0.02488892016893539
2020-11-24,-0.021149723350909033,-0.04346482960289582,-0.035636827468824905,-0.038087208841017045,-0.0006683802524165549
2020-11-25,-0.007926692331734545,-0.02611448225070652,-0.025758046567517734,-0.0038970881044405087,0.03902092723444035
2020-11-26,-0.0008782658257711633,-0.03752477620309833,-0.044238460406778556,-0.017716019090229747,0.0282696176489408
2020-11-27,0.014932882302277494,-0.016503686597277616,-0.030820097974804894,-0.0203785197315454,0.02064571370597372
2020-11-30,0.046533515552842804,-0.01230116536594752,-0.041952723298282465,-0.026532841606897145,-0.006919452313937089
2020-12-01,0.016931795798030478,-0.041506520333212275,-0.03382318740721416,-0.046542866673785675,-0.042519314232295644
2020-12-02,0.019884201200146598,-0.032849165082374676,-0.03980950379534252,-0.037473234256878714,-0.027236697228783763
2020-12-03,0.029297149041387825,-0.001382730377078576,-0.03739793119313134,-0.03239172652117193,-0.0008306969556464944
2020-12-04,0.014343003591355818,0.0006395216484248703,-0.02173843894007812,-0.0052886824896762035,0.03556877782163024
2020-12-07,0.0006915052008081673,-0.013438393974735986,-0.006042068868465557,0.011948930529356822,0.07936397286089168
2020-12-08,-0.02377197001544248,-0.0070308538131951944,-0.024205942943950332,0.009609562832969803,0.0943593069684444
2020-12-09,0.0019192525282646009,-0.007333746375500699,-0.01931313398466193,0.0090807502192477,0.11918529551395822
2020-12-10,-0.02497050520386696,-0.014506257797842547,0.013620143990402088,0.017059086970660674,0.11069744020318667
2020-12-11,-0.00596388983572455,-0.007407862817159556,-0.0004171798781418334,0.01629918867461414,0.07776505828304892
2020-12-14,-0.006630479328346152,0.008009703434417495,0.006440797327604951,0.02099414488987493,0.08583622897928452
2020-12-15,-0.020127721393212214,-0.0013284867190410015,0.0060846087627583504,0.013112653571111906,0.07759113918178852
2020-12-16,-0.01463394820011075,0.003143443969606249,0.005217370195716486,0.028066481302629624,0.05157739337843549
2020-12-17,-0.016346535872510358,-0.011142409932070132,-0.010602695427987543,0.003952473682260786,0.05726867993313668
2020-12-18,-0.006793439459036106,-0.001917667758425401,0.004633915596036056,0.028662203206283564,0.06691623608745835
2020-12-21,-0.026975313377284666,-0.0017446283074612852,-0.002665637181868485,0.015560902458850267,0.021228429042952145
2020-12-22,0.012412216109727774,0.013416382207888109,0.026390352869866372,0.04374439684570516,0.04865305228519406
2020-12-23,0.025434479134650557,0.011520341328524359,0.020973319497798945,0.04631837730189881,0.04973425810263467
2020-12-24,0.029588356309371133,0.014356223708866077,0.024632361796451053,0.05699760109315034,0.06347460404898285
2020-12-25,0.006890863793490064,-0.009208770963881818,0.010349467500977252,0.028641184604175814,0.06874316274166112
2020-12-28,0.0038208804940654904,0.0018440798100608305,0.015682854686764204,0.01843615199921585,0.027817788152623167
2020-12-29,0.016816452316978547,0.015100068427856142,0.008305354280845962,0.02563666847090468,0.04340575865501816
2020-12-30,-0.021774521740554956,-0.0021365727992491827,-0.01162509498868828,0.001413226037424099,0.008028740835839905
2020-12-31,-0.049756644489805595,-0.038151685392369135,-0.032453892564026615,-0.020889455077826823,-0.012760553630018875
2021-01-04,-0.049710288549161416,-0.048167327334793876,-0.03718854224659645,-0.007841055077426166,-0.056439508181496914
2021-01-05,-0.05508228631632487,-0.0345841882237987,-0.04084186187306862,-0.027054990213178143,-0.03286973842415775
2021-01-06,-0.06588266295868453,-0.06299854229516928,-0.03925477592263069,-0.0399706645330502,-0.011896424784635172
2021-01-07,-0.059473774010328016,-0.06130785598606548,-0.045025299751979116,-0.0584366496951534,-0.03629456612088911
2021-01-08,-0.07683143985529277,-0.05944005539245953,-0.07406070866339867,-0.06528347944002943,-0.04823668934760149
2021-01-11,-0.05740214392551065,-0.04919024647635529,-0.05114554869085199,-0.03760399302572164,-0.006164474775155464
2021-01-12,-0.04260523402177565,-0.04275100843666247,-0.04312255377191733,-0.03157377886582413,-0.00495562730346036
2021-01-13,-0.03626739866092277,-0.00844879089170561,-0.024368744754845937,-0.026427065361359785,-0.0004036841431330865
2021-01-14,0.013468730514376507,0.009156214317751338,-0.0006222705433741942,-0.007373308583468842,-0.004976971924831462
2021-01-15,0.025611003737048308,0.02767691141317803,0.011569585505751516,-0.0029340940961115336,0.03558810665356452
2021-01-18,0.010192037685793211,0.006108570629196294,0.011360184452491748,0.0029275890710421604,0.01221666376218393
2021-01-19,-0.006098321019587933,0.02444881585182796,-0.00031714936910763223,-0.0027570865521828296,0.013827152068279886
2021-01-20,-0.022572041515056977,-0.013784930624209797,-0.0028999112608386257,0.004356402804702336,-0.0012865710833029728
2021-01-21,-0.029686482585248822,-0.01922379902265614,-0.004539698136129305,-0.016905092452090844,-0.02517870770708699
2021-01-22,-0.020573449527786326,0.002377381697018381,-0.016181300719441735,-0.029065877566077345,-0.06754758547604846
2021-01-25,0.000350147176986237,0.02880885461731558,0.01611935168921884,0.0043882674390783,-0.055901592902750874
2021-01-26,0.017237787177072566,0.008400469612859635,0.035561622388062895,0.003156715419339425,-0.04397257614601079
2021-01-27,0.015058090580604378,0.03623485051235748,0.03871132754319594,0.015508916667504275,-0.0191151861648708
2021-01-28,0.01377686432595771,0.03781017616119623,0.028137996195140447,0.032447381951473245,0.0002833118541145709
2021-01-29,0.03425694457711827,0.05004936444832002,0.047646238026507005,0.04068385099998858,0.019583773885811853
2021-02-01,-0.005899056392031398,0.014244898722572749,0.039106978514879626,0.01838336616179996,0.02371764677248769
2021-02-02,0.005958640520896326,0.002888969604598335,0.010500753623577833,-0.020416296690843435,-0.04650539855801694
2021-02-03,0.0035084613617481332,0.01195265473613373,0.00522848850987775,0.0020952239769645746,-0.05052091332403934
2021-02-04,0.06369357841937731,0.06647465013685418,0.05064713923887493,0.020252991705774055,-0.03334356382873048
2021-02-05,0.0775038340906645,0.07558723338220665,0.06596951337991336,0.04866355610127759,-0.02269407265482289
2021-02-08,0.07257809282246502,0.058448108899382095,0.06822797887813065,0.04720901451823408,-0.05312173715878916
2021-02-09,0.0499005864036602,0.04963983029702915,0.03608212773850069,0.04912296106900182,-0.05075862227027661
2021-02-10,0.06694721882059629,0.058424096380420676,0.04818188676080919,0.008170308754454483,-0.0678247482695235
2021-02-18,-0.015791744040260028,0.008735657487387138,0.028398044328977814,0.02245242238585643,-0.01840443296406397
2021-02-19,-0.06832941902657842,-0.007617956980765291,-0.010460509016835106,-0.011803685508399726,-0.02771111999690469
2021-02-22,-0.07274037307065633,-0.007690020092689564,0.0032555865710817895,0.011208059349900509,0.0015237129496845489
2021-02-23,-0.0952197162728971,-0.016209315864439612,0.023195579647257974,0.0003668789303639132,-0.011899027071102021
2021-02-24,-0.09680961479701712,-0.02176514501080695,0.00684620797414257,0.009007906350090163,-0.014763395611015195
2021-02-25,-0.08453247587882226,-0.02338328295090061,0.004367145211368942,0.0038070526162650212,-0.014676727129151326
2021-02-26,-0.036161625741433105,-0.0022609337104160313,0.009531875695209066,0.03160902241048251,0.021751046460245328
2021-03-01,-0.05470545027211981,-0.007036969968513968,0.009609259098843609,0.012995899032543638,-0.016164535923817006
2021-03-02,-0.03327419017670248,-0.00653294806958992,0.004171941372407039,0.01154344445145498,-0.006905013780657426
2021-03-03,-0.05966271070730998,-0.026137492137458418,0.010121757409182896,0.0016110519190129498,-0.026143756320264513
2021-03-04,-0.018935478643539484,-0.007863342020859485,-0.0033978409530605255,0.01671158327210443,0.002714508732552985
2021-03-05,-0.007302300957328158,-0.0007948271003389541,-0.0030565577503642283,-0.0015861936606396546,-0.0034649454233160503
2021-03-08,0.05122981054766468,0.014031080717480795,0.0010524273941446387,0.0071834654737539475,0.026617129828213706
2021-03-09,0.07678648284586811,0.036851965687610705,0.036962708788004096,0.043704442194551336,0.038123123805301556
2021-03-10,0.06157825153164892,0.050992570120142175,0.05210636610111703,0.04264321358261873,0.04302464793471007
2021-03-11,0.02369436514455574,0.03666045349245397,0.021335206449814043,0.024342061524649482,0.02127581288031895
2021-03-12,0.01958275009137295,0.016239000830332882,0.009111603400644205,-0.009388073697755187,0.012816732052743696
2021-03-15,0.023267384639308202,0.016565108189130068,0.0038614795358116517,-0.0011237009567423308,-0.005208468190542453
2021-03-16,0.024707256697734985,0.01252341414725932,0.006458380419141829,0.011416356501038949,-0.0004987528049648515
2021-03-17,0.007834033199494926,0.008843305973188949,0.007756864381508542,0.0049937581524821285,-0.004007677125804264
2021-03-18,0.010494660895021036,0.02459341811394222,0.012247190127376798,0.020341956653515215,0.0010225448685281173
2021-03-19,0.040915682688105234,0.04144727974285316,0.038286116159569276,0.029207345784605585,0.032891523142093086
2021-03-22,0.020051592240916297,0.020772612912620364,0.01227302327984779,0.02422148531279939,0.012006949671342866
2021-03-23,0.03851141154567109,0.01951370764901019,0.031434758983264824,0.02183487186255333,0.030014428056117152
2021-03-24,0.08585010742549692,0.05437060259419365,0.03553662921440698,0.021934733131791465,0.015193995426715116
2021-03-25,0.08607668691550574,0.04749799530990753,0.021814515222204733,0.02734169670173851,0.014550420094983122
2021-03-26,0.047964732701262724,0.010481715156577264,0.018923679605276442,0.0053904348977099155,0.008925763832704
2021-03-29,0.03387904936628437,0.008546812853039295,-0.004097508280866891,0.00782329476177829,0.018661930254786657
2021-03-30,0.01757771306080817,0.019306511286315258,0.009983057352462042,0.019061083584958033,0.0322944991320412
2021-03-31,0.0031863322623443724,0.013620516297414476,0.014578756635079218,0.02150927871397811,0.04448173034171409
2021-04-01,-0.017418385334986214,-0.005774888835668462,0.007361387829110713,0.02824711939440124,0.02368195213006108
2021-04-02,-0.0031732537255512016,-0.007145632764716096,0.008129355074089996,0.02698441399440038,0.016435577705464378
2021-04-06,-0.014081900727042268,-0.002637170522481753,0.005188136904727387,0.005442604802190781,-0.0020474302211173838
2021-04-07,-0.013792640153805824,0.0034643740512692585,0.0038776521207120125,0.004849175731723099,0.011872113109637466
2021-04-08,-0.008189485704666512,0.006291537450361079,0.006728977412465443,-0.0022524714172221095,0.027783900670305058
2021-04-09,0.013386922157451454,0.0009766580906617162,0.019638835480113973,0.015783325296057762,0.04511151307573644
2021-04-12,0.031235282500954458,0.0221539889297448,0.006545191667620576,0.023528013751437964,0.041083698472533826
2021-04-13,0.05024855015177632,0.039318708038030975,0.03871063435129114,0.031366791156936503,0.06456594570347969
2021-04-14,0.019117532139723396,0.0271124959482946,0.026375381152743863,0.029457870392148082,0.060635599433666296
2021-04-15,0.03567104482165659,0.0343553207526493,0.03603670026234569,0.03237348871681982,0.057322193375233366
2021-04-16,0.03290266013637551,0.0177128181642121,0.003983133313058004,0.018300034408851445,0.05045652206074401
2021-04-19,-0.017480970370232562,-0.007975614995558203,0.011468107845711133,0.005395657853040616,0.038399785465266435
2021-04-20,-0.013465007650054697,-0.003285159201929555,0.00612526406900624,0.006429399706910506,0.03963146150621791
2021-04-21,-0.004743304990877349,-0.0014541297563199316,0.0065635921410397815,0.015647615868142728,0.054552751317255566
2021-04-22,0.017382843544831182,0.002500683870426462,0.015541467137874732,0.006790961422445618,0.07985526584426159
2021-04-23,0.026648986575102607,0.020316783309901162,0.025748990037001724,0.035444504050950607,0.05200074152287996
2021-04-26,0.04291057582161925,0.029521468802489705,0.044021014192079704,0.03801248136316378,0.06544071977479853
2021-04-27,0.06404981839999102,0.03681721237033148,0.03294467813918206,0.04581687678684389,0.04821719840427679
2021-04-28,0.056019314779164046,0.040319705032055626,0.04268834396815481,0.03166651957979675,0.06982434600662968
2021-04-29,0.06852387955678625,0.040363294021510496,0.04028825343453444,0.037547616227020686,0.07559998012665703
2021-04-30,0.06780577945391424,0.03602813597150392,0.035787706635999145,0.03307166076418873,0.06936498877896324
2021-05-06,0.05148607342853013,0.04628874496512719,0.031147162806968335,0.020898126823730764,0.07179233644992013
2021-05-07,0.06651572711510133,0.06697042179213654,0.0486824723521242,0.02610134213528796,0.0563984293229357
2021-05-10,0.08805518554712752,0.08448031984499949,0.0459364249775487,0.036734317687292094,0.011926180701683773
2021-05-11,0.06713841267387183,0.06080950846794884,0.04071626717632816,0.03553680041714774,0.026846778651620575
2021-05-12,0.06173778640148403,0.04715954589146658,0.03006387505630387,0.03190602746957946,0.020845272659039155
2021-05-13,0.08880011494342498,0.0556281948044496,0.031983438895971196,0.018468848761498614,0.058970568895430994
2021-05-14,0.03619988768730597,0.012553009290516686,0.026503045764681557,0.03195525597788943,0.03902056945897287
2021-05-17,0.023403583423775586,0.008606866045064887,0.014571316432989923,0.020896444249442342,0.0316955750662216
2021-05-18,0.015012075179337331,-0.009067881899537849,-0.0018632038009726332,-0.002625319685522011,0.0040293076964709315
2021-05-19,0.020363035663171943,0.0025321034749826365,2.0797911436449464e-05,0.00959112107602512,0.020884048646767857
2021-05-20,0.05583413133431252,0.005339058554946407,0.005177681489363757,0.01368895692591678,0.025203275933803393
2021-05-21,0.05985302824679207,0.027778499450683856,0.003980144962621141,0.010657601884060758,0.04794892726926779
2021-05-24,0.026547183674885583,0.014993115762345247,0.007772052563717853,0.027389293933026172,0.06920681173694683
2021-05-25,0.006606156416018797,0.013643832834966792,0.01959130296845805,0.013675067296510735,0.06434975058258864
2021-05-26,0.02475813120248271,0.0230272936271085,-0.0019900758929755884,0.012859039368688823,0.015961951914570276
2021-05-27,0.01047382914951601,-0.006891662736963139,0.014024305764407708,0.012842020300393612,0.03916958224985306
2021-05-28,0.007045714961155414,0.015896447143864116,0.00603872217126252,0.012058461390075199,0.04843509422444821
2021-05-31,-0.012867545024123371,-0.00698641803278006,-0.013811809363857216,0.005608138319633379,0.03113848207311572
2021-06-01,-0.021195749800982502,-0.006357229529192248,-0.014969773897853344,0.006299904428381346,0.04907607657080304
2021-06-02,-0.014631244624075885,-0.012386530717598232,-0.010681685823960244,0.003425763815420152,0.0316340218103781
2021-06-03,-0.02694805111371921,-0.008799007519505263,-0.018532458974497013,-0.012493177980589035,0.02685285823160862
2021-06-04,-0.012291272067584456,-0.01854842980816953,-0.01664609112218646,0.0035693127442582213,0.03500440931964329
2021-06-07,-0.024344077131597044,-0.020692996914169526,-0.007752531083352735,-0.008615435638153405,0.02452479171554796
2021-06-08,0.0019923408949959727,0.0008447392741984465,-0.0036449771370715813,-0.012719907900668676,0.038318468794097955
2021-06-09,-0.010934679405830046,-0.016393745207394915,-0.017712234152604492,-0.0002931961825691621,0.037938744041880794
2021-06-10,-0.013129598113280055,-0.020230813177618105,-0.013066663798689749,-0.008781412564975558,0.05492378153956493
2021-06-11,0.03984453599468036,-0.002851178726626212,0.005272603534301815,0.012142049044640458,0.0465860767464756
2021-06-15,0.05483018403785131,0.02960552881112471,0.014254627883102335,0.02677813820122866,0.05818702018446523
2021-06-16,0.08114947386011544,0.041985263344357454,0.030457852847662153,0.015277987802066184,0.0418654971483412
2021-06-17,0.07769777820885669,0.03560653160503753,0.011526221867517089,0.015517174361020323,0.04431961841784515
2021-06-18,0.06861368071822246,0.02314060928688064,0.02325431111433971,0.008002247453197558,0.02617706229869127
2021-06-21,0.060013908905914244,0.0115372473657516,0.0019917377762764333,0.009889820846189949,0.022440820977959533
2021-06-22,0.05345570784021993,-0.0042513685528782885,-0.0005132379375258802,0.006913171004510959,0.031286179964981925
2021-06-23,-0.0035368127938748863,0.0024389459996002074,0.00378114960382695,0.030829614423882483,0.07797961337106094
2021-06-24,0.03556020991918854,0.010116375529532259,0.00802068661966944,0.029336660336856488,0.0897957851437676
2021-06-25,0.014171996317245224,0.00013585129637559712,0.0026832739575431254,0.026150360328899152,0.06171385290278682
2021-06-28,-0.002667658099414491,-0.009088833400597162,-0.005165332907929197,0.004208130126849243,0.02430140239435165
2021-06-29,-0.02142200380729989,0.004064975579331421,-0.027419166847747416,-0.0189570010191435,-0.00255260266279549
2021-06-30,-0.04810383900368672,-0.030273012926850692,-0.04598994392879423,-0.0297792457207412,-0.022758927926271686
2021-07-01,0.01288393528058555,0.011980036724962373,0.0011219976079233317,-0.029825171454058233,-0.007975941056776435
2021-07-02,0.026734841551959886,0.013052991088496581,-0.007985112382098598,-0.010870842298316134,0.03544893086842648
2021-07-05,0.01899935563255446,-0.00553615990768986,-0.006305811751102391,0.015991393147508505,0.0677056003950505
2021-07-06,0.011469897596057951,0.002302942041724468,-0.007021755836154083,0.004512154642926233,0.04608405069928013
2021-07-07,0.01279962983619825,-0.01245684804916159,0.0009412354490034457,0.003340916809739918,0.07407409213896748
2021-07-08,-0.02899692976937634,-0.017963329454367665,-0.011559358963192832,0.03112002001895947,0.10746329475347968
2021-07-09,-0.04604074257349602,-0.022709331659053558,-0.021054670902058127,0.027906090475163684,0.11328540373448415
2021-07-12,-0.03869351766479835,-0.022141143544375082,-0.008114110334151003,0.018106674737908956,0.08426173071587095
2021-07-13,-0.027907985632243556,-0.024896772913225746,-0.00987249040895186,0.02638986303050616,0.06774682667908906
2021-07-14,0.0043824204555496255,-0.0035709022048762574,0.0033191173661641037,0.041333293264684906,0.06464809547598169
2021-07-15,0.036269449404213006,-0.005255806473685243,-0.0020895561049922786,0.0249113036074852,0.06192718344513348
2021-07-16,0.023430210454425844,0.015244068772675035,-0.005410040526124674,0.02433307113484392,0.05487080230784302
2021-07-19,0.03606716730704311,0.02063962836702346,0.0027620521213290103,0.02115587930086588,0.03918079736629372
2021-07-20,0.006891412509256896,-0.007148087667872352,-0.01110673623903793,0.0068220333359616265,0.012253009626895937
2021-07-21,-0.014760868003853867,-0.012126017006883625,-0.009569627556484482,0.004178765143203242,0.03827938247042881
2021-07-22,-0.03580678025682868,-0.01605546229213343,-0.01912643843556426,0.016853813527295695,0.02180198794801769
2021-07-23,-0.024943150576643588,-0.02239490986356167,-0.012333361245403258,0.012628694157039516,0.027669623850423965
2021-07-26,-0.007737562540381244,0.009047589326284558,0.025390028075226913,0.05195792414368293,0.0737841544490601
2021-07-27,0.025446320909462198,0.0397024292184248,0.059535790885639116,0.09010342591531964,0.09353232657831692
2021-07-28,0.09864146227513783,0.07275865234480373,0.08505484887848029,0.07995520889832411,0.10691907183175517
2021-07-29,0.04853980027080376,0.05850370901917497,0.06774719451455993,0.07455627472362737,0.05655642763754659
2021-07-30,0.06590308727612428,0.06679306948203773,0.057419477118394395,0.06575895633108514,0.0425926488047527
2021-08-02,0.0794640498545582,0.06650774362120596,0.04334696479833207,0.040375951862299794,0.009050226441874731
2021-08-03,0.13274366942665294,0.06872678254366434,0.05720788154439912,0.03162978363770856,0.012909135204456839
2021-08-04,0.06729454821074539,0.056699935798857556,0.05261743314304541,0.03626257047522243,0.019994449494164998
2021-08-05,0.09431609087966496,0.07748025941410074,0.06550912086803969,0.04485144799997164,0.04712974159257512
2021-08-06,0.060983722097857594,0.06837503589951789,0.07245667994091907,0.06070173945750436,0.04034117429855191
2021-08-09,0.035356623676703926,0.0679684718505848,0.07655943171916084,0.06217422718789796,0.06566511360554808
2021-08-10,0.03136609781488643,0.06671461821990153,0.0759095719217261,0.06335848922499179,0.1179363981337532
2021-08-11,0.01599203454071889,0.07817769286657093,0.0938003692910875,0.07921324756897008,0.10535300366577893
2021-08-12,0.0038364380889747856,0.08443814622808159,0.09389007954284763,0.07178049526268103,0.13323815480085185
2021-08-13,0.02354921226025368,0.06879616384471995,0.09446077234660337,0.08968988875497916,0.10383237502367769
2021-08-16,0.031173206358737764,0.07730727824151609,0.08752720504484618,0.09966114251183973,0.13036529085345086
2021-08-17,0.04203303187728992,0.05553659233052606,0.08120250819544438,0.0999277184087961,0.17636397768565265
2021-08-18,0.06741235579231057,0.04959264991134028,0.0834402644881019,0.09808291465689821,0.1329170052690142
2021-08-19,0.06503922401161434,0.04998944334520517,0.08352339216389762,0.09342974401829078,0.052586959524379674
2021-08-20,0.06940444619347551,0.07573427054324634,0.07717638240164476,0.0682827275950697,0.06759995944679963
2021-08-23,0.045551103595570686,0.06150377638751771,0.07804053350630054,0.07340262115735234,0.05529169617136244
2021-08-24,0.04023207886959864,0.059768375272353604,0.08305628478720206,0.07363571329285686,0.057248885176452206
2021-08-25,0.006325667659779162,0.046011743813554565,0.05074417417204589,0.04282478106000621,0.042604522939994525
2021-08-26,0.0043515623770116075,0.017587158403788283,0.0364342375446768,0.022864195283988323,0.012452419980264532
2021-08-27,0.016289678674886406,0.014587373082105923,0.04280902246801635,0.034721904767844314,0.001380525686489723
2021-08-30,-0.013877049545155878,0.006026706506269663,0.014383623909729294,0.004140607291033026,-0.0564981669708032
2021-08-31,0.0008098106586799123,0.008978316214797144,0.029227487027731754,0.006339256143843613,-0.0437224554199341
2021-09-01,0.0028467662993947847,-0.0008027204832388757,0.01770545402386827,0.02514887890915011,-0.007485032985723743
2021-09-02,-0.006191739931056827,0.002642865902348526,0.008190673636895442,0.0009024087058059265,-0.030631048405182888
2021-09-03,-0.044822617832280365,-0.02641097483977587,-0.013047684929113512,0.005759649956259161,-0.02634169245886527
2021-09-06,-0.06767774525919698,-0.042906284784619816,-0.009974227732124537,-0.012865107780047307,-0.02699176323918295
2021-09-07,-0.07263880069194718,-0.04148365414156848,-0.02901781021153074,-0.03282342923335605,-0.04424285178141986
2021-09-08,-0.041774259595578796,-0.03810907503681363,-0.04470641367157909,-0.061900896271802154,-0.08574548466710516
2021-09-09,-0.04748638387767272,-0.05233211655370039,-0.04141995491058101,-0.04595349056662498,-0.07930005511265353
2021-09-10,-0.025449084504731868,-0.03459861625546187,-0.03411542444500207,-0.0544998702184167,-0.07998392224421481
2021-09-13,0.005692280512509477,-0.03514147775097968,-0.04170069041438628,-0.05624828395006894,-0.13195077333256236
2021-09-14,-0.006134093942679165,-0.03182142009385303,-0.030977493808840618,-0.0529275195053637,-0.08482540971112656
2021-09-15,-0.012667595651758965,-0.026661275316983382,-0.047488623581502944,-0.06372536754829135,-0.10773966311933136
2021-09-16,-0.008704645236870798,-0.021754096134918882,-0.025051222934544433,-0.030011477904950373,-0.05630747125273929
2021-09-17,-0.003519414942056951,-0.03145944544449877,-0.027355793723335783,-0.04129026085183722,-0.049081503844234084
2021-09-22,-0.045239805133067315,-0.047362912169432315,-0.04131963160343454,-0.04556872683595138,-0.05948764093769092
2021-09-23,-0.04923968227794447,-0.05007496095136285,-0.07265490464049904,-0.07744836273644132,-0.0946483712365568
2021-09-24,-0.05516037520782989,-0.049304945775071496,-0.04562634981588164,-0.040470434920333274,-0.025974609312566385
2021-09-27,-0.03594669310106588,-0.018151666361721056,-0.013839794006030786,-0.002954495146439869,-0.004442104540698924
2021-09-28,-0.04900326729459956,-0.02721719155673738,-0.025314553868796098,-0.020707944864692032,-0.02579283369899993
2021-09-29,-0.013182301197875473,0.009352872532182636,-0.000829518504876559,5.823596079231981e-05,0.006020394555149299
2021-09-30,-0.04021095410118905,4.01664280795372e-05,-0.0010124899885122299,0.0016062295081248265,0.017382960827694843
2021-10-08,-0.02503835488217508,-0.018678805700599568,-0.033322905066984994,-0.026946588779668733,-0.0029159759441979892
2021-10-11,-0.010013561747888509,-0.021586202856874414,-0.01608166989130607,-0.027672340960300183,-0.009822506941450653
2021-10-12,0.008191847609820918,0.017026272575569348,-0.006014624966754491,0.004351107813351322,0.012123973682403701
2021-10-13,-0.007688458622460106,-0.00426915053249212,-0.00822083425826413,0.013414670697714508,0.027913150061047737
2021-10-14,-0.01180394427654466,0.010691115273178946,0.01924352279644078,0.005542887966170984,0.03386000863770512
2021-10-15,-0.009814134463494674,0.00589400198890805,0.019114392628071096,0.02706904715026744,0.05697455011686417
2021-10-18,0.020893758430990575,0.007736605352490889,0.010270342259229341,0.012793429086968119,0.021010511266851755
2021-10-19,0.010246615017161129,0.009460426613448552,-0.005141611252479976,-0.0025970762598422213,0.0029512302941244024
2021-10-20,0.036251430354137915,0.027875482548655024,0.001700572712673999,0.0015140044091041202,0.0023815759950725018
2021-10-21,0.0448743361712663,0.01855829782787964,0.008859564987626963,-0.009663287290122492,-0.005419646739049915
2021-10-22,0.04518959420667789,0.024017403194263612,0.014337661683205665,0.02763703312446859,0.03866402625401866
2021-10-25,0.023118391886929532,0.028091542106703293,0.028558187605299906,0.024610072613197826,0.049349583389641606
2021-10-26,0.02388942785520882,0.03223212367560208,0.033445843654333965,0.04352743795650243,0.04806262239281234
2021-10-27,0.05809172091087987,0.0552475681714987,0.05110997797078723,0.0491297973567715,0.04365904642770831
2021-10-28,0.0646030838318214,0.08087086310368014,0.06845989818028562,0.06262302436082667,0.05050683660344836
2021-10-29,0.04087316070088616,0.047606675390016756,0.0574496793168817,0.05702669324384767,0.03323655036944175
2021-11-01,0.032034862025860165,0.0361744317578115,0.03946404386554797,0.04108869154232374,0.051947816990650944
2021-11-02,0.0552169567651622,0.054721793000534744,0.06512953164671129,0.06309647016688827,0.048568260696362796
2021-11-03,0.058639623647313094,0.049280167239325955,0.054097243539070965,0.061731508830758945,0.06398750315881692
2021-11-04,0.033420157754684494,0.04254253119821383,0.05313947815201565,0.04691219867657831,0.03335577005356326
2021-11-05,0.08227948786064433,0.06375786307299153,0.059496919994547606,0.05435513953860486,0.04246664789978685
2021-11-08,0.06833982129076889,0.04327595429695982,0.042659312348361726,0.04081590563922939,0.042192912423349764
2021-11-09,0.05195834443676036,0.04986293372717792,0.02883092628808983,0.02915594838838438,0.030704602574155433
2021-11-10,0.07254355980852055,0.051967621148611795,0.045209850152433666,0.041861275058260844,0.03361143745550901
2021-11-11,0.06572927498096443,0.05115561984288665,0.04364117004584537,0.0454316048895615,0.021364323116570886
2021-11-12,0.06376264197686422,0.03401798470523383,0.04408714796682359,0.037799552824117136,0.02263553981659539
2021-11-15,0.07926410169285505,0.03951414007488814,0.030669510910051764,0.03603451901907267,0.0390882815870457
2021-11-16,0.07949515035837872,0.05084605776801808,0.03428604969206711,0.03370729258567181,0.03995899544480608
2021-11-17,0.05120795300427102,0.031548275092548685,0.04029911537120755,0.03194618736140056,0.03303227308644525
2021-11-18,0.05788436893191487,0.050138815590633504,0.054857285403670235,0.0482564573975813,0.045838461418017715
2021-11-19,0.013972715582413052,0.03533179016988075,0.04430931466915249,0.03476615079866944,0.03533712322687218
2021-11-22,0.018889800767094615,0.038163350531105,0.023312554102570424,2.545754976350789e-05,-0.014027785599525309
2021-11-23,0.027803287356725364,0.046772874324776496,0.04326549788384461,0.015767485521258194,-0.004121809629451179
2021-11-24,0.018874986994982693,0.03476063879833697,0.03986803555404739,0.035747810913709,0.008752172212427412
2021-11-25,0.02663029422332334,0.0281937018621315,0.037176115572661365,0.03734205147136338,0.016022996027547105
2021-11-26,0.038925514075486604,0.03506739107891967,0.035628829490662844,0.030486282695429554,-0.022841632400659905
2021-11-29,0.038356851170205916,0.03983723872003187,0.03504699783686734,0.03584234883460039,-0.016546432710560527
2021-11-30,0.03837117215176429,0.04127257534904561,0.04139603134533219,0.012724947390107239,-0.014376870363595664
2021-12-01,0.023594464045039808,0.025180380184092584,0.023945901344764608,0.011391150729293054,-0.013701579397152679
2021-12-02,0.04802008637017525,0.036325680816073395,0.03299560891796116,0.03317445677877617,-0.006270590608234978
2021-12-03,0.03178508814578014,0.04289549447112644,0.03619530442911589,0.023814115031270917,0.008154745145510825
2021-12-06,0.02037593115052993,0.0633598880050829,0.055235742530113346,0.04541189368772858,0.03401196466093152
2021-12-07,-0.006507952130446528,0.054272387927124834,0.057156461054354984,0.035964277175744,0.0134663861491705
2021-12-08,0.013173228444431058,0.051887575338564945,0.027702093316897707,0.01880289422479493,-0.0005437030239070905
2021-12-09,-0.021087886091955558,0.03584575927148998,0.0307196596909726,0.007543506529842908,-0.018598237061943072
2021-12-10,-0.026936457242963025,0.042090733605432286,0.02932289308213612,0.03277515093945667,-0.014504845853035216
2021-12-13,-0.034114057834740565,0.032786548679138,0.032194634837498876,0.004952291209191122,-0.030199712401085016
2021-12-14,0.0218827102692794,0.026535250372700474,0.0302648491596484,0.0026510966062517956,-0.022277376694275323
2021-12-15,-0.01620148631516476,-0.0001560268437695887,0.014939306527304252,0.016455249136840707,-0.01602212964131369
2021-12-16,-0.03551746041268806,0.002477339135632598,0.0021803413199421354,-0.010810632129617612,-0.0306033620710795
2021-12-17,-0.039822646022029055,0.015272472557956577,0.022519235899805312,0.015581416647940795,0.009071104665444247
2021-12-20,-0.02789881624026185,0.010488219670822314,0.023071918889132462,0.028635872866907802,0.03143988013647016
2021-12-21,-0.05804216070728437,-0.008510608417303916,0.013159544081750919,0.018652904905388863,0.006248370181502922
2021-12-22,-0.08339528850660483,-0.026291165779880915,-0.00047624517695324874,0.0024938987651337502,0.006433947606626758
2021-12-23,-0.07494091981857975,-0.03315471772141956,-0.014055201258699499,-0.01617442848552208,-0.021705040434309562
2021-12-24,-0.03759503494434021,-0.024827291710007877,-0.007310790084716212,-0.018155666944328942,-0.03585829886593577
2021-12-27,-0.07212097882784234,-0.046790870343714375,-0.042871459993748244,-0.06477155921909086,-0.08431261053177824
2021-12-28,-0.0472526931204367,-0.048182998402311585,-0.05381451795974465,-0.0633100941491404,-0.08307473009422049
2021-12-29,-0.08498850713158244,-0.07803997911993851,-0.06134862243014699,-0.07696320077119782,-0.09955350827967997
2021-12-30,-0.09743453370071743,-0.07138261912445548,-0.06873750146752652,-0.08344806961815916,-0.1129951476951184
2021-12-31,-0.0918952747087692,-0.05049906391701954,-0.05600262688209397,-0.08362928825457276,-0.12055192147776528
2022-01-04,-0.09454637567563516,-0.05562727726468951,-0.04557208650326587,-0.06943186432454347,-0.10581231096395019
2022-01-05,-0.07199772592478405,-0.05916503158908899,-0.031637911401664665,-0.022387160983742892,-0.05519851506831053
2022-01-06,-0.0897926553120672,-0.05592455855393596,-0.027615340316010782,-0.02687624688906162,-0.05102264019904675
2022-01-07,-0.091185743178962,-0.06686018616634612,-0.04927182284469278,-0.02993192951846152,-0.04271957343677517
2022-01-10,-0.09754894480919296,-0.0769650884118636,-0.06448199542378077,-0.049489074705878315,-0.044354830490057624
2022-01-11,-0.06247937750095822,-0.05377151276011858,-0.052832773710126575,-0.044631509278086956,-0.05529386422058393
2022-01-12,-0.07949124551840148,-0.05079761713113498,-0.04417813506247131,-0.042490351865844406,-0.06325253676278254
2022-01-13,-0.04427847757996829,-0.05145957609375681,-0.04760872214627006,-0.0339529375476517,-0.04463709264623354
2022-01-14,-0.025775800567743142,-0.017870569639301948,-0.01463499178332276,-0.018064662625841183,-0.06603215213824036
2022-01-17,-0.004861299207982996,-0.01189482078524299,-0.020966046974432745,-0.03749655923802901,-0.07904591700239272
2022-01-18,-0.035610479472151534,-0.022627268581455365,-0.03387372113320444,-0.04064801190225288,-0.06888364181619022
2022-01-19,-0.005079458519632761,-0.029899674302008895,-0.024380019155418337,-0.027014160185472303,-0.03256318346330832
2022-01-20,0.0012003642140217732,-0.03718935675535684,-0.03444275020301744,-0.0357593878810971,-0.06195849254580954
2022-01-21,0.001723763303850948,-0.011027395703159987,-0.013251988922273444,-0.016936838576326045,-0.035938611344295025
2022-01-24,-0.017744756097186586,-0.012860663907025643,-0.0019729219382663126,-0.00486673392602532,-0.019618634793303297
2022-01-25,0.03682960484535832,0.04125888990162563,0.03518892972658978,0.0267050828086279,0.009189248146533695
2022-01-26,0.039587387206137324,0.02968740800638655,0.029205088775787626,0.013982554158702037,0.010534038564639116
2022-01-27,0.0653349060962359,0.05869579167078518,0.04544618757463725,0.040687945819975826,0.052110165795842274
2022-01-28,0.06154631947140498,0.0353671954544852,0.03637254068575275,0.04192209932680705,0.02848586126308109
2022-02-07,0.011240944556161434,-0.0015218279327447316,-0.0033743912010577057,0.012204947444775037,0.006135307284683133
2022-02-08,-0.030839203469226945,-0.06074830676991386,-0.04983229798569067,-0.03179327099876831,-0.021006548900065716
2022-02-09,-0.07233193931415076,-0.08280190249870507,-0.08434592886427376,-0.05354383469129651,-0.035804681867616706
2022-02-10,-0.029730594077031793,-0.07710910009256135,-0.06227858407864509,-0.04155311497200533,-0.03584467207895258
2022-02-11,0.001273906547394429,-0.030634191449495196,-0.05281991829894528,-0.030195238009463866,-0.02751374498139809
2022-02-14,-0.03144575582445081,-0.05404740515988617,-0.05685689558811179,-0.046130527907243965,-0.0461229958151791
2022-02-15,-0.10452991740453807,-0.10925516007658341,-0.10399309592172983,-0.10948492593860697,-0.08792865097653368
2022-02-16,-0.08020787605200061,-0.08486242505202242,-0.09366462917742761,-0.07957295214265048,-0.060653781724120406
2022-02-17,-0.061662094612855906,-0.06937492327637387,-0.07576163272152969,-0.06622254839291683,-0.04473993316564002
2022-02-18,-0.08337385937710863,-0.06928433421753004,-0.057760390218702794,-0.06513716286458118,-0.029035477461522984
2022-02-21,-0.08368792445797471,-0.07032664795834667,-0.057784008630982,-0.056567565610006795,-0.044059936569209736
2022-02-22,-0.07271711499131624,-0.05612385142930751,-0.048256359854742865,-0.045214929698995265,-0.04276301240120924
2022-02-23,-0.07757511632878294,-0.0682854431112596,-0.04624751485658691,-0.0630344655945397,-0.04901433591988361
2022-02-24,-0.06665192387183262,-0.05694628964135282,-0.03911600088653022,-0.05182049920065831,-0.024333546155912475
2022-02-25,-0.05362613561611298,-0.05559475865319727,-0.06542528664822171,-0.07977894177602103,-0.06339213087168105
2022-02-28,-0.0409329073066228,-0.04965466721794567,-0.07018343201372748,-0.08247555081757334,-0.09109518930776495
2022-03-01,-0.06454513525230221,-0.06971083771942246,-0.07147962237730184,-0.07862034800026806,-0.09425592417251348
2022-03-02,-0.08678062628915836,-0.06391871202375606,-0.056478560989674575,-0.048191839083100846,-0.040418725291653516
2022-03-03,-0.09461396323059881,-0.08186258514651462,-0.051883656865257234,-0.04980535017135853,-0.04108745343901029
2022-03-04,-0.08392919444042816,-0.07019238529409431,-0.0420525217249698,-0.03607979801115241,-0.016926652390601673
2022-03-07,-0.06561216994801707,-0.05908181219688756,-0.0292261062473321,0.006035757493367604,0.016541857493723208
2022-03-08,-0.04172607764595567,-0.038148949727130024,-0.022526503789544742,0.007180393831485668,0.01827383278710454
2022-03-09,-0.023518331145898057,-0.017224492090641978,0.006184394407112453,0.02701872796311667,0.001035702356474773
2022-03-10,-0.06336830244413098,-0.043712684812546386,-0.025210239886205417,-0.035271648257521694,-0.06647533638050504
2022-03-11,-0.0726773093297962,-0.037729545764434824,-0.021938625241449204,-0.014526945267292216,-0.047480762147310285
2022-03-14,-0.021100239646321017,-0.020302759839636166,-0.010162899624120402,-0.03309245519059885,-0.06645312247505161
2022-03-15,0.08136713424122544,0.07627758969496097,0.04242907573279044,0.030882729854056247,-0.03715147993717293
2022-03-16,0.048502388663018564,0.003291769227016201,0.009952605278674502,-0.010559628513344412,-0.06919457000621489
2022-03-17,0.009902072484571508,-0.0037061850864333152,-0.014457650405721932,-0.03341075766508419,-0.06579843628165019
2022-03-18,-0.01952812959578686,-0.008946742577516362,-0.030315352247011818,-0.0296219094408805,-0.06551524127695081
2022-03-21,-0.03099298381338492,-0.0336207773133848,-0.05145943805787596,-0.052912893244387714,-0.08891741458708591
2022-03-22,-0.10292081637338078,-0.07048102602475195,-0.07972049140529733,-0.08013537196791279,-0.08918327035059156
2022-03-23,-0.11502990506502529,-0.08257135297674793,-0.08683659025767272,-0.09397494389773271,-0.09109977010933051
2022-03-24,-0.17786367471423312,-0.15021543012234534,-0.1218256706646896,-0.13192646483948137,-0.1441375835347668
2022-03-25,-0.18924930737989024,-0.16172881565493882,-0.15320973237985297,-0.1407578054589217,-0.1624432594222244
2022-03-28,-0.1594992009947185,-0.1488402271338454,-0.1375939645050225,-0.10079275482706944,-0.12440751537558793
2022-03-29,-0.15800609318278483,-0.14443625812564032,-0.1272736645886667,-0.10408628858187634,-0.13541899309292108
2022-03-30,-0.16213169338309572,-0.13237749120668904,-0.10502139981753175,-0.08989349102948146,-0.10295771769795468
2022-03-31,-0.13358050044931336,-0.11656887529675439,-0.09457697534043123,-0.07927999768821123,-0.09187491865083683
2022-04-01,-0.14916515301871489,-0.13870970623931908,-0.10786389146688326,-0.11108280494807722,-0.1139193910796123
2022-04-06,-0.1263458304985358,-0.12653584263854958,-0.1070743512295332,-0.10969484824032792,-0.1258930480864178
2022-04-07,-0.09506360404899473,-0.08713621847668035,-0.09161470792476085,-0.07369834061378307,-0.09620072864916077
2022-04-08,-0.05435527074614414,-0.08100085723106341,-0.0830552524411893,-0.08862552651694965,-0.10139732017764527
2022-04-11,-0.00814900500080145,-0.047186637642077735,-0.05348587377984644,-0.05735238222815804,-0.08192318491126442
2022-04-12,-0.020951549795239173,-0.0557486598442274,-0.07109346138911328,-0.06482056992719908,-0.08152427547762482
2022-04-13,-0.022494272937116977,-0.03464986315077535,-0.043222573727058414,-0.0526355411853786,-0.06230187595477931
2022-04-14,-0.029611298425867193,-0.034069107532719675,-0.045274242405712685,-0.06143026704648943,-0.09319486907139674
2022-04-15,-0.01957656422285175,-0.026447799233394586,-0.042190120663575054,-0.052739182445294186,-0.07358106856929204
2022-04-18,-0.04213223078752536,-0.04658293564451475,-0.03341244894759302,-0.03354245627459308,-0.04122297237764548
2022-04-19,-0.03540390952751519,-0.031991441546915945,-0.02958443432655608,-0.023396295339942218,-0.02013993179983723
2022-04-20,-0.0030045597370151975,-0.01563724989830364,-0.009906237662732556,-0.002902412665908182,0.00624444990428787
2022-04-21,-0.00523709909186165,-0.012715905483946438,-0.0005783219611641213,-0.010586164215935659,-0.0073160822471150955
2022-04-22,0.02106644792158213,0.020040979438876345,0.012945252769839325,0.012971735943472007,0.010683623415078506
2022-04-25,0.14242108080124666,0.12460185973397553,0.10022146919175927,0.07762723950686211,0.03621681602841673
2022-04-26,0.18449428278353805,0.16082383657219268,0.13698537453207893,0.10807204129233375,0.04091303477394618
2022-04-27,0.13209059724721217,0.11327267813102188,0.10974381364379798,0.08815155836804608,0.04298364472942788
2022-04-28,0.15298153683392093,0.1395381712554225,0.13109173466672905,0.09761437879908684,0.07083486937246374
2022-04-29,0.08724664917941591,0.09630747750554249,0.08281975353768355,0.062263927391580015,0.053546548162979435
2022-05-05,0.05462144271803931,0.08110256439650276,0.07434926798063143,0.07262391589699822,0.07224645103981102
2022-05-06,0.06708522770919473,0.09391394476759773,0.11609881818174192,0.14234882372190105,0.11990003819151386
2022-05-09,0.09532150411877326,0.09405785813616944,0.11085057482026431,0.11105801594328898,0.07585326684375758
2022-05-10,0.07965206065632631,0.08905050937027306,0.08682097253686918,0.09828539061068227,0.0729231590580901
2022-05-11,0.05231556945415363,0.06695575104006381,0.07889850417325033,0.06560351670357574,0.04712765434667124
2022-05-12,0.07167030513885257,0.08589985450716575,0.07726660388559621,0.08796269877347955,0.05138176163215219
2022-05-13,0.06395920008312529,0.05935620137337012,0.05844077677681374,0.06631268423573466,0.07129458859881248
2022-05-16,0.0454702767274827,0.07151642666033382,0.06850930970517886,0.07745476185307949,0.08729896452107397
2022-05-17,0.045681148692065736,0.07715955911799809,0.07095690147770957,0.06826201654884884,0.08795898886112538
2022-05-18,0.04403942366099365,0.06767784982686889,0.07756536546919221,0.08247581321239052,0.07894672480608085
2022-05-19,0.07122048728714095,0.07160172066068224,0.06954268338708308,0.059552018135818126,0.08007676248249103
2022-05-20,0.03981856895871685,0.044340329030345765,0.07066108857880121,0.07102134723340578,0.08498044828262762
2022-05-23,0.01909828874799873,0.05136382290608048,0.041095331731991376,0.07379313314636884,0.050830871837354734
2022-05-24,0.06846876566537215,0.07480542214585467,0.06669719225913483,0.08498340424782029,0.06466405467772025
2022-05-25,0.08649054241291858,0.08133640235342399,0.06628497740945383,0.07371886944736904,0.05479522688395957
2022-05-26,0.0953073077732516,0.08777388675447144,0.07959351334498539,0.06215126532713699,0.0440099509620999
2022-05-27,0.1258571679238987,0.10345579798597258,0.0724092790794072,0.06682146727934488,0.04641801608498535
2022-05-30,0.11317722766666764,0.11612597376559819,0.08399315853921097,0.06716801880652981,0.053092354456458844
2022-05-31,0.053650302344939726,0.061179308026743685,0.06339360835460194,0.04888446042175327,0.03660845552872082
2022-06-01,0.06931667242163579,0.051453557695619496,0.06821029775082331,0.0701212227215073,0.05123592343361137
2022-06-02,0.06000472809835531,0.04013858267623727,0.06164622761017611,0.061600014528749455,0.051189052756124696
2022-06-06,0.046687456916483634,0.025339770357880317,0.04131144330948183,0.07120673137204446,0.05989258327906457
2022-06-07,0.03614882945232894,0.02078488462085672,0.04427621333353474,0.057397115280550394,0.05852236491232565
2022-06-08,0.02296014873940542,0.014794265588334944,0.023302577626152152,0.037588776584037975,0.03313925429070641
2022-06-09,0.047727711092949446,0.055150305213045175,0.05092903762792014,0.043575301340718325,0.043066196144216855
2022-06-10,0.044344145588825434,0.029091686049243743,0.03373664064605692,0.040609142829376894,-0.0010160244098723428
2022-06-13,0.025453727696660846,0.030105783102961466,0.025423169047836074,0.01955147886527418,-0.0007621502878202362
2022-06-14,0.02971976428028371,0.020428923476024194,0.0026850083166077804,0.004133600382942421,-0.03837299204830915
2022-06-15,0.027365486868355823,0.027507559374703786,0.008288133034466441,-0.0009211481304211784,-0.022905203067228385
2022-06-16,-0.008723996890046031,0.008670053805349097,0.017350701727435264,0.017548316475144213,0.010723196883739867
2022-06-17,-0.03666795390056011,-0.015546470857136766,-0.02372618533457884,-0.007848106522966553,0.004713429366319892
2022-06-20,-0.02569166904516851,-0.004470809674243583,0.005534633055020433,-0.006213970067279044,0.012632380501493594
2022-06-21,0.004665225054112585,0.013442160977720911,-0.0011020601313002866,0.00850518303843108,0.010965092069342566
2022-06-22,0.009156349025195475,0.0283188948927206,0.02652584647565454,0.03989124313627859,0.05732954218356063
2022-06-23,-0.010469064222811728,0.007528054184218852,0.008002265941783372,0.00785840119209316,0.028199707687447964
2022-06-24,-0.014103170074214107,-0.0101210361872978,-0.005315533541645502,0.004291356849832748,0.004423391008689883
2022-06-27,-0.012387944394221476,-0.016238920751884597,-0.01192440907202557,-0.027959298078743887,-0.024925926983615277
2022-06-28,-0.0132032044133756,-0.020207282077414068,-0.022544304130757406,-0.020567466664116737,-0.024398973477123186
2022-06-29,0.026592885787211182,-0.0004479264115263382,-0.004698967913359205,-0.008073818992892721,-0.00944727694106985
2022-06-30,0.03952240225236403,-0.0016569803367604567,-0.005562823217472685,-0.009986472515807691,-0.0411832857555356
2022-07-01,0.036262606574182454,0.00027057041778921764,-0.015030048758490608,-0.017965289636360297,-0.04948314200274752
2022-07-04,0.029097888461269126,-0.010214898823157527,-0.01438372125555469,-0.02068559415489919,-0.05182635922738896
2022-07-05,0.02373358088197998,-0.031540841234852644,-0.04881525825530156,-0.06509322837566492,-0.08180134192085182
2022-07-06,-0.0261309181268379,-0.030549833778382975,-0.02949607692824651,-0.03679087172994731,-0.05265576452441172
2022-07-07,-0.03528550157515066,-0.03775165535960572,-0.02845968789959567,-0.02612386958428998,-0.03560589739766919
2022-07-08,-0.018770086536564534,-0.017079016061901004,-0.013064756535369305,-0.007820513206290023,-0.016185117765911188
2022-07-11,0.0026132654121742488,0.004773876882172865,0.006881096059816265,0.006799106930741086,0.0009858054098267446
2022-07-12,0.020453346078725166,0.03327829370164131,0.022718501888675424,0.0033627944717389184,0.007804817776844477
2022-07-13,0.031788082637836695,0.02120478807137412,0.0023952055705163677,-0.0008752101516497815,-0.010631510817143263
2022-07-14,0.03982291863914513,0.023613820198852293,0.02134302600060449,0.015477800044698321,0.01454390501481681
2022-07-15,0.04425235594987853,0.04856439729768453,0.041981559417532115,0.04045812944096091,0.032861787485392806
2022-07-18,0.008560684515282673,0.01957352859687565,0.022260453077931952,0.02428403920994997,0.04145597690063354
2022-07-19,-0.007259319287068671,0.004869133923277383,0.025645797616792983,0.041397959589117884,0.041320993626374605
2022-07-20,-0.006736628269904066,0.008074695738016021,0.009647937372762911,0.03012726381812854,0.04483036811430479
2022-07-21,0.007195961821358841,-0.0030567711161511705,0.008553726877673772,0.030218319076341187,0.04857772304532748
2022-07-22,-0.0010514459533919483,0.013340312418261516,0.00524860065486225,0.02135044251884006,0.03721119667615324
2022-07-25,0.045731673596522734,0.0287923166936624,0.022633354395351753,0.01938331099249288,0.04435713109728485
2022-07-26,0.040162995468623446,0.018616181626868872,0.004712984010828597,0.011918142174274445,0.03412439371960079
2022-07-27,-0.010875410642965615,-0.008778070422549312,-0.009307742277826594,-0.014626025485539726,0.004559867098883765
2022-07-28,-0.026047217313041843,-0.009314887269041222,-0.012538602556568463,-0.004181460334749784,0.011818338126653527
2022-07-29,-0.012068911531137854,0.0010788788315110296,-0.0008922308543271251,-0.002906862166015758,-0.0013429726430255508
2022-08-01,-0.008333033055743825,-0.0038534849145682123,0.002753731987308503,-0.0027454196066024872,-0.008412475806410922
2022-08-02,0.035697932814625015,0.04817741500367811,0.031822594339740405,0.025667745273933187,-0.003487846529682367
2022-08-03,0.031407347001164106,0.04018668489835095,0.029546112621814686,0.010314382437426437,-0.03385482992940054
2022-08-04,0.019594920066725422,0.020418117191582374,0.014397420356656521,-0.00018792222560473355,-0.0479007985467603
2022-08-05,0.005515983662977093,0.022624089946981802,0.005457266977219296,-0.01092364689965582,-0.06571086506775907
2022-08-08,-0.0063330141163206,0.01977517744448321,0.007155386058571061,-0.009437273418736123,-0.06794743676517559
2022-08-09,0.0010915478047559483,0.030501589935591877,0.026138994562066083,-0.006709870623077504,-0.04402289954611025
2022-08-10,0.0017773215815751282,0.02805457503801438,0.01936389940035778,0.004550227776047721,-0.027329734499441816
2022-08-11,-0.00795730927438904,-0.0020753959113967656,-0.004612513830321844,-0.02108849195721254,-0.04989344359874263
2022-08-12,-0.04254357383074234,-0.005824911172588384,0.0036593903439600863,-0.005414974137041251,-0.005702180858955242
2022-08-15,-0.03539838684207082,-0.010774621826557553,-0.007060516519347127,-0.004452348286806629,-0.012469733804810553
2022-08-16,-0.046377264451818764,-0.027062190400246492,-0.009978464527550643,-0.011428578169153429,-0.03471782530084879
2022-08-17,-0.07785562133723109,-0.04360688494639847,-0.019731966230131476,-0.03241032042139612,-0.06978658928166435
2022-08-18,-0.07962704924457031,-0.05529027464399943,-0.04595960128066648,-0.049750430674336404,-0.11105078098048334
2022-08-19,-0.07754030478127477,-0.07083490379796993,-0.04809175402957688,-0.055501422192215266,-0.10052951207869222
2022-08-22,-0.0905303535648408,-0.07353982400866879,-0.049199149508014406,-0.05920807955126384,-0.08699994533573978
2022-08-23,-0.08362848594936702,-0.06469979546687772,-0.048383716692374706,-0.0636228458210618,-0.08780066369105075
2022-08-24,-0.07208700733085888,-0.050820619865130166,-0.04198510632791024,-0.03417672020272767,-0.052912781541635735
2022-08-25,-0.09656250181307012,-0.07284989437061556,-0.05827435808129044,-0.04691218956511725,-0.05808976155979882
2022-08-26,-0.09448565940942269,-0.07961150130992803,-0.07416314629581656,-0.0745425100219094,-0.07284571931655721
2022-08-29,-0.08643410399788601,-0.05834212665878352,-0.05498170332949599,-0.057257757693472834,-0.06463399497599757
2022-08-30,-0.11505979273301785,-0.09838498517636575,-0.07736214810907271,-0.06858074013229476,-0.06097965434045948
2022-08-31,-0.06743274421517173,-0.08206921751535624,-0.07326220549283323,-0.07284370812069549,-0.05561489626379162
2022-09-01,-0.07602868089120139,-0.08038077303796184,-0.0767113761061346,-0.06832546888628702,-0.0639374462319572
2022-09-02,-0.09875840712995838,-0.09998794000780079,-0.08945869428369829,-0.08472706522831967,-0.09369112541872993
2022-09-05,-0.09893825891903835,-0.09743896995316934,-0.09784546599376397,-0.09138722295367756,-0.0815591285173599
2022-09-06,-0.08671888362050036,-0.09759142675277067,-0.08504828233542948,-0.07342394898077659,-0.08463348818979519
2022-09-07,-0.06745718502586236,-0.06850017178365692,-0.07587967339196344,-0.09394034785993959,-0.10667238485834307
2022-09-08,-0.02533581520413198,-0.045707163146024514,-0.061972153439142,-0.0630406459584763,-0.08784361754616413
2022-09-09,-0.03468768606053328,-0.0404571400933795,-0.05358593817189361,-0.06459308495833567,-0.07695993909474344
2022-09-13,-0.034105373477461245,-0.04605958950791841,-0.046734411554591064,-0.0599056675233372,-0.07095456844626874
2022-09-14,-0.04933943440501175,-0.05577869390350572,-0.049311919628885176,-0.05114365963171567,-0.05986019021097303
2022-09-15,-0.025187024828801165,-0.03506250128928377,-0.03451724762958458,-0.040341865898236885,-0.048405407832717136
2022-09-16,-0.005968226547883298,-0.002492647568785598,-0.0026482206075179775,-0.01227472660317422,-0.024347624957001844
2022-09-19,-0.0022610008834261547,-0.01459534272096492,-0.016273616084893475,-0.014402399568371938,-0.03397526686335471
2022-09-20,-0.02406533140114798,-0.01573111988756594,-0.033911858129224065,-0.025842767251854436,-0.042142304347379096
2022-09-21,0.030373264850785866,-0.000682063768205917,-0.02195910261898295,-0.0208135898384596,-0.05051335800758344
2022-09-22,0.012451729647834968,0.0007807303451907131,-0.0004577404848133332,-0.01973352991442605,-0.027580211231912018
2022-09-23,0.02543224403555239,-0.01309696728623436,-0.030822975261733245,-0.04545075053412738,-0.06548910453872232
2022-09-26,0.03587300815697608,0.009285916626339048,-0.0054252715983499665,-0.012868598551056723,-0.052942291065987905
2022-09-27,-0.017260111026026932,0.013675790733653369,0.003745915558969227,0.002782843992121034,-0.009914784125940095
2022-09-28,0.030798881089092588,0.051283083158340445,0.037132423441762215,0.035921067747567675,0.0195135812949828
2022-09-29,0.04964845817623624,0.04864911742541186,0.030663655606897693,0.02487651185250725,0.034177133451896886
2022-09-30,0.08460518144433819,0.07757967079566284,0.061268612361731055,0.04932083906298887,0.06793712847995853
2022-10-10,0.1377327216615298,0.10609763856992008,0.08890231506130791,0.05408909635179755,0.07129449737232196
2022-10-11,0.12725292617117173,0.1106233877064545,0.0841622369482182,0.06548013195854185,0.042042612136685475
2022-10-12,0.06771495981756435,0.05457252343769723,0.056337314376921785,0.05807007651691966,0.060957719244254756
2022-10-13,0.0470368493563057,0.04165884941574095,0.042421050184984634,0.04935245781177766,0.07244464931295796
2022-10-14,0.022120454074272423,0.025319657198023218,0.04188218953494805,0.05385105481633892,0.041704736325968134
2022-10-17,0.0022141385815413047,0.020284055083740787,0.026762401169060437,0.03507208352719331,0.05346121830760201
2022-10-18,0.01219329000096076,0.03433122741845092,0.046694125651759254,0.05513199272983964,0.07138344472451319
2022-10-19,0.027749840668064477,0.041245032661357366,0.05352956381813106,0.053979935949867344,0.07563041074948872
2022-10-20,0.018737893553910444,0.04227988461573059,0.05935780524905296,0.07071691827776641,0.08800485245467767
2022-10-21,0.03576606079176883,0.04354390671200482,0.05509539613362822,0.061918702033994626,0.055099458801061096
2022-10-24,0.07640133578330456,0.07207668775074268,0.059775320226380615,0.062430325262902354,0.05426635022468751
2022-10-25,0.08911766712740156,0.07176165051158694,0.05492663885919754,0.05171342557730395,0.035132643545059766
2022-10-26,0.04896669795604992,0.043787108811845665,0.044482835220419716,0.034675766660263015,0.02690880860416725
2022-10-27,0.051398055605382666,0.04379363130320705,0.04468691361972956,0.02757484876505192,0.02818376179300736
2022-10-28,0.09539657322596122,0.08287096057675532,0.08280265187964136,0.06816429735500301,0.03773904862216811
2022-10-31,0.08701145991019184,0.081537614379636,0.0753442673385223,0.060520902057609134,0.03402989523664585
2022-11-01,0.06861743717723816,0.07910274829847293,0.05931507094103634,0.05614100197302106,0.05265280912561126
2022-11-02,0.05101227710947228,0.06179146674545502,0.04845728042768186,0.039307784515260895,0.0473607893514306
2022-11-03,0.08886748380092702,0.06304423919077284,0.05220042577513824,0.04209719497762779,0.03577330835725724
2022-11-04,0.03896486386096806,0.051365512764969874,0.045861253246719,0.028978898836427344,0.004327756006032953
2022-11-07,0.02370952315266271,0.07211614947383879,0.0668722118403259,0.04845236764302106,0.0032117717401183893
2022-11-08,0.021723486959388395,0.05138144314508488,0.059932992658511264,0.05683040865834349,0.01637903007263279
2022-11-09,0.011528069881985657,0.045499278498193976,0.05896498357272055,0.062210419940793016,0.027466031565533774
2022-11-10,-0.0032674382712382477,0.03298816365614513,0.06333165641752266,0.06613917947087533,0.048269474528968785
2022-11-11,-0.01236309523812443,0.0181531143594475,0.041426308605886614,0.052531838102919975,0.06064682333075697
2022-11-14,-0.013450581175286584,0.022892235574997734,0.03330044308011197,0.03899469406434989,0.04037371790366359
2022-11-15,-0.046425940548623604,0.0010590503685424298,0.025867652043640863,0.02381113303013442,0.023852802375514723
2022-11-16,-0.03838506998458184,-0.004312300523767406,0.01621227323525489,0.030557524925823965,0.028342464245621382
2022-11-17,-0.010058070749197692,0.006511997919844029,0.008482801434245681,0.012684398493709139,-0.002084806369675582
2022-11-18,-0.005004606357107851,0.016189253659329206,0.015225167959142385,0.0026783609048852777,-0.005237854411836774
2022-11-21,0.01148847143042616,0.007596130974270895,-0.011541082686956021,-0.02864269615092928,-0.052945904561347186
2022-11-22,-0.009061576614547033,-0.0027811621545589375,-0.016140059767596093,-0.015522078429497526,-0.03973046279138997
2022-11-23,0.0043593052775719315,-0.009776084071197788,-0.017398346883012415,-0.01873691886938705,-0.05581878400529684
2022-11-24,-0.009788100092469386,-0.008382201161343122,-0.022096351606432356,-0.03738264526116633,-0.0676916364734577
2022-11-25,-0.014441540532620986,-0.014297844208644916,-0.02901666859601555,-0.0363157850132213,-0.05861481318837962
2022-11-28,-0.02147723211695108,-0.01501389999421958,-0.0028218361485094403,-0.010206934126207911,-0.03957437852839112
2022-11-29,-0.038812608401255375,-0.03316334261913784,-0.020616060338347248,-0.018702546765032895,-0.042471636691598064
2022-11-30,-0.04611521841646949,-0.03581138586581777,-0.030082318395797558,-0.027523775458312735,-0.04831399657835382
2022-12-01,-0.06322560840045727,-0.054858477552545686,-0.047532320001553656,-0.04241714294751257,-0.0282312620952826
2022-12-02,-0.04613563888987867,-0.045821983212048875,-0.050525203962015576,-0.041498195792481304,-0.02698289315629049
2022-12-05,-0.030971279391108702,-0.0434819770635977,-0.04359681554383964,-0.04866652454408399,-0.03612162539376082
2022-12-06,-0.0298880949839333,-0.03376510412387699,-0.040963935193527874,-0.035592177273110356,-0.04148762542533736
2022-12-07,-0.033145715580921255,-0.026003451632479017,-0.028550288628358237,-0.026630772345356143,-0.02591539348078732
2022-12-08,-0.01080432933245831,-0.025041152203764065,-0.030643949760093825,-0.027369819409651542,-0.04192578440879766
2022-12-09,-0.0019402710599009407,-0.020613595194491564,-0.030789021721406906,-0.026662429599168994,-0.03562648347948185
2022-12-12,-0.014427923706595442,-0.015003664540214807,-0.01281080686034638,-0.004487815144553043,-0.034647729057114565
2022-12-13,0.0028305647779340204,-0.015164522343160527,-0.020868566784954704,-0.023345450263986947,-0.04685704842948712
2022-12-14,0.00361612614591542,-0.012977707314568607,-0.015870121111889054,-0.026462052135373546,-0.03793052666833821
2022-12-15,-0.002308765406874115,-0.010347629619159625,-0.009780140680104757,-0.005619755189166654,-0.020902912227424117
2022-12-16,0.027113972149609616,0.009544142963824286,0.002628574949177608,0.006900482685530472,-0.0166614847936104
2022-12-19,0.03948069865714023,0.047263862611873333,0.030108941780586047,0.020982864389202438,0.007529772814679081
2022-12-20,0.04101436061585858,0.04329353755316851,0.04437147951112946,0.04224005273415492,0.03447783200874134
2022-12-21,0.06632550829717658,0.07547341070759873,0.0527942714360614,0.04704498866427479,0.029922124528646583
2022-12-22,0.09351128393001698,0.09124766831189725,0.0775308941560877,0.06224481186571908,0.045049063305754894
2022-12-23,0.09605519437453103,0.08706832801126266,0.08823928539973418,0.08149131924147783,0.06127075804008377
2022-12-26,0.060211124184701294,0.07552490356009244,0.07442760991516494,0.07781542621005214,0.07031743624049681
2022-12-27,0.07893851843991151,0.08179320235896123,0.08439727658010239,0.08182203479801872,0.06122682548875783
2022-12-28,0.09200353910735456,0.09150401140252334,0.08238232436458413,0.08949331292719284,0.07348586751663909
2022-12-29,0.08206953806921662,0.09398372685578155,0.08257561315529534,0.09788943052251241,0.07579320417550664
2022-12-30,0.08126371173360884,0.07718331579579515,0.08094073218733187,0.082647800726681,0.054586663589044765
2023-01-03,0.06198222414511175,0.06686444427078128,0.065634687500677,0.07681586591189665,0.052192345505176534
2023-01-04,0.06924982010083872,0.07214229700197934,0.04985051107474628,0.047539233682512005,0.03953841737166756
2023-01-05,0.05390491812773801,0.0474284407601932,0.06386554459724506,0.07545402329355455,0.06891559203489674
2023-01-06,0.05109886533452578,0.04715058840226732,0.06579100252080769,0.09581421774177176,0.06237263561912896
2023-01-09,0.04378648843919497,0.061446075431154344,0.08886819703642315,0.09348868622508547,0.058916054941799
2023-01-10,0.05730904287632319,0.07688250433555661,0.10747954951223405,0.06911999263043118,0.04830300182807705
2023-01-11,0.08224924508538486,0.08857571822366905,0.10771677774203278,0.06491955613677537,0.05250522554086287
2023-01-12,0.06122536495091279,0.07248843632538157,0.07210715620569809,0.04719379510621389,0.033426129151517
2023-01-13,0.04968926927342725,0.05775844747509432,0.04258210900891112,0.03645432214708294,0.017040356957047035
2023-01-16,0.03791395830501797,0.0595953909354751,0.057715568589022236,0.053607824671621215,0.02498644009500249
2023-01-17,0.05634474551624117,0.06253716294520965,0.0635256987221424,0.05243717710520467,0.02509556924007014
2023-01-18,0.043577074125984834,0.05676350457504501,0.052049463686297245,0.06694167698211627,0.01951672903566306
2023-01-19,0.03538427713637651,0.04499928716197052,0.05037692547026079,0.056304784026901984,0.0015843649535780126
2023-01-20,0.016351964084975617,0.028080327554948954,0.03431041816986573,0.0389879360028951,0.008563388219154151
2023-01-30,0.001714870685862169,0.016545907151525287,0.02495802300093822,0.023341322977741108,-0.0033736281954455183
2023-01-31,0.008956300159952708,0.017717337416932325,0.03608331470726861,0.02721802223882597,0.01816511450498782
2023-02-01,0.003728276786768756,0.018021116087266826,0.02848955285662129,0.02037001708318882,0.016381338643682054
2023-02-02,-0.007560685484250468,0.029295949126725403,0.029139256785051772,0.01663905998532944,0.009266756879105133
2023-02-03,0.008165372099870763,0.018650103931187854,0.023692424389299926,0.03590848295373771,0.02014724981937944
2023-02-06,-0.002281157814806746,0.022632784001576936,0.03457721994438299,0.04348168408135211,0.03427368269636914
2023-02-07,-0.018481246080381347,0.007385983118783125,0.012911207438052406,0.016997413824157027,0.003852341523978443
2023-02-08,-0.011623740142979884,0.008213067127896538,0.026254792336238883,0.031342256059711734,0.022388900229122224
2023-02-09,-0.02350760544297473,-0.004188839313346965,0.009052564609467193,0.006817899172738142,0.012418904894715858
2023-02-10,-0.03176753200033275,-0.01524492053138137,-0.005586666591215158,-0.01226891367782075,-0.001083595283203234
2023-02-13,-0.023896365124374264,-0.008720159429632092,-0.013577918585853594,-0.010939496177827294,-0.02051963245212308
2023-02-14,-0.03828843782191387,-0.024872426316710623,-0.0109457342673225,-0.022371359544033013,-0.031096607956407413
2023-02-15,-0.045130668063461395,-0.011862557255814261,-0.005858851614123291,-0.0039065879118976915,-0.022442255044491675
2023-02-16,-0.0558515142273021,-0.022375517789046798,-0.0019217425949577828,0.008177431738462646,-0.007785424812771908
2023-02-17,-0.02470004124337118,0.00037673899028876456,0.022273866494120227,0.011232527126811644,-0.009832924887648902
2023-02-20,-0.03823414665397348,-0.022329627185598652,-0.006823916332294667,-0.014236489924371314,-0.020177515786263527
2023-02-21,-0.029345101166841744,-0.017914043365878447,-0.01486842310127942,0.0058593923311906345,-0.015414007696558426
2023-02-22,0.012974926196257472,-0.01426066837513907,-0.004245259222607348,-0.009488465952690013,-0.022808866212432128
2023-02-23,0.05451927558690784,-0.001696832529983658,-0.013237158339380729,-0.0032346865346580453,-0.03638341796355101
2023-02-24,-0.005281711622745096,0.007058942288085128,0.009372980697683463,0.00920046576657933,-0.005697671217499176
2023-02-27,0.053334165236916746,0.010172716834598429,0.005293163723958628,-0.003386482117656495,-0.022397761242268915
2023-02-28,0.00808171936301915,-0.010028591124913106,-0.013641121116513914,-0.009725378892542113,-0.010246012790659885
2023-03-01,-0.038462638500236145,-0.03163451471816302,-0.03395247197520428,-0.01191624096566556,0.0190882343675275
2023-03-02,-0.03810854448458429,-0.038136728242545964,-0.03193795800297265,-0.01101550523899525,0.03211738249460957
2023-03-03,-0.040379709802425,-0.025893254529189787,-0.02519736962332338,-0.001751281377219962,0.03953297672487388
2023-03-06,-0.03977939448861845,-0.0316348030194193,-0.003980272734356975,0.01445489766560216,0.06754634077554099
2023-03-07,-0.012640898188897765,0.01958897072444667,0.010353755479807391,0.01590470468169269,0.06242604015648581
2023-03-08,0.009543887530601713,0.001999949856498574,0.014381554769657192,0.01780241700811183,0.03166833781930826
2023-03-09,0.04086138938856276,0.013546640695263018,0.02137130049960425,0.02104308888614299,0.028332190673439988
2023-03-10,0.032557258248944204,0.021609920394327582,0.019082378499542176,0.028293118095537976,0.040333411978922915
2023-03-13,-0.00750060868159242,0.011708576934002422,0.023287262195872523,0.03173001816130074,0.06792668918118581
2023-03-14,-0.0030160951201909916,0.013862076557238371,0.02901943278406244,0.05556254733085357,0.10787383617430103
2023-03-15,0.00749314755126857,0.011701726663947986,0.015471567316699218,0.049609839009574545,0.05653969509945923
2023-03-16,0.041550165760812226,0.025027857271154665,0.04567259998817695,0.039377684146066294,0.07726430048892335
2023-03-17,0.024079975850664573,0.016924488366244397,0.02493021209647083,0.04972568839415735,0.08222926987387773
2023-03-20,0.03245764959645128,0.026593606125028885,0.022537846245197505,0.04524406362477947,0.07923483067056773
2023-03-21,0.009731532167392115,0.010943446076527414,0.005477483522464758,0.021969593234514827,0.07506562256650418
2023-03-22,-0.0015486912585154261,-0.0026956905080489264,-0.00031563686997466164,0.004449842993356283,0.0892995963280256
2023-03-23,-0.011537453596832115,-0.019555299773352366,-0.026853904532630726,-0.015051441561014067,0.015325254060873624
2023-03-24,0.01799913443837466,-0.031075188790065197,-0.03652157383424172,-0.035983477387122244,-0.0021372913164305505
2023-03-27,0.0036573024946027956,-0.036215332788996864,-0.03159062217087871,-0.06203850514295439,-0.01769602903635004
2023-03-28,-0.016177197982684403,-0.01979842589913944,-0.025042203650905797,-0.023795250980829227,-0.014955561190304445
2023-03-29,-0.012797918490258813,-0.007113988468756696,-0.012501241828406907,-0.02748343007762878,-0.020423805581802908
2023-03-30,0.013859331937742492,-0.005471228211890186,0.0013558336004921192,-0.0030510119453314648,-0.011488536975615197
2023-03-31,-0.011813551900942068,-0.006014187433950787,-5.222868699395362e-05,-0.003997341135157283,0.010594946669785098
2023-04-03,-0.04341299464106841,-0.010479005267466916,-0.012206414198476704,-0.02698045655214894,-0.005154834338682457
2023-04-04,-0.03461730842260402,-0.01331031130319845,0.010735683398531082,-0.005174424722578617,-0.017940142930978578
2023-04-06,-0.036322137605561036,0.0024424647676959854,-0.0027071433173320282,-0.016930541562852126,-0.05528955029998058
2023-04-07,-0.04531310070052146,-0.013720884197864837,-0.005911345814135675,-0.024531920554496663,-0.06820480145292598
2023-04-10,-0.015307172539880825,-0.017004789211711634,-0.007057517449139309,-0.02084370915854233,-0.052736075812874206
2023-04-11,-0.05121391844393248,-0.023998250778303896,-0.031150583136776554,-0.02993692141436978,-0.050193550228855854
2023-04-12,-0.05102694962028553,-0.036901681500410066,-0.010898121617920711,-0.02633152805321179,-0.05442708941127788
2023-04-13,-0.08246967227642879,-0.034729084968969336,-0.024827048183189662,-0.023123406179211832,-0.04605049082716675
2023-04-14,-0.08176638190783238,-0.050258691650282204,-0.020972498875842863,-0.02489386915254145,-0.04114649961494484
2023-04-17,-0.07364944434339621,-0.06402743125191351,-0.04031916833412641,-0.020487117176610822,-0.03492770047276633
2023-04-18,-0.07089690128786057,-0.05689260058558003,-0.0386074179307535,-0.04092792764219105,-0.03677668616058516
2023-04-19,-0.06877255927538291,-0.04575298661058071,-0.02039633968402492,-0.027708883257283583,-0.05032537811170631
2023-04-20,-0.0633288739713368,-0.03273760970133537,-0.03471251127193922,-0.03993067112662026,-0.08570637404541168
2023-04-21,-0.05483024710881087,-0.03334494792630267,-0.021051203866030228,-0.021250666973549947,-0.05214492818537255
2023-04-24,-0.05593582333158909,-0.02672523777708774,-0.01956793519991474,-0.012720536677724112,-0.05001811749334096
2023-04-25,-0.024807081148352297,-0.008288667641854992,-0.004935005238118385,-0.008462531452626997,-0.019912218445396986
2023-04-26,-0.030733656510811,-0.025244110100667554,-0.02219259037368117,-0.011443500756911916,-0.005692469026153025
2023-04-27,-0.001086797850326161,-0.03862871250453061,-0.023559408067311723,-0.01128294546148697,-0.010072651121581119
2023-04-28,-0.03441036387766869,-0.04707944582732793,-0.04197273033673394,-0.02802748157988567,-0.022258713513220018
2023-05-04,-0.007519230288928052,-0.04022425411217055,-0.048308142124526214,-0.04300913472678068,-0.0448898364415808
2023-05-05,0.011548224699387795,-0.01763365732598106,-0.033497069103013255,-0.03048634743840594,-0.04113001547565648
2023-05-08,-0.018644251506256534,-0.008014568294774335,-0.029545232535384082,-0.03845161277177267,-0.05277286421677626
2023-05-09,-0.016838323163843295,-0.027334428778780517,-0.03371582650400484,-0.042625962966353584,-0.06313569527218074
2023-05-10,-0.013801386001870548,-0.036134069165959556,-0.03693939382776246,-0.04019647337895265,-0.047499710125677164
2023-05-11,-0.010380707356822979,-0.039757346581964205,-0.04703893443439152,-0.04629427653423382,-0.04785522588616521
2023-05-12,-0.0005788136449364519,-0.012753269833690668,-0.030805735489719027,-0.031846810203094114,-0.03010699736344413
2023-05-15,0.019237902262988486,-0.02814149492894597,-0.042959047981667324,-0.03266165467017017,-0.03855771963870748
2023-05-16,0.05825153786272297,-0.023689601061391324,-0.025468264553477487,-0.025030383923510702,-0.04323688824225189
2023-05-17,0.04042472545501435,-0.005081131193348072,-0.030914915710410905,-0.03772899306912119,-0.027466752861200726
2023-05-18,0.018517956502398326,-0.009315168665894805,-0.02555727187609433,-0.03338553697230573,0.007573046919622127
2023-05-19,0.02091910752582844,-0.011330126013597095,-0.008437210056497928,-0.011379988048432052,0.006493930990667755
2023-05-22,0.00933149901812404,-0.01492132025813757,-0.020157487403595936,-0.011978663040228961,0.015197343484174132
2023-05-23,0.00039537606320541027,-0.009081521797369364,-0.012042635983127783,-0.009675506853998228,0.046816281990028644
2023-05-24,-0.005868760679868912,-0.0051134892786078604,-0.02721331037712878,-0.013475528152717478,0.013391889764493086
2023-05-25,0.0004386071515033738,-0.025004797703346234,-0.030515650394357944,-0.029675600996660355,-0.02911179854015174
2023-05-26,-0.005431389654640105,-0.014938299469625159,-0.014289187647786711,-0.02322761815432958,-0.016520441516152166
2023-05-29,-0.004665242365158805,-0.010257161330846884,-0.018170652467110436,-0.015634814138103557,-0.025157821761607434
2023-05-30,-0.022377998177884263,-0.022700702927332103,-0.014151971396697527,-0.012204967138717925,-0.01506099436493741
2023-05-31,0.003966554428555185,0.002032869255725087,-0.0040775504405736835,-0.011300919500842112,-0.01209837695517137
2023-06-01,0.021917108006516955,0.01470987707544705,-0.0011698214301007106,-0.0037519833711066896,-0.023894646145589497
2023-06-02,0.006478536595479676,-0.003710762743113346,-0.002254993827716955,-0.008172974118293642,-0.018388158975832125
2023-06-05,-0.007468600465099705,-0.003613598806660604,-0.009793265081054653,0.001356557797370025,-0.03761654794441604
2023-06-06,0.01408028215141338,0.019742773278083374,0.0016277540662918016,-0.003122807348616981,-0.019585259982219987
2023-06-07,0.019955411416498668,0.005193057576652715,0.007743024851466713,-0.0027957180973706658,-0.03769263280559234
2023-06-08,0.015408910616142097,0.025880255047550888,0.013476048028810344,-0.009056092643121965,-0.027960165474853516
2023-06-09,0.03211081740923706,0.023967998728679097,0.0036200571504681244,-0.006789930316924866,-0.034020239176778794
2023-06-12,-0.003745787420432375,-0.0019310005848478305,-0.011115564275265007,-0.016686759985491177,-0.02126032600749024
2023-06-13,0.006963203163436087,0.008173489338955708,0.003733785151228221,-0.01524748241305248,-0.01765425615800535
2023-06-14,-0.00842199139855421,0.001033164571064441,0.0021957789173397656,-0.0005320436332315738,-0.019138407449616274
2023-06-15,-0.013573498651154127,-0.008880833289871992,-0.011773901875634795,-0.017538348129043684,-0.02535602952663638
2023-06-16,-0.025637636346944423,-0.018550035977985473,-0.013095644389825696,-0.013435094234664798,-0.03156515300088211
2023-06-19,-0.006609444516066156,-0.002006803320423952,-0.003737212312656566,-0.007777973006036653,-0.05880349991780312
2023-06-20,0.005175689003783444,0.0004398936730242234,-0.005352798397014134,-0.021427277400103677,-0.07856154423390659
2023-06-21,0.010805215697308669,0.022535735305417207,0.009060136966958086,-0.004453213636127438,-0.04406887384885959
2023-06-26,0.02574850101925613,0.035407570493774465,0.024531509861821184,0.01225274762509069,-0.026601479086690933
2023-06-27,0.011231431109611539,0.035149526239580835,0.02650511627212128,0.02692648291790751,-0.013150126667020312
2023-06-28,-0.0034433435069114683,0.04350478959625234,0.0457542389114596,0.027367584564666952,-0.02176085417715589
2023-06-29,-0.019626275974758405,0.03360635762885378,0.04995021243905626,0.022696830128490393,-0.021647433684317444
2023-06-30,-0.006820004987006725,0.04355122686041487,0.04845200443172088,0.026853331479648343,-0.023876750678344383
2023-07-03,-0.01506262894023156,0.026038606775620747,0.04418531536260012,0.0387554967754976,0.006976653181183211
2023-07-04,0.005658614261268531,0.02990141771886014,0.04992749364896739,0.020052792075844754,-0.01243668407062373
2023-07-05,0.001692200338944521,0.032175790282097515,0.04687957470301815,0.035246384923020395,-0.008648032827686924
2023-07-06,-0.005854517274360874,0.03455531925392449,0.05208870491699628,0.04430163793958125,0.02287638572216694
2023-07-07,0.004355185297430845,0.022641287611363095,0.045632886407365,0.06857893841723281,0.03428309105671749
2023-07-10,0.0030001851405476966,0.016942452223638178,0.040240726714985235,0.051119860229184334,0.013075563103385939
2023-07-11,-0.012157262889450985,0.006263238543287449,0.021613734142547063,0.04164979452212974,0.020946963512782243
2023-07-12,0.0005984877580933365,0.015566060546471132,0.03781896060737915,0.04382022092634448,0.004676840983384323
2023-07-13,0.001421324025494776,0.012362436982231663,0.01639089325614883,0.029994406531701785,0.0018938816023952745
2023-07-14,-0.003998026376445594,0.007615901060008767,0.006821159500389361,-0.008922290024090417,-0.03108784303006907
2023-07-17,-0.01069784437679628,0.0070858026491743146,0.016094955947011266,0.010956258854484252,-0.02957376320212135
2023-07-18,-0.030919773970598186,-0.01089412543144299,0.01708429824156161,0.01245449704825713,-0.015424410034936761
2023-07-19,-0.04787980613219693,-0.027787090007524374,0.00553710459412839,0.011486687640593093,-0.011483585470603203
2023-07-20,-0.03582735813655439,-0.013101083508598543,0.011936631682575524,0.02225943317891779,0.01959514233107051
2023-07-21,-0.05728216279611113,-0.03357380229072162,-0.010130867381640278,0.0036068730961235627,0.012257164731078784
2023-07-24,-0.06379536129296469,-0.046359300365221345,-0.013300551457446873,-0.008658930337548398,0.00038026677737506816
2023-07-25,-0.06505432894236679,-0.0536873901382116,-0.04464741217515377,-0.02569818854491436,-0.003883737433118497
2023-07-26,-0.06281238980911735,-0.06339825104880237,-0.05308401862579897,-0.04392875373269139,-0.0482827968517463
2023-07-27,-0.051170266110672546,-0.057446406325786945,-0.04820892339604988,-0.03520867312155084,-0.0469886794490815
2023-07-28,-0.07042291640124253,-0.08023006726299599,-0.07243382584122499,-0.07482735912158792,-0.06276191468138907
2023-07-31,-0.06589392064344049,-0.07944028331550677,-0.07623082030285566,-0.07068893976494417,-0.05792211526226087
2023-08-01,-0.039711286783300624,-0.05575193132257614,-0.059378829635125724,-0.04824786408070346,-0.05192606917605392
2023-08-02,-0.029577386128392284,-0.04652858343963449,-0.051471366915958924,-0.05284764166499737,-0.059770660535639945
2023-08-03,-0.03684193623253122,-0.04553165024997131,-0.060332783904816376,-0.06829794055426998,-0.08279404497747736
2023-08-04,-0.03326863412089946,-0.05235821573103659,-0.06429994290501327,-0.0632591877376014,-0.07766022850516088
2023-08-07,-0.019987660860478675,-0.029168975745358497,-0.039214441746526434,-0.03859061549380838,-0.06032481781198356
2023-08-08,-0.031195878864803284,-0.03546462291059412,-0.033394634913338654,-0.046968696271267166,-0.05961295253499939
2023-08-09,-0.02532545090843392,-0.020124783266149467,-0.033264676783634296,-0.040019098609340775,-0.05614930612039335
2023-08-10,-0.05267517844715004,-0.049281342341827614,-0.04913517113084347,-0.05185001134111344,-0.05534343619330591
2023-08-11,-0.03585520507216832,-0.03670270478432872,-0.03914068302691875,-0.02332103271556139,-0.03290143110865824
2023-08-14,-0.02452367010042203,-0.02414316792714167,-0.02194681393779062,-0.024722107629994834,-0.023400769811894817
2023-08-15,-0.00825200366301106,-0.01623488352152281,-0.019312114304842767,-0.026096668561828996,-0.02399415443782412
2023-08-16,-0.007046181125452816,-0.017114737387273635,-0.015946366000275436,-0.022886875521343466,-0.031023978248072077
2023-08-17,-0.030167446599435883,-0.022520141177976998,-0.025584046571225445,-0.02643904278794892,-0.029897437360617715
2023-08-18,-0.010583672071047184,-0.007456330466150103,-0.00948132377858673,-0.0024435517410722287,-0.014795866869145252
2023-08-21,-0.003644383248956421,0.005108649730339829,0.004245760529698777,0.007639604413859726,0.006091413568626555
2023-08-22,-0.0073201495591780665,-0.014161460687464296,-0.001479268479443369,-0.001472411254924558,-0.00863323662754137
2023-08-23,0.0012141429407722957,0.002917366287924004,0.010565163233483181,0.008067184274313924,0.0030893555661102743
2023-08-24,-0.002722323595009262,-0.008133028304332357,-0.0009823067365482218,-0.0021706755468288517,-0.0020502657255516235
2023-08-25,0.03417766495697845,0.030506521451401664,0.02559703986379526,0.01792235537297642,0.01066105364583357
2023-08-28,0.02662198211809534,0.016567648574406704,0.0131617330765945,-0.004349987744926065,-0.023749107519906613
2023-08-29,-0.013593374664931901,-0.018293731281564442,-0.007084450429873445,-0.019045185221603297,-0.04119282127711599
2023-08-30,-0.010959453752164412,-0.007326009715285823,-0.008614074190040014,-0.011953754482640199,-0.040417866454239094
2023-08-31,-0.008979617058209901,-0.0035350360598417163,0.00013894241913596297,-0.007182895556137773,-0.0003315959475869016
2023-09-01,-0.023788133038616554,-0.016580209755054476,-0.012295586299930161,-0.006524179710782546,0.0055304336465376615
2023-09-04,-0.04786478199762518,-0.03231472685044024,-0.03057821916815716,-0.026683794065573294,-0.01370544257206287
2023-09-05,-0.04291053947249918,-0.019358410970317878,-0.017990276837779283,-0.026448854078774293,-0.009275303416020819
2023-09-06,-0.026026304818544364,-0.010494422366047826,-0.011400972140328865,-0.013596876229823949,-0.012275947930340293
2023-09-07,0.006288057635729597,-0.0035991500863296814,-0.009409865565102435,-0.010713460336372037,-0.009413542009997675
2023-09-08,-0.013195837730680034,-0.0016758348553061262,-0.01690741160229547,-0.02520237334365906,-0.0026534583369109354
2023-09-11,-0.046364889433205436,-0.04184237030811338,-0.027136087202396415,-0.011176602675498198,0.008380175113777885
2023-09-12,-0.06089224068751657,-0.05161182329957592,-0.0411879175006278,-0.02918122812978708,-0.003220718569261413
2023-09-13,-0.05458309343855711,-0.04329771957045622,-0.05409509845277436,-0.032539647644203,-0.02263778428462501
2023-09-14,-0.05688050117948318,-0.05004539381575075,-0.04317035175920762,-0.04885203740423746,-0.030567256745057128
2023-09-15,-0.0697765845660569,-0.06495224887618499,-0.07432678761791266,-0.06966060283028247,-0.05777662677593794
2023-09-18,-0.047995666914709946,-0.06152215372018439,-0.06650323653620206,-0.06260083568704304,-0.043808220849641796
2023-09-19,-0.02453306534685684,-0.047794113667592966,-0.04757915397875367,-0.05283147232854336,-0.04358950548585565
2023-09-20,-0.016247197395862934,-0.039697740690434975,-0.03616654256796502,-0.04810003676215746,-0.03191147606333816
2023-09-21,-0.01356679382731161,-0.01153000719275127,-0.01694326091612006,-0.016331351970010056,-0.0033884242258135373
2023-09-22,-0.024056157311484756,-0.01334646099238205,-0.02086263146135886,-0.018006004544855275,-0.012212636770115278
2023-09-25,-0.011175701227183591,-0.01730471887328996,-0.020258820570983535,-0.015254911074432373,-0.011007089885717096
2023-09-26,-0.008928410717889261,-0.014188889167776705,-0.012113553626343235,-0.008001537068291079,-0.017876529597981996
2023-09-27,-0.02134248307616493,-0.027633035705802323,-0.015577546262920518,-0.015078360992407565,-0.04101006699914534
2023-09-28,-0.03296393434137466,-0.02063081086005035,-0.014655481549552969,-0.012854022967104929,-0.0234946465008535
2023-10-09,0.004516468882891639,-0.005046845142770874,0.001792020645181239,-0.001114774991512752,0.005033809911323033
2023-10-10,-0.005316336950980256,-0.002916137547639378,0.004119939286540604,0.0073999271766608254,0.028970930704018346
2023-10-11,-0.013424641321780268,-0.0013446502854961087,-0.0025952031410060097,0.015702369327999073,0.035965160370371604
2023-10-12,-0.01799683572500433,-0.010996029043311746,-0.002640283326467616,-0.00811349637820122,0.009409344030542714
2023-10-13,-0.005859641724396504,-0.004789656406802011,-0.004899492226408812,-0.004097877827760082,0.003445174846593188
2023-10-16,0.008003279041232356,0.007358286967259713,0.01186452766454732,0.010983946567876324,0.01152762210464079
2023-10-17,0.023909055470622977,0.020956292380742453,0.01250358700949888,0.006636348407094565,0.0076961396462156976
2023-10-18,0.06597475419956474,0.04022593454068818,0.03303426056044322,0.016991341823793686,0.015270767629890271
2023-10-19,0.05359379779615176,0.046110159108777776,0.03339734027966018,0.028620136248445116,0.02811213686857585
2023-10-20,0.09418733530479127,0.06847103923941272,0.03307451031071737,0.024823038516896465,0.028712350633797398
2023-10-23,0.1345615437339213,0.09309047361613323,0.07233569910211311,0.04864784314279653,0.04693770264393881
2023-10-24,0.09677885379648084,0.07321424143371569,0.05188124394121313,0.04714564248189667,0.042450303786384404
2023-10-25,0.05431951749279915,0.05326035241091209,0.033177201850126535,0.03937912326961783,0.035219733553871486
2023-10-26,0.06500581328115931,0.058466851048940706,0.04558683272509786,0.03880689800426989,0.03854973114953931
2023-10-27,0.02075500529276246,0.023008748490653326,0.022228415342600786,0.027030982991137726,0.02248639619715471
2023-10-30,0.006784963577764772,0.008440270566791844,0.013962660101461716,0.010650485637762037,0.010781434390352774
2023-10-31,0.013894756271738251,0.016832594624059307,0.021691156118184438,0.021806376339979047,0.013065899102042306
2023-11-01,0.011651362054505494,0.007880988043183355,0.014740435149639377,0.014053907485225257,0.00918142054506873
2023-11-02,0.020617696055747457,0.014659298064305739,0.010843555057565398,0.013845870860339149,0.026334839936707016
2023-11-03,-0.0017700015227053636,0.010014813767627964,0.01408883184102034,0.01650028241091623,0.032151170230903595
2023-11-06,-0.004200469056986743,-0.003952166073248466,-0.010133517741656831,-0.009340454300424983,0.004312234930874309
2023-11-07,-0.012436612004468139,-0.013228783571536028,-0.024183472912208227,-0.0375825261625774,-0.02323783724071875
2023-11-08,-0.004056638186152376,-0.013073377857418819,-0.018003325089737995,-0.02835152527532111,-0.028152149038252684
2023-11-09,-0.007668569277773386,-0.005284192921141584,-0.01612124780801723,-0.017405245593344568,-0.030299560142881224
2023-11-10,-0.020456500644316523,-0.016744241537078923,-0.01731274443587231,-0.012231885137097604,-0.004391197727925428
2023-11-13,-0.028746750003091626,-0.020049314860851535,-0.004092220538475643,-0.006642590993197376,0.005703422337591224
2023-11-14,-0.02505616510607475,-0.024531168688880226,-0.006675401749749753,0.0068147738328462005,-0.009728591957490445
2023-11-15,-0.016177535100941234,-0.035081398068941276,-0.027628838271024428,-0.03157515960548115,-0.02172734614828228
2023-11-16,-0.04977290274701509,-0.024723264902134657,-0.016491569367290345,-0.0018846510585572656,-0.009037731278609882
2023-11-17,-0.04925679294244624,-0.036359973007632086,-0.026356923510924928,-0.017375903024527694,-0.01763480196580958
2023-11-20,-0.0609348110057718,-0.05127653506813241,-0.04667461160452708,-0.03132898044204004,-0.04207081942296844
2023-11-21,-0.06689595445130658,-0.05836107815150154,-0.047751703657782335,-0.03741619134939296,-0.023612254589984054
2023-11-22,-0.07715969852275525,-0.06030343610404178,-0.048223590935038155,-0.03348573928571523,-0.033564641136940375
2023-11-23,-0.07020704038123406,-0.06004767743913204,-0.044795346981438416,-0.04216676508750367,-0.045559063590378916
2023-11-24,-0.05367192004557734,-0.05683339463105481,-0.047409096579458916,-0.04417674243896174,-0.05899798656379223
2023-11-27,-0.05173065651949245,-0.058374707702550196,-0.04196079265284388,-0.04382074122483689,-0.04956217873677686
2023-11-28,-0.07013822903880255,-0.07188409500485507,-0.06156149062719525,-0.05159790738597228,-0.05714535205499731
2023-11-29,-0.05649827934810716,-0.058959758579082235,-0.0498225881424941,-0.041724778172454825,-0.045575564332996976
2023-11-30,-0.032719814038525946,-0.03236480247905239,-0.0346264821736771,-0.026282989606460562,-0.03386245793709749
2023-12-01,-0.029454488672267756,-0.03312970056831237,-0.026964849028479225,-0.02700548293487957,-0.027766325721329182
2023-12-04,-0.0365372372492027,-0.030279420392050314,-0.03333665817964899,-0.021858487656175356,-0.028748142431331256
2023-12-05,-0.02363794983792313,-0.016167319828182654,-0.015177956495336688,-0.006177243935489605,-0.007331873288332671
2023-12-06,-0.0431946976242321,-0.021683700380478,-0.019281830906701623,-0.0071342591939772045,-0.030873788928576913
2023-12-07,-0.04718526975886982,-0.03488109790494981,-0.016555451732691146,-0.02552825377972772,-0.05686682435445259
2023-12-08,-0.06478717724241419,-0.04757044814223259,-0.04025711534622648,-0.03650887727352479,-0.07162418693361831
2023-12-11,-0.06023282782919632,-0.04491817713961781,-0.047965377545924136,-0.05771789444240899,-0.07905198600240587
2023-12-12,-0.06288002251166899,-0.04401291032394136,-0.04537850759628586,-0.06553551907017433,-0.10795914751255935
2023-12-13,-0.016837747045399046,-0.034944186886401024,-0.04067990655130843,-0.047177203311605055,-0.08050529925913946
2023-12-14,-0.016836812251956615,-0.04855387239339908,-0.04513523555566933,-0.04923450708328235,-0.06866020333150391
2023-12-15,-0.03868991826336899,-0.047397679083772806,-0.040726712107367925,-0.03599953439964769,-0.04863934779296211
2023-12-18,-0.04758668530928223,-0.04773916519314642,-0.02641810888061454,-0.017123337463466472,-0.01968695314187272
2023-12-19,-0.08521837171706413,-0.059313813128665786,-0.048359846888261324,-0.037400037254669824,-0.037756947427261475
2023-12-20,-0.0817034110197134,-0.05545310778942139,-0.030409728283493125,-0.02913093284026924,-0.012909126377191322
2023-12-21,-0.09799594923643518,-0.07003983369721752,-0.052487785093948046,-0.03273982106091481,-0.030593951904830916
2023-12-22,-0.1310804060005632,-0.10667367448787125,-0.09695629735458108,-0.07898876683756673,-0.05015686316963507
2023-12-25,-0.09764174424749461,-0.0930855753378459,-0.08110617702681748,-0.0716658437927644,-0.06302414789852975
2023-12-26,-0.07409469928584402,-0.061436843125930236,-0.05522432454882825,-0.04120594402872603,-0.04340394652102497
2023-12-27,-0.045920459368840656,-0.035986053744584634,-0.01754333025964798,-0.021808539542620988,-0.03073052951847239
2023-12-28,-0.04779707092456743,-0.04203953622113267,-0.03459125966688001,-0.03906153193789767,-0.0802493126923427
2023-12-29,-0.04470861605085688,-0.040413887717729566,-0.06290392511031213,-0.09147458396492555,-0.13575234695982963
2024-01-02,-0.11362186850877355,-0.08911392372257265,-0.07742519708416737,-0.08449496371936076,-0.1176344031007612
2024-01-03,-0.15788985379160472,-0.1151691688489018,-0.10451255013276378,-0.11634726821556832,-0.118811173020425
2024-01-04,-0.16060843711088083,-0.11650446625630616,-0.10900034735694983,-0.1144689777339023,-0.12292760446251959
2024-01-05,-0.1903674371677144,-0.16162821323736676,-0.1412544427910182,-0.1135521405305718,-0.08301381726046851
2024-01-08,-0.21276542490513467,-0.19817504882385012,-0.14886331450039814,-0.13244020019871625,-0.0845185585412281
2024-01-09,-0.17072708693784508,-0.1427563783552113,-0.10809067968371829,-0.08999044103831133,-0.04804985859022266
2024-01-10,-0.12146182097978553,-0.10632042702014008,-0.07276155038728084,-0.05819539088914024,-0.03458409630676876
2024-01-11,-0.0914687028781881,-0.07904210065720686,-0.055508640357068324,-0.04948634780851006,-0.06239309174873978
2024-01-12,-0.058668098105575085,-0.05899643674465057,-0.035692802247999714,-0.04301691773770698,-0.07563580926631586
2024-01-15,-0.05040237650039129,-0.04727896904701096,-0.049020576665668995,-0.03813144055022634,-0.06472509960576331
2024-01-16,-0.051688050954982995,-0.05113849396374975,-0.038568366859299395,-0.022305427617616815,-0.04752387566434294
2024-01-17,-0.02614796560589247,-0.01624116200087334,-0.016654687774992325,0.011360087547508326,0.010255783912142989
2024-01-18,-0.03592538004310973,-0.016699198174584498,0.005718515353755727,0.03508375483571376,0.027103510551377625
2024-01-19,-0.022319026903558345,-0.009133030392014376,0.02502460435239953,0.03473279595002804,0.029166079492385266
2024-01-22,0.05457245109793611,0.08224749891657232,0.09885606200493192,0.09758880597033708,0.0796458013628959
2024-01-23,-0.017928516010931497,0.03125115827016382,0.047970704411275995,0.06703517314922605,0.051101163881324956
2024-01-24,0.008214585498370307,0.038471275738840675,0.06806497513932926,0.06464862184521686,0.06375046672122661
2024-01-25,0.005588501736324811,0.013225512701342198,0.02846623700165961,0.035458292179552466,0.03564803220365605
2024-01-26,0.051642211081516044,0.03055997406106682,0.029851517589261762,0.028319921959432597,0.00431727004058556
2024-01-29,0.09168804342794139,0.0547520801544284,0.031017421712402862,0.023690008459060524,0.014129533805265933
2024-01-30,0.13833209444859795,0.0916051625494855,0.051133311963811344,0.04279400827228573,0.03657557626328623
2024-01-31,0.1394452989178398,0.10927161837978674,0.07831900315436505,0.06351893983723277,0.07349567400013456
2024-02-01,0.13219003251389033,0.12125954107591487,0.1127025815676726,0.09874297178587431,0.09931434619175276
2024-02-02,0.1958422033161009,0.18752285115548745,0.1816428780281077,0.1530277648267066,0.11385203026100041
2024-02-05,0.3105548851332638,0.2866559517333546,0.23645740241424193,0.17461834678107055,0.11344778294157007
2024-02-06,0.25296673244905876,0.20271969147145058,0.15572266836392235,0.09604705614069882,0.08379533289441099
2024-02-07,0.24851642226157894,0.13220494513947306,0.09276918140994866,0.07408777860526068,0.04782633700375565
2024-02-08,0.18346437193217519,0.09805957297182359,0.09030108031095468,0.07178838185370977,0.05374369485352854
2024-02-19,0.12368015371296104,0.07363415288168505,0.0860587997288886,0.10352812653566726,0.11818799683585227
2024-02-20,0.05628302768335937,0.06585466335417106,0.06934518039670824,0.10291729926795416,0.14856560173177988
2024-02-21,0.03355956282181317,0.04686830380147143,0.0759123333215943,0.1079474862087839,0.1713522448534138
2024-02-22,0.032710222380853075,0.04553166221074085,0.05470348786904406,0.0869287836870466,0.14360730148857576
2024-02-23,0.014176100182434143,0.03486497542349587,0.028281456087534632,0.05748373326381611,0.0994850253503897
2024-02-26,0.014644261826823667,0.00883906056329291,0.020414153143241808,0.03437607614773835,0.060522942872866914
2024-02-27,0.0030167785893035486,0.0040659723484943195,-0.00012477590243799647,0.00024864446362245365,0.022660572917337942
2024-02-28,0.007711160988214509,7.721428941216221e-05,0.01374536133788299,0.015303427415080234,0.026416876750494353
2024-02-29,-0.0040045630849008225,-0.006693675050638226,-0.004416751336301498,-0.0067055372593863675,0.005503046377521151
2024-03-01,0.014695514909542974,-4.708611165482978e-06,0.0005918062650774166,-0.004315625104379871,-0.0072685038484520586
2024-03-04,0.02587971030372813,0.02664048813741894,0.014906706834039978,0.017713734497892528,0.010410936900087086
2024-03-05,0.045167276409685424,0.02264987793131175,0.015017280208112905,0.011258965204327972,0.027599589608272468
2024-03-06,0.013683812684652845,0.02217850322626343,0.025476773712557303,0.020440936944921023,0.012317822221089944
2024-03-07,-0.010506161689588763,-0.0038358812841577804,0.014468616278317938,0.027539915846532138,0.03931736991670994
2024-03-08,0.008525831213402975,-0.004719970565050991,0.023115483106903072,0.014861393386738008,0.025014674678324477
2024-03-11,-0.0502092395173996,-0.03405245685794993,-0.012567884891944778,-0.007482712005969953,0.014185310233101244
2024-03-12,-0.007625272511915964,-0.023959088942289836,-0.0167420949096118,-0.016204326211736866,-0.026242287031893467
2024-03-13,0.008634169722027962,-0.028082602179409874,-0.028218044540728734,-0.03575699223769714,-0.03697555823931901
2024-03-14,0.03675306896531749,-0.01092173514048603,-0.03579983850693531,-0.04024644341436529,-0.05676692506640466
2024-03-15,-0.00017784017034845658,-0.04780288689357276,-0.08068737660385536,-0.09564158102700722,-0.09813124323272047
2024-03-18,-0.007996546689038823,-0.03829439950027132,-0.04878048765834806,-0.0615812461695177,-0.06836667035760709
2024-03-19,-0.05229094734970403,-0.03346730184550413,-0.022681745024987553,-0.04891684627073773,-0.03657363608680457
2024-03-20,-0.047443404091202984,-0.04228471121387895,-0.03242678347713746,-0.054152637135144156,-0.07069648004724596
2024-03-21,-0.037452790860572564,-0.020275771184541956,-0.041715614180084744,-0.07535541971241365,-0.09583542979389623
2024-03-22,-0.039159877471437954,-0.03183191045472891,-0.021397918736178967,-0.04991530355186105,-0.09841152793034888
2024-03-25,-0.050972587187771354,-0.031195792684933166,-0.015022639334464275,-0.005621512109428128,-0.01808443739486435
2024-03-26,-0.0562606401711166,-0.03087180072384115,-0.017673962814732772,-1.566062104599905e-05,-0.009336506374648978
2024-03-27,-0.009491405054972323,0.00656820686059496,0.017264458962213555,0.04472707760746158,0.036231118186810185
2024-03-28,-0.0028836313713173005,0.020319877775124486,0.024421079384965048,0.04951303051682866,0.042679824237764674
2024-03-29,-0.02807464684564815,0.004994556662377703,0.013496223428485943,0.0309913094632961,0.028297831195196212
2024-04-01,-0.023940760429183302,-0.00631812055229019,0.022176382144394567,0.024475930032327658,0.020966097560903795
2024-04-02,-0.007657294773851194,0.0054754662027370555,0.01626114459448477,0.02028536302321306,0.019160116472072893
2024-04-03,0.00391121867335242,0.00413262182278075,0.008310855052789345,-0.0005630696942736335,-0.007460930636664202
2024-04-08,0.022534584833652224,0.038265582325278394,0.034804479425131235,0.037688435612978306,0.026758927309854488
2024-04-09,-0.0006034736546876798,0.024784138174995054,0.02913910431218534,0.030762134758805404,0.006940815042451324
2024-04-10,0.007389203149012292,0.03403445757136557,0.03678101642260164,0.03556471360238713,0.02427496889529531
2024-04-11,0.014104235344171764,0.03233742716646545,0.03271167776476787,0.036808717413807084,0.021390537191877352
2024-04-12,0.014759265432511947,0.018308670617053612,0.0340966247652841,0.040535459066025736,0.024476842884109947
2024-04-15,0.03493661812455926,0.028120627236979154,0.026748955519509333,0.04019870093638991,0.014176295600473324
2024-04-16,0.11504195744442702,0.10746519910275966,0.07738891174766345,0.06933780711785012,0.031043097630527795
2024-04-17,0.05460277379426384,0.064346182354925,0.051607992753254645,0.04957088446942417,0.013309871639270377
2024-04-18,0.04142670900965705,0.05694326801570288,0.037100610924990694,0.03450658787654707,0.023556111330742008
2024-04-19,0.058706087630045214,0.07631456120771772,0.055201046907602726,0.032483047888692905,0.01114638687367873
2024-04-22,0.03639160616245588,0.03147567395572048,0.03345168268340363,0.030751872446590115,0.02332591060673235
2024-04-23,0.026572007166544266,0.0325862717423509,0.03333562367416618,0.01946893842551506,0.02680760561876483
2024-04-24,0.025599994323256773,0.02922893455505849,0.030660684192875223,0.02090036120209932,0.02275181194464327
2024-04-25,0.009751860156380791,0.00928746148714996,0.01735975485256084,0.011969083559304193,0.014614088790158226
2024-04-26,4.0937516605287836e-05,-0.000213828554181861,0.0037913365037478817,-0.011569551196707405,-0.01726250635403414
2024-04-29,-0.00783974924449342,-0.015571902046198469,-0.03863120345034556,-0.048646415456814286,-0.04760867625431417
2024-04-30,-0.00787515293347275,-0.01340967771172825,-0.02812168592724392,-0.03511011831216381,-0.023493200957565963
2024-05-06,-0.033607305504766156,-0.04180940414202086,-0.05697371711632287,-0.06148396600955102,-0.05357044311639922
2024-05-07,-0.024939743148252824,-0.03134556766215565,-0.05205619321826976,-0.06012866443166119,-0.050991281737885856
2024-05-08,-0.04626047923525341,-0.03170121638580156,-0.047525786762748524,-0.037744267997795615,-0.05727406918446249
2024-05-09,-0.09529233404662815,-0.07140059970092869,-0.057824634721685496,-0.07857352877364199,-0.07297092688555018
2024-05-10,-0.07923110542676066,-0.061298639765211244,-0.07150206459551793,-0.06956512774688299,-0.056901856523245545
2024-05-13,-0.06568715908447248,-0.06913128622197842,-0.07330697440416249,-0.04896044140519175,-0.05211840915712665
2024-05-14,-0.06044075548552395,-0.06506041908935277,-0.06539660442444342,-0.05478993413181316,-0.05708693867246318
2024-05-15,-0.06148416850898265,-0.05577548942570268,-0.053088039132614805,-0.06284714825420604,-0.0680052859967621
2024-05-16,-0.05625592176689544,-0.057674286030637276,-0.053189492807224265,-0.05873218913335532,-0.07260232331308264
2024-05-17,-0.07084226822862222,-0.06329083460552794,-0.07164804182740728,-0.06250242718114213,-0.10182062084182597
2024-05-20,-0.058087340408395,-0.05811085405843849,-0.06293845729304445,-0.07089676303705637,-0.10742773393913575
2024-05-21,-0.07155518088446612,-0.06428196689437617,-0.07706560499989189,-0.06015839375356619,-0.09898114980629658
2024-05-22,-0.07852729008068654,-0.08403684707615659,-0.08834198980998015,-0.08359183282669518,-0.12130132132604242
2024-05-23,-0.07965702503407086,-0.0788019179851091,-0.06567616721226555,-0.05561093295995556,-0.07963289002915461
2024-05-24,-0.10374728629764776,-0.085411900547089,-0.08497644723164444,-0.08835390389633169,-0.06836565391384268
2024-05-27,-0.1312616521870031,-0.11273106796524517,-0.09706319877973503,-0.08246907818647618,-0.07331166391568389
2024-05-28,-0.1016132050260699,-0.06957216787015003,-0.06279862259384007,-0.06295024943284526,-0.06093485827562376
2024-05-29,-0.11291283104201688,-0.08939915742962422,-0.08218382955934439,-0.08417371650983808,-0.07734698828363294
2024-05-30,-0.11347616564593885,-0.08809940509586228,-0.08715326024886628,-0.07247692489377383,-0.05184840573094672
2024-05-31,-0.11068146650373617,-0.09008859623300557,-0.06857453106697413,-0.07077039352895219,-0.03873667116094125
2024-06-03,-0.09489274612656075,-0.07245082419753526,-0.06550439892840652,-0.06102311304008305,-0.05409521522464591
2024-06-04,-0.08894529814501452,-0.07754564807745545,-0.07964374983143496,-0.07836324074402336,-0.07193620455418391
2024-06-05,-0.10352283983784394,-0.08570085213933833,-0.07987175313352719,-0.07666391498879403,-0.07884406578820954
2024-06-06,-0.051713771320734375,-0.06699154208093593,-0.06264421244407717,-0.06311950471972844,-0.05645806486280265
2024-06-07,-0.10487661826946305,-0.09826520010664729,-0.08109318698833598,-0.07659686631781837,-0.06129873079679129
2024-06-11,-0.09032528511097745,-0.0750426026729813,-0.055239373099049645,-0.07139660293904326,-0.05929464798124498
2024-06-12,-0.11791644358061594,-0.08395680013396932,-0.07715440338128639,-0.06524815403566134,-0.060799807555160325
2024-06-13,-0.07539127541560332,-0.05745292400565178,-0.04363625317414544,-0.036868474202958273,-0.044046030175718946
2024-06-14,-0.07328800197366946,-0.046698975665541154,-0.04961700468485878,-0.058166369611563344,-0.043887473652940864
2024-06-17,-0.05669554426565733,-0.04208774157624551,-0.06277810723281281,-0.08052881637975752,-0.05091856436699379
2024-06-18,-0.08065113968335387,-0.06002403984661864,-0.05964300175080307,-0.07445318457637598,-0.03433128799418355
2024-06-19,-0.0782850470334919,-0.06202046499705341,-0.05587281839222523,-0.051974417165417335,-0.0329066053753629
2024-06-20,-0.06230241652207029,-0.044063898594773894,-0.038347852434120554,-0.02903307254053013,-0.004279931969761405
2024-06-21,-0.0524199273601703,-0.043360259684852666,-0.036653138893767874,-0.03064887841102108,-0.0068046587883505965
2024-06-24,-0.015179179672466913,-0.0031440829299598325,-0.012807741745267498,-0.009087213298950753,-0.0065721907896623116
2024-06-25,-0.015647377908054403,-0.022705998230731633,-0.027715391808008197,-0.034709007068230345,-0.029370593374010476
2024-06-26,-0.05898962028512315,-0.06051191847965175,-0.06103870279181882,-0.05082155449251252,-0.04909032069802634
2024-06-27,-0.03617113142240869,-0.043210329709204624,-0.03836685678496989,-0.030466145720300875,-0.03103762191819834
2024-06-28,-0.014153714833062726,-0.024226646373327113,-0.02691637718366541,-0.027547382705941207,-0.03341976647386471
2024-07-01,-0.026237642642987804,-0.04449055604363013,-0.031248754996241412,-0.04137906841483179,-0.04829420368146936
2024-07-02,-0.0415727283008293,-0.01682302329621465,-0.034061229521261706,-0.03769660563230321,-0.02764486324419433
2024-07-03,0.013284805021437753,0.016470776714196948,-0.001015713104769646,0.008867089291374084,-0.00897381182954783
2024-07-04,0.031131214449938174,0.028784857003969135,0.03732176858199545,0.021168241628280664,-0.010291278317949647
2024-07-05,0.003720497647589207,0.009953845509436711,0.005874453389816112,0.003726162920497522,-0.00520168372307722
2024-07-08,0.00376280150933798,0.012585668136936826,0.015882149640859874,0.014139817392237963,-0.0037391036151137023
2024-07-09,0.0337702942376178,0.027274088273844813,0.017199630341699124,-0.0040991522237232994,-0.04137042618352792
2024-07-10,0.053124972566081695,0.022268446085775346,0.017925991782879416,0.0025442795677901326,-0.033538046569011534
2024-07-11,-0.006667970163887592,-0.003269093616600528,0.011926262583642658,-0.009457959758840647,-0.04241542762175276
2024-07-12,-0.009033457273955018,-0.004970640414419684,-0.0044009518553135936,-0.017399864539583528,-0.04899484983079323
2024-07-15,-0.008180396044583033,-0.006027353966617781,0.003977325449059449,-0.01744754694665376,-0.03658766041740739
2024-07-16,-0.02150350736300023,0.004985409473547416,0.0022068921297185707,-0.006216279101669822,-0.040460220233499176
2024-07-17,-0.03612970628496843,-0.012338163480741564,-0.005495715465625596,-0.003174674587784594,-0.026931434731168748
2024-07-18,-0.020733827114621226,-0.007659306380086983,0.009202785478226406,-0.013644377072124824,-0.023488670626778008
2024-07-19,-0.01980935729334586,-0.0008047277340334582,-0.016073485960998366,-0.0264518509943608,-0.036452188270296115
2024-07-22,-0.030570136786636393,0.0035981081871183313,-0.006761710465358725,-0.0176554226356121,-0.037651619935107856
2024-07-23,-0.03496892400939736,-0.017046624819618147,-0.00034603348884042147,0.003670436884801045,-0.004592403557498218
2024-07-24,-0.018898694838181646,-0.004054599810541286,0.00881893054791205,0.005962656157458264,-0.009878154780719666
2024-07-25,-0.028492468248194174,-0.02145818611483993,-0.00847294391149192,-0.013462825857715587,-0.017007661518486948
2024-07-26,-0.045622479919463194,-0.036821135412841786,-0.01997437502759261,-0.022379816577662984,-0.028005753732808197
2024-07-29,-0.035970526106820826,-0.03105780467324624,-0.01527517666647477,-0.01001146651407187,-0.026431675494113165
2024-07-30,-0.0423030972990502,-0.036433228119299776,-0.030098466981992353,-0.021763484658272145,-0.05247353618095738
2024-07-31,-0.05331655977222927,-0.06850895189936584,-0.07672458524219435,-0.06993332951963331,-0.07167339566565864
2024-08-01,-0.0420038206027789,-0.04964579641633881,-0.057253902135938305,-0.05741525620915254,-0.06419965740784957
2024-08-02,-0.02149666833680246,-0.028338361510270825,-0.023586919512941427,-0.025805263489714937,-0.03970113161310384
2024-08-05,-0.01315613479197406,-0.023405735442286604,-0.01875066068769292,-0.03838488931091332,-0.046208402249863195
2024-08-06,-0.019098246081177505,-0.010671641843326727,-0.036651722047150205,-0.03951602186134886,-0.05732326698175466
2024-08-07,-0.018699691550896284,-0.03519832960519244,-0.043513472086086614,-0.039659355953105165,-0.04766453577057632
2024-08-08,-0.011267499816745241,-0.02466873066911368,-0.03771702271001865,-0.04114639920009176,-0.04276600539979377
2024-08-09,-0.04016481098834263,-0.033399413425233955,-0.02050691767846156,-0.04010056960722936,-0.04883070130943155
2024-08-12,-0.027437165676584007,-0.030850436583098842,-0.0506906491412583,-0.03265707164186309,-0.0517515031557815
2024-08-13,-0.03687362949377158,-0.03854119584095155,-0.04608723716976358,-0.04100736119174484,-0.04416286270744228
2024-08-14,-0.027721416073805086,-0.030260771736657196,-0.031031263798559902,-0.046204681069367495,-0.035646608842778094
2024-08-15,-0.05202995004833079,-0.044965540678587816,-0.038969981945390815,-0.04581590559494331,-0.04330179155135262
2024-08-16,-0.04923666527048907,-0.0443858175236215,-0.040810379719499336,-0.05225054882014174,-0.045673238130824384
2024-08-19,-0.057132039918574976,-0.04895996328178392,-0.04944840973116784,-0.04254470576102488,-0.046811020715408214
2024-08-20,-0.017362626836774368,-0.010447642442831466,-0.012851532996822705,-0.019667414964648886,-0.02686250144817055
2024-08-21,-0.018390161925989,-0.01096025362187988,-0.010647994203511342,-0.009017498697019562,-0.023975171140467006
2024-08-22,0.002146276443068964,0.01778319495135847,0.00384509492431435,-0.005508518116379104,-0.02814465307120015
2024-08-23,0.04805124795752932,0.057486760409461976,0.04185473083498644,0.03294129724627342,0.011740801623610008
2024-08-26,0.05741357131034655,0.05526715954523667,0.05965323672648433,0.0325530396937171,0.028817182328273655
2024-08-27,0.13371832592165245,0.12608518925636428,0.1050846947371638,0.08961096537627829,0.06627937618204853
2024-08-28,0.20042771156926606,0.18975756356067275,0.16449316308526368,0.12941285235755187,0.11312264322443547
2024-08-29,0.24003920671175857,0.25735684470624226,0.2852699972100646,0.2795545717338073,0.2462522043099496
2024-08-30,0.2438985460499128,0.2934499269237749,0.35687838471707234,0.36578089076545517,0.3655518377628398
2024-09-02,0.2245819567421057,0.2647390994051262,0.26583738817948066,0.2662606060312194,0.2391017218270685
2024-09-03,0.1953112037340187,0.23444749325774705,0.24391614459661431,0.24852560840567597,0.25383146427079356
2024-09-04,0.1736056690930075,0.18858469428534613,0.20717294854054275,0.20298750263322768,0.2128541839393737
2024-09-05,0.2120447007282794,0.21014008197627673,0.21778786901208969,0.21620788029255963,0.24152193100297217
2024-09-06,0.2599453511046571,0.21109093659285394,0.2029095787651407,0.18955224572158125,0.17836887677679444
2024-09-09,0.21542514806606594,0.21800807145509468,0.20652884661952925,0.22421823741403782,0.22513603559872192
2024-09-10,0.19353477431146376,0.20326208728843648,0.19773394090741836,0.20876539651742193,0.22369377030347706
2024-09-11,0.22379349554723404,0.2304149591722683,0.24560978238769482,0.2751533500083334,0.2835465588661775
2024-09-12,0.2668817064450314,0.2736404148798949,0.24538908480281385,0.24864773228223283,0.30699914707169157
2024-09-13,0.2958166545203332,0.2943166113322505,0.2882918846367969,0.29143248637584745,0.2966089187229347
2024-09-18,0.3354268010275743,0.31275038326589166,0.29352287181353676,0.3032470236496397,0.2692652936179737
2024-09-19,0.30354569278564336,0.281657396863452,0.22868662702690956,0.2564329365132799,0.29084712901919824
2024-09-20,0.384365534191567,0.30065881460552674,0.2480850258580202,0.2518643499872812,0.3098021566442588
2024-09-23,0.3975422698682162,0.3436400021041717,0.2951216668448799,0.26742930332471954,0.3199028557423564
2024-09-24,0.2669778509168455,0.24896136353366505,0.24380709765687975,0.22877973981360608,0.28300398763550444
2024-09-25,0.23022383383890588,0.22807439009204752,0.24085628245877938,0.20083658722307116,0.31613841152249517
2024-09-26,0.18648494314030778,0.23961892357026734,0.19595752339111594,0.1921520420259079,0.23323505966341765
2024-09-27,0.10093670082336674,0.12378485930958506,0.12998738797055323,0.13465550597182133,0.16083750082832846
2024-09-30,0.023566430396667143,0.033671212423022095,0.032091845931081636,0.04790346585457421,0.06280511181236945
2024-10-08,-0.008920825753441358,-0.006352379592286551,0.03508497709710662,0.027635463293967426,-0.027261483475348385
2024-10-09,0.07770634633378164,0.09271093045975001,0.1166443988872087,0.09966640341099575,0.06924905528757723
2024-10-10,0.10890192191655901,0.1033926412418819,0.1317724317848707,0.1444954799902054,0.119461541474442
2024-10-11,0.16133328553920387,0.15375213042225092,0.13636021833841527,0.16056319532624205,0.1912429472946513
2024-10-14,0.15063978063714903,0.155831160395437,0.11302956905342344,0.1533668281943352,0.17036464403175736
2024-10-15,0.21188584735910976,0.19126678646901568,0.16290764034867664,0.12909273793548495,0.11400765120804011
2024-10-16,0.22421854594174231,0.20822490762279947,0.15251242245356536,0.12105542108444463,0.09096988768918983
2024-10-17,0.1635900424258667,0.1357550245612809,0.12847969105315288,0.1201407738095219,0.14485205663374676
2024-10-18,0.06768540841328437,0.07810192595387433,0.07865514797833455,0.07106378642478557,0.09651667927826271
2024-10-21,0.06674127989002272,0.06362929531319449,0.07944161294154241,0.04069011170052296,0.03185222519107874
2024-10-22,0.05393599750182157,0.05460642412572626,0.06348249534954631,0.06824768732327305,0.05992001037444939
2024-10-23,0.059241411573087537,0.06344375246139408,0.062276440335602916,0.07572257235881523,0.07927808798860525
2024-10-24,0.052856157408649775,0.054847092603181415,0.07231820795507855,0.09736267763411603,0.09431057397344655
2024-10-25,0.0009176245660315638,0.00046728460205087155,0.011703159770152835,0.04610531507371404,0.03903372229284521
2024-10-28,-0.024051461096531723,-0.012009757813431075,0.0004122207266604248,0.022289475916526625,0.019447015490863983
2024-10-29,-0.020617443061613377,0.00944951661212338,0.02220901213042236,0.02281093782717497,0.016876263743556504
2024-10-30,0.015040287847059214,0.026762213355360085,0.02447480708532455,0.04869963556672278,0.020001105930543744
2024-10-31,0.0034706827320397557,0.015790754987769103,0.032454361786929536,0.02647032300725878,-0.013211822028501142
2024-11-01,0.060238658754897124,0.06085981614432702,0.04189973384345011,0.051165664815955664,0.0020937710474045203
2024-11-04,0.06707588563851163,0.049501746252612576,0.04737667920429392,0.03651291675329488,0.030055208463643922
2024-11-05,0.016189419769241344,0.023251988066081985,0.015082720239847122,0.011961200141538755,0.009530832561081622
2024-11-06,-0.0036097192985931562,0.0025571303895819235,0.004509030025865271,-0.0011477876716712893,-0.016544676774412813
2024-11-07,-0.024710070846145328,-0.010111177938130367,-0.022214200646519456,-0.015090480121128238,-0.033040965469589956
2024-11-08,-0.012602427023856803,-0.004276578524551732,-0.003724139600483118,-0.0068127023375145765,0.016029568078485733
2024-11-11,-0.012887173658111368,-0.010576639141896186,-0.023524000712081543,-0.02691214517451591,-0.033994595204769114
2024-11-12,-0.0034225714813787664,0.0016280022056927527,-0.00012384688622113429,0.0032299440170542857,-0.02883225469329889
2024-11-13,0.01482109900861738,0.019206634570897666,0.011007263062872632,0.027607876779297224,-0.03238203846431608
2024-11-14,0.09080772053984809,0.0447803957678325,0.05251857151076669,0.027120641288524178,0.010450616336311306
2024-11-15,0.08377189165237107,0.050557040627398284,0.02452049919482065,0.030650245584835572,0.03480404774031169
2024-11-18,0.07510161756411216,0.061001964752112996,0.050017513939848005,0.030267130203051638,0.03031866485330694
2024-11-19,0.01423645590625261,0.023948078082956587,0.004794762483477884,0.012504768856716654,0.01007584587602804
2024-11-20,-0.010244088225444418,0.004677151291190968,-8.061902459354235e-05,0.0158534343443531,0.01026139054803308
2024-11-21,0.0014109676269672465,0.002392153712061453,-0.001437061411718844,0.002379384930596315,0.009684729397201278
2024-11-22,0.04976844007873785,0.03823761339375654,0.034871706506801256,0.037767242594843466,0.04684744012968508
2024-11-25,0.029719595292294062,0.019913086138159727,0.01828918225074174,0.015955885320384985,-0.0021899382125311947
2024-11-26,0.05616673530105815,0.025771758624721287,0.02681384216692399,0.032519451954277266,0.022787465676425724
2024-11-27,0.007059377435672726,0.0021339827163567725,0.0032776313274555918,0.012974861540772,-0.011656494092378669
2024-11-28,0.022895042141016078,0.016445675951270958,0.008866998520001081,0.01750880912708168,-0.014563553784764349
2024-11-29,0.00715794649526276,0.015126028863083526,0.004305191202840373,0.0007794481049475166,-0.0226877546436161
2024-12-02,-0.020322701015604322,-0.012420346173940605,0.0023351458028029785,-0.03657591288508478,-0.038181991921383725
2024-12-03,-0.03008817655840605,-0.023040781118725987,-0.04068410443112769,-0.05007290904166007,-0.07872263559057634
2024-12-04,-0.060518228209010594,-0.052127450316974834,-0.0440880006728004,-0.058708733766560724,-0.07143701041260865
2024-12-05,-0.08390687218903115,-0.06553022124854428,-0.06760061744619124,-0.0908553045727684,-0.11563853948766058
2024-12-06,-0.09899501003633322,-0.07107017412877076,-0.08721415583506666,-0.09150971576865669,-0.14658874060052848
2024-12-09,-0.08963036796617906,-0.0738735936152573,-0.08188881322562697,-0.07683951057323493,-0.10477935184248553
2024-12-10,-0.10723318841182056,-0.08397100459608237,-0.08645397338409475,-0.08855277598698452,-0.10448382389881757
2024-12-11,-0.08519171794008595,-0.08671567134339052,-0.0997252755610169,-0.11884042144772507,-0.14598868791361289
2024-12-12,-0.1196559147948099,-0.11580790520407566,-0.11496067833422222,-0.14480399187203033,-0.16993710205753984
2024-12-13,-0.11942088470545972,-0.10522984742136178,-0.0971962713474226,-0.10599531100386257,-0.14651869360365719
2024-12-16,-0.06917654874596756,-0.06588471354293897,-0.0645435671936058,-0.06750271259936981,-0.11345050442139384
2024-12-17,-0.06872901680731741,-0.07702045269664076,-0.06290216316692208,-0.05159091673376794,-0.06490796034762009
2024-12-18,-0.07550166483481667,-0.07489903158913928,-0.061185105269793025,-0.05058279964979376,-0.057746041150172074
2024-12-19,-0.08524963894050806,-0.06538862874966177,-0.060083038773776284,-0.04720526014964839,-0.04026121634537424
2024-12-20,-0.08502630329982228,-0.05697433406890161,-0.059604728997500196,-0.04401468749671679,-0.044251532967533876
2024-12-23,-0.05320627268561308,-0.04861909654552935,-0.04204953874946813,-0.028262477722869783,-0.013473120900034455
2024-12-24,-0.07614949689412215,-0.06405601530688748,-0.0655404686588192,-0.05061400220198783,-0.022899264739312628
2024-12-25,-0.060765354777748436,-0.05758255792595253,-0.05812303454466635,-0.03607776796005521,-0.026253730324943568
2024-12-26,-0.05324721230610831,-0.048929504594810415,-0.04875511998293988,-0.0410355435503528,-0.02416545002375083
2024-12-27,-0.07312047117598329,-0.06944483243264202,-0.05067846180719264,-0.04695113576614537,-0.03256759355703799
2024-12-30,-0.05032508394853631,-0.048128507174533056,-0.049910633584569264,-0.046356805953833236,-0.044910023230673744
2024-12-31,0.018173027787916095,-0.01183363190760954,-0.003361448048658039,-0.012681473579029696,-0.019797910778599628
2025-01-02,0.07550681100164976,0.04503250844656834,0.024145127417040085,0.01980208847118928,0.01316906376399769
2025-01-03,0.17318292998187373,0.09897913831207832,0.057153459473569854,0.027934058893174924,0.009702866445815911
2025-01-06,0.18036998995365594,0.0905889205580233,0.04592891049152931,0.019477557500755964,0.016939893557887487
2025-01-07,0.15281255252161152,0.09563895704661772,0.05398981572874059,0.031827844962758235,0.022296492342029555
2025-01-08,0.1289476030493791,0.08161648204979362,0.058464828945833935,0.04772449015819893,0.029882718580240566
2025-01-09,0.10549688294722893,0.07954295191891465,0.07765489865111748,0.06557834981907963,0.05297038438832445
2025-01-10,0.11055966956802633,0.11400134760443303,0.09442844666935084,0.10249932451183791,0.10236180613405267
2025-01-13,0.06930173748466031,0.06238021514768097,0.07191120346210425,0.08844693795108761,0.11758053305417275
2025-01-14,0.032383905759978945,0.03460028608576522,0.05265452402549718,0.07598088879923504,0.0978752001921472
2025-01-15,0.04041366804271119,0.04031621292857899,0.04344649954805297,0.0974854886690189,0.12274531889182189
2025-01-16,0.06959743989706547,0.0525867834979171,0.05553491427754188,0.09590899115674849,0.10012481439459135
2025-01-17,0.042799541768210374,0.04989340913884239,0.058454358384100846,0.10138230674533849,0.11059917120441605
2025-01-20,0.03359328668442561,0.02572198284484041,0.04829070086831252,0.08527931842954795,0.10338833134905753
2025-01-21,0.095224729556336,0.06998002985356969,0.05247737195397606,0.07424368499810866,0.07772054504178993
2025-01-22,0.11069227923333377,0.06745180331846361,0.07771359156562602,0.06679496219909725,0.08379750612184529
2025-01-23,0.07932689716146714,0.05662910837171312,0.03905464988238468,0.04504522933391008,0.045862562840012576
2025-01-24,0.05396712584741564,0.03819539615117931,0.03917362617386908,0.04728000425016841,0.048508579715086514
2025-01-27,0.08976647495701,0.06715030646063724,0.0546043353511972,0.046018547715217524,0.04942830695597968
2025-02-05,0.058776032272718076,0.048914433458973644,0.04250990936815598,0.03248398173100543,0.1042178680238423
2025-02-06,0.034276775588982185,0.030167214150055247,0.02391003392799071,0.05158475163617399,0.1236673808131588
2025-02-07,0.00810738488797853,0.0007180382555174105,0.019107947395794855,0.04429414036063413,0.08311788176047223
2025-02-10,0.012284416242121805,0.009652939753654947,0.016272962555950347,0.019986384375073565,0.04751615741253673
2025-02-11,0.0126369226662363,0.020985356425967442,0.03218720951714977,0.02735482387516787,0.06559061566537493
2025-02-12,0.01364562967476539,0.017928182897171005,0.020464478674551985,0.016703874256366935,0.03801171853829098
2025-02-13,0.04171371448716781,0.020254045487403834,0.01038045873120476,0.012847170303672472,0.012924784915935569
2025-02-14,0.045269079649084144,0.037071286995837255,0.031492456639320765,0.03052726380356093,0.02066415765280706
2025-02-17,0.051031734427223606,0.03155007735114749,0.025618485111720126,0.02243144165726594,0.01949764334901669
2025-02-18,0.07307703104294437,0.05053265521135679,0.049788056807455836,0.05105073563441222,0.04212156974467048
2025-02-19,0.04018294898793473,0.03580160698223688,0.036307425164784905,0.03537696676094604,0.0208113227238921
2025-02-20,0.02256593245585756,0.03284479255027252,0.0387320113705873,0.03242781518111773,0.0040278164582148975
2025-02-21,0.020753801290037427,0.025531482817982402,0.015455639494329173,-0.0015762866665242124,-0.03782904702244824
2025-02-24,0.0011546118954858212,0.014194979085526659,0.02133272602346939,-0.014273673087203037,-0.03457917721077054
2025-02-25,0.044203264835938394,0.032866594950786594,0.014527085632081377,-0.00641730496328929,-0.0615811088384964
2025-02-26,0.01653000396315324,0.011209193882165987,0.0077710214759633715,-0.011540717934164073,-0.05536302411566485
2025-02-27,-0.005399768644696145,0.01552323572102807,0.007637774499633785,-0.007502631135076539,-0.04483561207552973
2025-02-28,-0.01101391305198471,0.02081005602677659,0.027553048413946294,0.013780729170791544,-0.000634554863766822
2025-03-03,-0.032128095000263555,0.0009652577341227821,0.011892610308598181,0.008713134344196974,-0.011889377665521457
2025-03-04,-0.04768691542498939,-0.00247670306890178,0.02000261723512421,0.013297019332664663,0.0003354866123278552
2025-03-05,-0.04209428574497138,-0.0026923576874789065,0.01569668884492046,0.016278102274905844,-0.004899949467918215
2025-03-06,-0.05246783182206299,-0.005423796040173108,0.008998236450601216,-0.014122738439864458,-0.04825030539327064
2025-03-07,-0.09862622813844249,-0.077057921224523,-0.08591515778472186,-0.1152918019548762,-0.1632121270600197
2025-03-10,-0.0817685742458815,-0.06365177080903849,-0.08003697089515129,-0.11869002106377076,-0.16563994083260913
2025-03-11,-0.09487254361887529,-0.06697113353206927,-0.07479737254865479,-0.08349033698970452,-0.13101712504643628
2025-03-12,-0.07063504452118494,-0.06635950576064698,-0.05152688174560639,-0.07795177597578487,-0.10216974414199334
2025-03-13,-0.08513606436785237,-0.07164694670573284,-0.043182059323268185,-0.040271530839364474,-0.07823178973265951
2025-03-14,-0.09170518003039857,-0.06781314233898234,-0.05039330285585982,-0.06486604538602728,-0.07367533808673726
2025-03-17,-0.10074142682953742,-0.07511313604223399,-0.059173209242859535,-0.059954951823672505,-0.0756581737262652
2025-03-18,-0.10081982608444849,-0.08059914456050526,-0.06839794680207009,-0.0669889955183996,-0.09860157651999528
2025-03-19,-0.11129385459116947,-0.08797745631563132,-0.06352393817282909,-0.05156894616089167,-0.07336233099477327
2025-03-20,-0.0909819178025346,-0.07003774734011721,-0.05587705948525932,-0.06160215675216955,-0.09394496330843347
2025-03-21,-0.0671491405383552,-0.061794962771924096,-0.04416204800755476,-0.028221099595231183,-0.058555943668904764
2025-03-24,-0.06454356755671767,-0.04498922857637565,-0.035987980990522056,-0.03688150283384928,-0.048086709653297796
2025-03-25,-0.05662709468932937,-0.05398716442286344,-0.03225934345121491,-0.040680254668408376,-0.042331065317948016
2025-03-26,-0.07295672288546239,-0.05280915940698245,-0.049162975378081473,-0.037909376159180705,-0.04606618183045916
2025-03-27,-0.06971108876736631,-0.056588894337387154,-0.048824644839407016,-0.03520044138719722,-0.031846831198688655
2025-03-28,-0.05808055385538617,-0.07020359514739263,-0.05075182360921558,-0.04372721271503408,-0.024085539662540182
2025-03-31,-0.060831437716967814,-0.04589387497971652,-0.0375192699204272,-0.027774016530160445,-0.01551219259531158
2025-04-01,-0.05615036181757831,-0.05110327802655189,-0.03665438036085039,-0.034092701893995846,-0.03424177614575126
2025-04-02,-0.026799102576900474,-0.028197480607253668,-0.024827579217954605,-0.025631394394229116,-0.017147717042487853
2025-04-03,-0.023785254371392752,-0.018433115439753463,-0.010842548493079581,-0.015195727809265236,-0.006272898655055869
2025-04-07,0.13506375151470917,0.09508590218430904,0.10055357131385409,0.08213493442783254,0.06086544660803081
2025-04-08,0.1461532125077226,0.10096410836516051,0.07854566537748739,0.052548884931036,0.015197617704763897
2025-04-09,0.14002634890710297,0.0985889858513043,0.06585865604366964,0.056450822517289695,-0.009157022264246403
2025-04-10,0.10345073874386725,0.06514044365651406,0.04936515445281418,0.04622717165266401,-0.02012178312657946
2025-04-11,0.08791773300563785,0.06689975243169682,0.0529701833648552,0.03574940148340793,-0.003371510421394689
2025-04-14,0.04420988860072711,0.03728501416052741,0.02464121476448514,0.0225367112487098,-0.008017264918039477
2025-04-15,0.013966019749973444,0.030433852005492746,0.03382712175069621,0.03285281106802503,0.02728064041533388
2025-04-16,0.019599108217210517,0.04676582697418715,0.04370848247399352,0.0626685182587336,0.0379287339748526
2025-04-17,0.048110789755477494,0.04678197464912756,0.056764959137884506,0.048290449923651384,0.034474048681046934
2025-04-18,0.04320410466513614,0.04787582400745998,0.05681907454616913,0.04587087793865096,0.03407732153484505
2025-04-21,0.018814232934676343,0.027723017851584125,0.03009186314831841,0.02623334536544693,0.01163629122038249
2025-04-22,0.004568870006878726,0.01709190191585049,0.027065182069826027,0.024816466412473856,-0.011666604190037162
2025-04-23,0.0027879052361327815,0.02189314952627769,0.019879759036759682,0.01369542078808622,0.013073494692038048
2025-04-24,0.006543426597845816,0.029469346594311066,0.018847783060471714,0.022559316519418803,0.019722690979199996
2025-04-25,0.005244445716092344,0.011683027524469664,0.01679088860718716,0.01563775394318236,0.019544352528864068
2025-04-28,0.040524784223789426,0.03246620256632117,0.0376174032521324,0.036190385725194764,0.03555919185366883
2025-04-29,0.02620219345325599,0.031449115170181174,0.02524184507317761,0.029767435968887104,0.020721843028976037
2025-04-30,0.03398031736492785,0.030683839687736553,0.0292248661101758,0.032148535752623074,0.024477906956343935
2025-05-06,0.026538218099298436,0.024953585524592665,0.02334662955842426,0.02061473873227313,-0.004713310136784594
2025-05-07,0.015316012787103669,0.01376747823054567,0.017316425781810738,0.018515743244200182,0.007767246521707183
2025-05-08,0.017775843395084624,0.009752099897606056,0.010248662090062276,0.0011950848214116656,-0.0014110474627549204
2025-05-09,0.029664553762335073,0.013997490942708399,0.021246413156351562,0.02473362241417903,0.03244316684867964
2025-05-12,0.019443790490607002,0.009093922947013715,-0.00020655684421127412,0.0031113503695092124,0.002801397615986766
2025-05-13,0.010584158832484465,0.01955808539371901,0.01716258069790382,0.0029233460116446365,0.008776177128150812
2025-05-14,0.006108088418147261,0.00931271013669108,0.009169786386032141,0.0023127265440747204,0.013393072859940887
2025-05-15,-0.00014295567722310304,0.012484102278317404,0.008138883660197362,0.0013828942678178243,0.010556064952091512
2025-05-16,0.0014626602036470176,0.006581761853635533,0.015184027009958405,0.011484850896474105,0.01803634118253985
2025-05-19,-0.010424696631437635,-0.002371163579318408,0.00844492033449609,0.00970258349060796,0.01642621122080669
2025-05-20,-0.021372671610139275,-0.0010277589254807356,-0.000850010847165979,-0.004974974331782937,0.002777782124828622
2025-05-21,-0.02348069376030949,-0.015146760490888549,-0.01766568992342377,-0.013044390316431233,-0.0247529968024821
2025-05-22,-0.024295395047946717,-0.01859468854060249,-0.010617623637924636,-0.01230872740501927,-0.008379714517798507
2025-05-23,0.0001409059937835114,0.002852668044760992,0.010042624965035002,0.0038790825830558678,0.004828210014298831
2025-05-26,0.01474455339020924,0.015228916827909805,0.02196405213885078,0.011825730756733202,0.016094989656526767
2025-05-27,0.044182053059995695,0.03345402741485539,0.03794884296589907,0.014868953544189503,0.014654697329723456
2025-05-28,0.047846613188856545,0.03542864177319241,0.03448990743269542,0.02407511052075883,-0.0006938827892878923
2025-05-29,0.015687577958265822,0.02213272115410999,0.01746752799247783,0.019795682203129314,0.013610612886567097
2025-05-30,0.04123249905547414,0.03224861705061403,0.03200545578231291,0.03237037850226019,0.036121768630601805
2025-06-03,0.04454520588010412,0.03543656083772147,0.03625860256460638,0.023378241698003854,0.022065470430979076
2025-06-04,0.020110532270863204,0.02168201478249089,0.023000693666992852,0.020946958179372522,0.021296856130641487
2025-06-05,0.008824270325168136,0.019544975485913045,0.028451089264610038,0.019990822892239666,0.04248570885227211
2025-06-06,0.009275390208726456,0.015209360802903965,0.022835475861664286,0.025531622230691574,0.037302285749369966
2025-06-09,0.0018098747723790589,0.01177183049559909,0.010219772058607395,0.01922022087846095,0.031231788906736085
2025-06-10,0.01345722266347115,0.029172388147183165,0.03303585276363295,0.045968030034552625,0.05246591015883031
2025-06-11,0.01610440961706312,0.02132087722383081,0.030016830778896053,0.03486607892088471,0.03796159359447621
2025-06-12,0.02670145858456008,0.042333651678004916,0.038723147232572586,0.039446463238169215,0.025843926330108256
2025-06-13,0.05596623886877238,0.048297569951356374,0.05507918532536992,0.05645390059633207,0.0471451140709758
2025-06-16,0.045504306322706335,0.04388579346975645,0.0494912881251865,0.057017303025168345,0.041913675041100204
2025-06-17,0.032579684417520016,0.04482171949606431,0.03696959302902807,0.040876043880728095,0.053430556264292585
2025-06-18,0.04518503421197492,0.04618179635853185,0.05020687796304525,0.046249285000554155,0.040356314542234366
2025-06-19,0.08738139197264787,0.07430153266606876,0.07902131866758288,0.054148531140393565,0.056089600900143886
2025-06-20,0.09971235057238557,0.08937896584192159,0.07583387083629543,0.06832588460902878,0.06680360810635835
2025-06-23,0.08958617752340856,0.10072501735354861,0.07965697745519985,0.07759405491765022,0.0728765752505105
2025-06-24,0.07806473941787025,0.09601416179510407,0.07830742171235748,0.07343840612946419,0.0668484618216691
2025-06-25,0.07543233500109287,0.06581680437896437,0.060784800255898795,0.06086951894722463,0.0392822286819142
2025-06-26,0.0809014117496835,0.09881790283708253,0.08123883577000401,0.07368880892730768,0.07045442032095486
2025-06-27,0.06024972852545574,0.07854029270554476,0.08635791607452008,0.07273669293082657,0.07304869234512565
2025-06-30,0.050575838411642024,0.07201683379919431,0.07640014294803324,0.06069134622316185,0.06963737115734507
2025-07-01,0.04372899346718497,0.06302763126459955,0.07162280068809625,0.06332764466630054,0.08934390116264931
2025-07-02,0.05534093926662027,0.057735577037579554,0.05447514562202885,0.0719228612443941,0.0786387139287684
2025-07-03,0.037422531360637445,0.02780866728395652,0.03165470065253036,0.04795087200989053,0.06662092733925316
2025-07-04,0.04804148134639178,0.039754928379933344,0.04142762403396368,0.03435415261824925,0.06381800280020275
2025-07-07,0.07060389798395206,0.0512074294496272,0.043987253286305525,0.04027807652288529,0.043535613589387866
2025-07-08,0.05422013441607172,0.04427990577434398,0.036593159069524955,0.042369948568271684,0.047970656625279995
2025-07-09,0.05745165375822362,0.061832165477511705,0.046620605935495475,0.054176744332252044,0.04425725856656774
2025-07-10,0.059296916834067744,0.06026463132091916,0.03508633667908416,0.044286372348029984,0.028344189394328166
2025-07-11,0.04250540107475472,0.040765771925120514,0.0401409346977861,0.04182797452899314,0.03488627292158003
2025-07-14,0.034683204042366314,0.04289805184762129,0.04457308559062824,0.05085253961409988,0.08021719695250454
2025-07-15,0.05784091188201927,0.053572829134351733,0.052393485487438295,0.05034215758519084,0.07751377841891056
2025-07-16,0.05624564797034468,0.04765674496507679,0.06421881188564062,0.0679020674723949,0.09458488410723247
2025-07-17,0.024675934732592556,0.033573242770875276,0.03867600948422369,0.043178602284750865,0.07383696117161558
2025-07-18,0.05327848869988378,0.042945097472628355,0.04082724471845651,0.05399908032384962,0.08943825413524331
2025-07-21,0.027187729590852923,0.053228602706931506,0.0511532690942277,0.06730903866685646,0.08375998310133864
2025-07-22,0.0679629269104671,0.057740369371671534,0.05311143618031699,0.037210505730781794,0.026598715144889838
2025-07-23,0.09062843452066796,0.07407512277995743,0.06365046932966256,0.04735631444355378,0.045903507250989774
2025-07-24,0.08655579566324814,0.05161030143471742,0.0438221912038041,0.03704085791973074,0.01801521451363608
2025-07-25,0.0805315241662635,0.06072770559443826,0.05089736246915262,0.05869904746845743,0.06374785413745483
2025-07-28,0.06493344689574877,0.06955563509150696,0.07091520180596997,0.08202570647281467,0.10632143661531224
2025-07-29,0.05296829965373936,0.06204942026079308,0.07244547021664251,0.09282969803143114,0.1064153136161318
2025-07-30,0.04217002191362677,0.05677087274834173,0.06436828760452025,0.06197362761028807,0.08441364355205543
2025-07-31,0.07472969770171362,0.07939717996078512,0.07792317943000054,0.09197208529833162,0.1333574807362448
2025-08-01,0.09296064267847581,0.10473753386027511,0.07082786205380684,0.08248539846790923,0.11585070169522366
2025-08-04,0.11938329622423753,0.09094202707413496,0.08490510495684857,0.07937877395052106,0.10849417582623606
2025-08-05,0.10021629224078221,0.07726071385076351,0.05177037412853482,0.055450375610815825,0.06908446707756873
2025-08-06,0.05845180822614372,0.034832925140174234,0.03862096120960861,0.04802527714102837,0.0675950853699435
2025-08-07,0.05604256223603424,0.02467603169126875,0.023615029973295468,0.03476703897484456,0.03685170192505504
2025-08-08,0.08104546644206573,0.07432009581211084,0.046195341405302945,0.037418872092454335,0.0662905389884064
2025-08-11,0.05609868876413177,0.03326519067722542,0.049491494062075134,0.07249306676968008,0.09560194215973343
2025-08-12,0.03410130717071845,0.03768356917983221,0.0469133461602932,0.056879724303118585,0.08667953612111808
2025-08-13,0.012376875454275769,0.0277592185500465,0.045892665519609424,0.061030127866619724,0.07303834445534271
2025-08-14,0.04775998262383059,0.05472081337421514,0.07023018328790766,0.08490998324918862,0.12419965995173181
2025-08-15,0.028844230861473644,0.03623393392769842,0.053628339361785446,0.08381399101709197,0.09813896320226005
2025-08-18,0.021718256833477764,0.03786769914820161,0.04703085766980236,0.058472954888200354,0.07149020329079966
2025-08-19,0.020826822769495396,0.053240430201113485,0.0380671119579102,0.06266036639951165,0.08571509219171228
2025-08-20,0.027133060466292085,0.03206899784327979,0.03262900294612796,0.06313292871773053,0.07399082294799116
2025-08-21,0.005243157091673048,0.03193162815592851,0.01703613218972415,0.04306014897075763,0.07297623591778311
2025-08-22,0.017633487141602316,-3.0099441674398204e-05,0.014335227033071453,0.020121261372828523,0.038246827448058185
2025-08-25,-0.014563380516068527,-0.013364632875439798,0.0010027140481528385,0.01515335702967861,0.028175396320447497
2025-08-26,-0.015050344631617626,-0.036642992833540194,-0.005789843105768592,0.0013271399478974465,0.01694819204699708
2025-08-27,0.017507456010906478,0.010893542828960998,0.003549699282645431,0.03989634378817679,0.05840582202033232
2025-08-28,-0.022032444904753354,-0.0013445535181459685,0.0026525886974203745,0.025754792530490046,0.05883414255578583
2025-08-29,-0.03058821382279889,-0.004930504173335918,-0.009988499374272944,0.022937763648759872,0.03401631318936586
2025-09-01,-0.010934568858845223,-0.011869557221181912,-0.006186692362296921,0.02337231945916384,0.03797055589264609
2025-09-02,0.018086978996773962,0.014483137014434032,0.010010026280543075,0.02513214670538134,0.07910021595434169
2025-09-03,0.054140786368533395,0.03344279099369645,0.043090180750161924,0.05321079175234708,0.11179215081112591
2025-09-04,0.09945463800061953,0.06931246047680269,0.04808333391197583,0.03507533346699543,0.0734871265985536
2025-09-05,0.06207898742268691,0.03340768312382601,0.024898820885354923,0.014251735006245138,0.047852714585578125
2025-09-08,0.03405777320732282,0.012742374924958808,0.0042981088665918245,0.0035486446995609136,0.012821845888526409
2025-09-09,0.06991276856406747,0.02289719229418176,0.023864862572525763,0.015021676623855416,0.027362534274178976
2025-09-10,0.05260712790989812,0.026565903064981595,0.020341382012967292,0.011930256292058674,0.013617737460217072
2025-09-11,-0.013282902645991253,-0.012134368782951446,-0.0203740566997887,0.0005708123390737131,-0.027325698889845807
2025-09-12,-0.020901152047613926,0.003277591044742275,-0.010237075491076622,0.004855904641244687,-0.01819674164335085
2025-09-15,-0.0020348584503675294,0.00567091349770841,0.009676792701917363,0.02371056389506234,-0.011040784820841136
2025-09-16,0.003848276944822678,0.0028211017729861208,0.0008771619800557492,-0.003178105583859124,-0.022947607372699796
2025-09-17,-0.001446726362829451,0.0009770506067570419,0.009864542131318299,-0.008179412097339168,-0.026287656476898725
2025-09-18,0.02076429904227999,0.019359075479638027,0.019908397137899277,0.010240397088448238,-0.009638278943493277
2025-09-19,0.035015597497722664,0.021825936595284225,0.020047504673788883,0.0202948677282288,0.020201800501675242
2025-09-22,0.03125521557770964,0.025521356666644027,0.01656841367739262,0.026254045640633144,0.007795971307049045
2025-09-23,0.04829493854997027,0.05340449688488795,0.048879132178938106,0.03433560174690502,0.03276127869315524
2025-09-24,0.02467201775610983,0.024732605743078267,0.035190727639175,0.018438360635597905,-0.003856530185345392
2025-09-25,0.02720955572619291,0.022590221669679104,0.03137743759725847,0.03192695291740364,-0.0022395302253901865
2025-09-26,0.026202272918842938,0.04177652880390677,0.04756031464074524,0.04218182036068145,0.023757657022272817
2025-09-29,0.0011262654067658276,0.01914092521619241,0.026250056623652013,0.02339237822600953,0.009975378454104863
2025-09-30,0.017944673714681347,0.021124303239833407,0.02009858258104865,0.004433133260689699,0.01040333265506214
2025-10-09,0.002206941944995569,0.011755834873579831,0.009865942472568766,0.010925651362173796,0.0024499836061030204
2025-10-10,-0.02138680229552688,0.000510323631585724,0.02872934125105791,0.01665719229580815,0.047631566642818826
2025-10-13,0.005979173987466912,0.029587428126941494,0.04273448137975999,0.03474557326758207,0.02522062302619449
2025-10-14,0.01636592407468381,0.03379659963947957,0.04453193652927991,0.03824272302598505,0.05030716515117089
2025-10-15,-0.013492682889323801,0.021372431113004773,0.03079701483255644,0.031597544229062725,0.025456455523845734
2025-10-16,0.016276214554062224,0.042381536408978716,0.04484503525887364,0.04688665422324517,0.045950478136260686
2025-10-17,0.03516727408775073,0.054319573264637495,0.0594626392567755,0.0583195286437023,0.0673751079911724
2025-10-20,0.034379273061219566,0.04525177564722043,0.05400477908857954,0.04317751125930231,0.06545174309314172
2025-10-21,0.018250525038355097,0.016317621516558894,0.02681266166299549,0.016817942073058378,0.026973818845193134
2025-10-22,0.02477125802330072,0.01924592659537422,0.009065526887120416,0.01712233205755752,0.021054090378345276
2025-10-23,0.010018802505881544,-0.014976864699720538,0.0013018530017161075,0.01688364969685642,0.025471237876344546
2025-10-24,-0.016337313798943345,-0.01718910735320807,-0.02740700263949988,-0.03684400322779422,-0.053014915723158765
2025-10-27,-0.021806581660233512,-0.01286037890976374,-0.02633748806906736,-0.03810511269897118,-0.06322438851360887
2025-10-28,-0.012304661452377543,-0.010585485770032339,-0.016035073871097833,-0.021762197123440324,-0.04132228932961933
2025-10-29,-0.004790332154180971,-0.009866922387523196,-0.028583439942114083,-0.0534588500734339,-0.06439745090064085
2025-10-30,-0.0010632692824002145,-0.014151578372150104,-0.02280619247123756,-0.03603721914463154,-0.05290293325000673
2025-10-31,-0.023703791127552627,-0.02208418800982676,-0.024688083514121693,-0.014430488324521732,-0.0029003278674992906
2025-11-03,-0.015187037300978274,-0.023591365981778665,-0.017727868791879174,-0.013602642642902877,-0.0069610184885380835
2025-11-04,-0.012445897162500604,-0.02241344794989293,-0.009135969884895703,-0.009430020154153564,-0.0060148764273345815
2025-11-05,-0.02200939805862343,-0.036188013345937034,-0.02404048108945723,-0.005297930266939258,-0.023371789365283138
2025-11-06,-0.033494264443932345,-0.03687274826612206,-0.029092921916607933,-0.023063977983098657,-0.0367529844294898
2025-11-07,-0.02301853067098841,-0.016342283998825653,-0.021430630898765065,-0.011930928876692094,-0.03943239366604176
2025-11-10,-0.01830496328871153,-0.015522826904237445,-0.026308092097508985,-0.031625160463829516,-0.03610335105073671
2025-11-11,0.00027367223727346523,-0.027171157647615404,-0.039011696422363296,-0.04509430507517883,-0.05569991571366711
2025-11-12,0.005465765606741102,-0.01946803289090149,-0.034564271354412666,-0.03198345800532358,-0.036082696872781574
2025-11-13,-0.018118526806891085,-0.041579980613818075,-0.052754046153500184,-0.06028447796964861,-0.0659751741933663
2025-11-14,0.014292334393201912,-0.021009558395580014,-0.04793412937974506,-0.05250720087432392,-0.06657981241147377
2025-11-17,0.0055189048459168295,-0.024326983725076985,-0.036573090949748914,-0.05509945392109529,-0.07764027932074473
2025-11-18,-0.024916144242918416,-0.022108883433583734,-0.03550410486298161,-0.04082191725873553,-0.0718389113614971
2025-11-19,-0.0002929648984552723,-0.01610728417779043,-0.02164989122859755,-0.017556811935439218,-0.051867257742903884
2025-11-20,-0.012187580695085057,-0.012518079871722916,-0.01437878845378722,-0.012096304854647029,-0.0320176212525531
2025-11-21,0.03068179355023706,0.04792285169957288,0.027867653208863755,0.02855319171988605,0.008156987425942716
2025-11-24,0.03776862743228028,0.04256771233728738,0.03185971626793338,0.028442348913137173,0.004879999765186373
2025-11-25,0.02426265980863845,0.012513425970467399,0.009415177142018656,0.015535048097922607,0.01043442402067312
2025-11-26,0.030901577758095593,0.029437061540805776,0.016540061518866063,0.025897379368645133,0.021554264568744437
2025-11-27,0.036525511317495894,0.036213327977113324,0.02204063706320296,0.03454653015288268,0.03191019946301286
2025-11-28,0.0074934997096165025,0.018186286783543882,0.021917554544178236,0.02936349460160414,0.059599991415159384
2025-12-01,-0.007296932780870238,0.0020570865230822768,0.006359565309453074,0.017502150236369668,0.048380212281303236
2025-12-02,0.005252462482297662,0.009324742397086814,0.015866120950666498,0.01618857058971156,0.04532046158115473
2025-12-03,0.029754056779385543,0.019284696960597737,0.022969601223790156,0.012536896226625262,0.040154857442019166
