date,0,1,2,3,4
2016-01-15,-0.02313865761140002,0.020557723431570966,0.040353124468103706,0.027393709376952003,0.04543292688896939
2016-01-18,-0.0051566424752649154,0.022999526374748686,0.04418277328729949,0.0388782846829325,0.052771804001351945
2016-01-19,-0.043355826386454285,-0.02258400541732225,-0.005324664261855877,-0.005932429939696755,0.009361255293770571
2016-01-20,-0.017389248317602517,-0.0025314402771042365,0.01273901352988345,0.005627378704989808,0.02301690153459542
2016-01-21,-0.056236040171599604,-0.05010040034558703,-0.031869870928238994,-0.027911184916237446,-0.014555670045055433
2016-01-22,-0.052874149808093115,-0.050863952490332806,-0.0466794526546527,-0.04740931192511171,-0.03751672669409585
2016-01-25,-0.09027660574915027,-0.10377823833181105,-0.11266966694559609,-0.11252528412375833,-0.1160971497623106
2016-01-26,-0.010892977751069883,0.0015381439982203086,-0.013912972871029817,0.0006344976074255899,-0.022252961861337683
2016-01-27,0.04461522740470353,0.06957044205180506,0.06076924815380259,0.06274226313779036,0.0384817209451988
2016-01-28,0.07362845664396184,0.11618465324533599,0.11869276175393915,0.12753989506561514,0.11089560985860553
2016-01-29,0.04317064839440943,0.05665274612691759,0.04224657624857188,0.04873338057785804,0.01996132632264686
2016-02-01,0.06937810191776037,0.08451274914843869,0.08606696318939633,0.09318022876554616,0.07758777244904391
2016-02-02,0.04593433000318237,0.06090446447280795,0.0481623816686278,0.05380116218787246,0.03548764079983051
2016-02-03,0.03400599863951917,0.030182879223153016,0.01994302611416902,0.02207856338611672,-0.016807098703852975
2016-02-04,0.0016316004828981125,-0.006763481474884314,-0.020729796643576524,-0.025486226435113297,-0.05040789461304187
2016-02-05,0.011989911400226087,0.0033136555328658265,-0.014692492872439433,-0.019195968638604732,-0.045131809417798915
2016-02-15,0.03766543769886387,0.035746368552006816,0.02715772249424523,0.008334589900150215,-0.0009546188207240403
2016-02-16,0.004720792443888326,-0.009914729218267582,-0.023096202776192894,-0.04267277710281525,-0.06461516631094685
2016-02-17,-0.00823425239620573,-0.031421676930490264,-0.045637821385889246,-0.07180135713815078,-0.09083607656939705
2016-02-18,0.010942089350354456,-0.004392117653636806,-0.02191212901266022,-0.03198997268530481,-0.049418975983088746
2016-02-19,0.029553638149679626,0.023506714554552298,0.013384466000390345,0.00435543013429768,-0.01507816419681492
2016-02-22,0.019198371308006768,0.019249032478162363,0.023250264189579324,0.0031031667867589038,-0.00540284544051836
2016-02-23,0.021764799381287118,0.021943844848906685,0.020814360153095915,0.008256475945780568,-0.009088220421242334
2016-02-24,0.015268262102636123,0.016778570848093022,0.021747571502768907,0.010365787827245829,0.0007268470885430598
2016-02-25,0.07658348053675265,0.08581348775751874,0.09554035601105633,0.08641509957526482,0.07850465717936052
2016-02-26,0.07039960427040723,0.08327933191480781,0.1041331982904513,0.08955392481057738,0.09170665186002479
2016-02-29,0.0988345568410041,0.1277835642584679,0.15416370146807892,0.15756193365752919,0.17920592427469487
2016-03-01,0.06707386918092337,0.08950117684652169,0.09447836178474087,0.1031365126519708,0.12240129429960482
2016-03-02,0.055466726897694114,0.06464646558251516,0.07372142162676286,0.08294643343435491,0.10287523141570586
2016-03-03,0.055259144836088334,0.06743769362683077,0.06676379611396648,0.08294538144024967,0.1034381522660314
2016-03-04,0.056564275070444175,0.08018370584351116,0.0917228680508351,0.11368159888585723,0.153661844060632
2016-03-07,0.059931543193607634,0.07941781688736783,0.09098352109353414,0.11849254874531297,0.16190222024316067
2016-03-08,0.06413685293229106,0.09029035924270318,0.0986409335119248,0.10944834830809481,0.14330275185466662
2016-03-09,0.0699995765274965,0.10396300125334523,0.11478066174504067,0.1281151873009191,0.14764020220192703
2016-03-10,0.07034355575592739,0.12151225335895532,0.11977064661140646,0.14603580523937712,0.1465412344297683
2016-03-11,0.0920958209216767,0.14822354478668096,0.15050963260781797,0.17786372826123212,0.1727490705623112
2016-03-14,0.06581275533635304,0.10095325513340103,0.1065358899523325,0.11331835564390168,0.11734042803177454
2016-03-15,0.08011087746318057,0.12458885012019348,0.13153091234332717,0.14486800043781406,0.14700471756593725
2016-03-16,0.09197378497236776,0.1446762598078294,0.15733061225931624,0.16696891643335465,0.17538690628976672
2016-03-17,0.06935724890993353,0.10978890556786786,0.11489647459556344,0.13172684357926764,0.11676994006765534
2016-03-18,0.039339405456253855,0.05448289007892981,0.0634185664952654,0.05825316517673507,0.053152402850859044
2016-03-21,0.0233485584060421,0.034210471581054204,0.032880436242096744,0.03179613198609969,0.022236412871854294
2016-03-22,-0.001615845607437917,0.003312150883925175,-0.007718426812490124,-0.018093782771896633,-0.030970746744477536
2016-03-23,-0.010449434139729387,-0.009937684550433522,-0.010137220342504054,-0.03562432973316618,-0.06566283884330237
2016-03-24,0.008722722425196828,0.017084142916894637,0.009593818324364107,-0.011360358004458214,-0.0401094781899214
2016-03-25,-0.0011000700452853257,-0.0004173461172568075,0.0030323845375923807,-0.03726395530009289,-0.0487406000894041
2016-03-28,0.0011967994151469133,0.022799380166914875,0.011811768529558368,-0.013405004867473133,-0.020689370158659827
2016-03-29,0.011739106719035912,0.03282916051766681,0.02371614317169155,0.007359492777404375,-0.00896842874658345
2016-03-30,-0.008697361530480327,-0.011810409689139977,-0.010105372339734669,-0.04015166442331538,-0.05699011304281073
2016-03-31,-0.007483942805251496,-0.01626730327721752,-0.013991567637182536,-0.03802555266824414,-0.06720540521723543
2016-04-01,0.012982938165493962,0.01763716089994839,0.01831647973559662,-0.013889502101148705,-0.01749405792907557
2016-04-05,-0.0005345292666517995,-0.012654744504366449,-0.010531977258985244,-0.04183701053585465,-0.05078513816934036
2016-04-06,0.0007182351206343792,-0.012560999391809748,-0.00954113766258325,-0.03758815668168614,-0.0456412039674893
2016-04-07,-0.019584506721431076,-0.03191733633662028,-0.036652539495586736,-0.060145495076285894,-0.08109107222373639
2016-04-08,-0.03593309275700965,-0.055217943477715435,-0.06853186365967469,-0.09430877810250146,-0.11002639248473248
2016-04-11,-0.044099514964945956,-0.08467431605702867,-0.09276303341942777,-0.11711757486145366,-0.13392380792486594
2016-04-12,-0.034823229313910055,-0.07586538672363025,-0.09083890972570088,-0.11008258814284128,-0.1412868330083162
2016-04-13,-0.0512538934096977,-0.08970452579990107,-0.10581795205988957,-0.12330208574270429,-0.16060534810114033
2016-04-14,-0.061824306451846535,-0.10241850772596728,-0.11759457515200622,-0.1363299607410029,-0.1734538891167559
2016-04-15,-0.053603958501279435,-0.09004922459195737,-0.10610410343029111,-0.12501521515559216,-0.14757089845132118
2016-04-18,-0.050742557316413646,-0.0788007497353817,-0.10217337603722368,-0.1077816331720326,-0.1328803156599011
2016-04-19,-0.06893160766017493,-0.10702060304798192,-0.1273465075611064,-0.1363117572412072,-0.1660918022702703
2016-04-20,-0.0434950144560016,-0.07046612984951246,-0.07851854800265172,-0.08652712368090333,-0.11302386343822489
2016-04-21,-0.03392281374638798,-0.0564314005490037,-0.06547001208273646,-0.06876933068377514,-0.08598304031749208
2016-04-22,-0.03148688976092093,-0.057992517866306,-0.059764990211944015,-0.06272670220293154,-0.07330893779762265
2016-04-25,-0.042464591831286556,-0.06055516710040227,-0.060082373772702515,-0.07110654701947015,-0.0808661208672107
2016-04-26,-0.049273706173779755,-0.07939597976962551,-0.06534516911861929,-0.08888675097007728,-0.1027098922035908
2016-04-27,-0.05109868433472774,-0.06959435679205872,-0.05970656000366425,-0.08171295334166047,-0.0788910053915705
2016-04-28,-0.0510115555966113,-0.06183438347979441,-0.05682468300780453,-0.07932624220292982,-0.08574914974182277
2016-04-29,-0.05027643106757504,-0.0753889642222947,-0.06627366882899409,-0.08198009103464797,-0.08876364259067017
2016-05-03,-0.044066705962724474,-0.0627661333730953,-0.06685131518186331,-0.06640345549070849,-0.07578225940791122
2016-05-04,-0.04376026399408736,-0.06231471433630896,-0.07360930900361325,-0.05693562377563057,-0.06086977369725952
2016-05-05,-0.04476863705817117,-0.0637294871226429,-0.06820862091379867,-0.05623282197744908,-0.05997699315036123
2016-05-06,-0.0128494361455723,-0.019127391393148886,-0.02884820382296357,-0.0036398771009645606,-0.010213138118779759
2016-05-09,0.013401249824992861,0.006011390995282289,0.019447734232395153,0.044468376805146204,0.052530372137901384
2016-05-10,0.0032434885361951266,0.006639549233694268,0.02176268616866245,0.04175475566477015,0.06402773989734582
2016-05-11,-0.006333208843230758,0.005332906719225822,0.019268811163078353,0.041525007701541085,0.07900656651437463
2016-05-12,-0.030642131621206208,-0.036051925898706635,-0.027171217088677455,-0.01311075064636062,0.009927908927296232
2016-05-13,-0.02149451842856817,-0.022367899154666707,-0.023275889884541563,-0.008369051630182058,0.016219055533517282
2016-05-16,-0.01457757471416312,-0.004004259786747761,-0.01895146156326751,0.021615030339581384,0.028236690252874466
2016-05-17,-0.018906828609443746,-0.008553564513648172,-0.01764493748330305,0.018441334291850166,0.045952622125118886
2016-05-18,0.0015525220664375902,0.01623829967305788,0.03135007686736216,0.06091179759195772,0.07402776812714418
2016-05-19,0.00602245471019327,0.01589725546519424,0.02407594258765878,0.0624251091363704,0.06895370324503708
2016-05-20,-0.003201212311445809,0.0027808654944182494,0.006857681985849434,0.027145156772351978,0.04207883848947629
2016-05-23,-0.002009902311940841,0.004744442628183326,0.011065789852786667,0.029498860878249822,0.043529750630587775
2016-05-24,0.002326101782902554,0.01362933270228474,0.013562444875085686,0.037314868620244364,0.048964810480477544
2016-05-25,-0.008812616463731965,0.00518232962393504,0.0028274964801413647,0.03187864749372822,0.04430033250424641
2016-05-26,0.007246661145102021,0.01858007221245212,0.020466614229087837,0.052305624775009385,0.0633002559547988
2016-05-27,0.011551264082613772,0.03049856616117227,0.032023335687330186,0.06598935631008795,0.07869236541296144
2016-05-30,0.015003574250419394,0.0415587021218072,0.035266411839305296,0.07465152106236775,0.09305971176173254
2016-05-31,-0.017967683292927347,-0.0016691433718323872,0.014892643859121393,0.015848339359007715,0.047735986076613376
2016-06-01,-0.011386123789210759,-0.005386712854333373,0.01217776174364622,0.011008110225316415,0.02728956229741019
2016-06-02,-2.200687736102258e-05,0.01558479730182549,0.03188944810517602,0.020041873516448507,0.03490757515186793
2016-06-03,0.004639920171985454,0.01966539286153669,0.03348688321589765,0.02350846581188683,0.03501230309350432
2016-06-06,0.01208890122546513,0.037752898327085636,0.026407922626011167,0.025912102047723637,0.028693199634794803
2016-06-07,0.018999045015134008,0.03208076034384887,0.027455770371060464,0.03466790935059306,0.033838723404455054
2016-06-08,0.01584081336117612,0.03549440483789953,0.021529784886332642,0.03523105403444146,0.03090702483292752
2016-06-13,0.05154628626871142,0.07410710123034381,0.08143577746515498,0.10994425335041243,0.08827770070646848
2016-06-14,0.07179901748573939,0.09257511895369752,0.09904187099560965,0.11532711931326542,0.09499179002189632
2016-06-15,0.062163929671212925,0.08083613503552092,0.08317098342822503,0.08924453727822407,0.045133004773440094
2016-06-16,0.07016008719409571,0.09263733437429403,0.08565886801580884,0.09361278891596865,0.039924596884148976
2016-06-17,0.06269530330586635,0.0870317183324515,0.0664442162646774,0.07749004029806647,0.043313680719134356
2016-06-20,0.0607039645595933,0.08476003776351645,0.053915881425012184,0.0751062446239548,0.025442579342859796
2016-06-21,0.060844258477012726,0.08437561210287294,0.0686203370628272,0.08869825158561677,0.05675492325605004
2016-06-22,0.051157699536912106,0.06558035822816435,0.054728148004515476,0.0627918508131496,0.038556517182298584
2016-06-23,0.06277648403477347,0.07715852853616403,0.06571677167504975,0.0662639711935661,0.050822735360335755
2016-06-24,0.07086953250442132,0.07654288465824671,0.07363868591557035,0.0745208157714344,0.051971704823812324
2016-06-27,0.054043033485293906,0.06850499003366342,0.052732509859036734,0.048407893934040304,0.021837439242838742
2016-06-28,0.06124396886645795,0.06777834191772096,0.0634222305977738,0.04280362459636549,0.029020357281217952
2016-06-29,0.03504714182558774,0.03121219599240975,0.01879711740282499,-0.005917734782957813,-0.02777625379472958
2016-06-30,0.04132994312254179,0.04118993658604963,0.024632296700664188,-0.018217223166156378,-0.02006151020909835
2016-07-01,0.03723418882384237,0.031535121653457926,0.01836146693557151,-0.01763578690581184,-0.030088111831610816
2016-07-04,0.006905885165341919,-0.005544975682973628,-0.020220479760035236,-0.054257474830592636,-0.06463399635322514
2016-07-05,0.00438134641901016,0.0018067390002198802,-0.014211321641693786,-0.05099891583866549,-0.06328213504120155
2016-07-06,0.012544514525309011,-0.0006243948785412031,-0.017671430356133007,-0.049554890247666926,-0.0642521406888296
2016-07-07,0.010732616827849465,0.0028859951143503054,-0.012288929798378057,-0.040609793215403235,-0.06638897735375317
2016-07-08,0.018888898902986857,0.0020981915656163104,-0.017542592184044282,-0.03855094235041378,-0.07049121735628577
2016-07-11,0.024487149813721392,0.015279643647129084,0.003817327418455433,-0.029286174070564518,-0.05897486338004403
2016-07-12,0.012477609961885123,-0.001248793338002332,-0.008978582736893241,-0.03224624167597158,-0.05326523136743072
2016-07-13,-0.0013458802824399033,-0.015667329203793743,-0.030463679677110864,-0.032970568522264564,-0.055627066684513095
2016-07-14,-0.01445204350315425,-0.030131560510339408,-0.03746767343979408,-0.05032756995538137,-0.07030018219227786
2016-07-15,0.006618368190553468,-0.014339624309113412,-0.02381037284113805,-0.034912381570576634,-0.05905839267195393
2016-07-18,0.032809088927655015,0.015298501859016277,0.005031140176248478,-0.005592849075986957,-0.02771456417600488
2016-07-19,0.029869302829718985,0.019786112284595085,0.0071208992154176915,0.003567286866924858,-0.024580794982693277
2016-07-20,0.034302865288829976,0.018122046717907975,0.014635120818831964,0.002791000387622812,-0.020047968857882806
2016-07-21,0.031970398340757884,0.018494133669174313,0.013391070957988218,-0.005962902545995089,-0.024323951047664386
2016-07-22,0.04350270694522767,0.03513525079785903,0.01587947221013492,0.005718056548289169,-0.010697114649100479
2016-07-25,0.029008190645848635,0.01331093659697177,0.004525536911513862,-0.007107808575954164,-0.020466760618769134
2016-07-26,0.020321778557323478,0.00015433036118977196,-0.00745533578394033,-0.019510461050882,-0.03168072343931251
2016-07-27,0.0525703703239106,0.039716583620596504,0.031023607618997587,0.020024856217741756,0.022158623834614512
2016-07-28,0.03992643099611083,0.031255043422762085,0.02221896038099152,0.012599094065677182,0.013313726002040761
2016-07-29,0.04433989168420676,0.0444522564637034,0.031618265772188965,0.02104647966149137,0.03221146409135649
2016-08-01,0.062434236292088115,0.061273550868309955,0.050194328028101344,0.04392878996868902,0.044907752936749076
2016-08-02,0.055293062179322366,0.04769388422141363,0.0435785923753481,0.033283109100798534,0.03269269763936893
2016-08-03,0.05363612438547145,0.04045763235817322,0.03974634464381759,0.03250231104646634,0.028216473080017485
2016-08-04,0.0411003957943991,0.029503279004254528,0.021463831120664075,0.021696080886651956,0.010956164363805353
2016-08-05,0.04339803500779699,0.03036907645685445,0.025284154830370786,0.02205342905789329,0.013633221089490779
2016-08-08,0.032628401352094744,0.02534960775710544,0.011145751681222501,0.015962567832265226,0.009908651092801254
2016-08-09,0.032997513877942156,0.030827372999032956,0.02188999378026966,0.016500550036658946,0.013460580217135695
2016-08-10,0.03687557989934692,0.03398824698901753,0.023744359039185675,0.019796086281023435,0.016599266044192755
2016-08-11,0.042032711117891856,0.05374487570236868,0.03906558146292101,0.042836993548138545,0.03870581178748472
2016-08-12,0.02612077311096318,0.029938962758671195,0.018792076347188737,0.01902594785373779,0.01719335211530223
2016-08-15,-0.015068890907814339,-0.0178973366044143,-0.03231552951509375,-0.03878469300891881,-0.04305806180981354
2016-08-16,-0.015573163134279897,-0.010353037381926502,-0.02983522387589593,-0.04065458447253168,-0.04826868161269763
2016-08-17,-0.023139012575088748,-0.018524982127592703,-0.03704185636710355,-0.050679926443399595,-0.04865744206340512
2016-08-18,-0.010578754735559215,-0.009666914415541515,-0.03083788812439705,-0.03864791675022733,-0.03906417905025545
2016-08-19,-0.01428111451728349,-0.010155004488549838,-0.03085058461854622,-0.04117642657407318,-0.04169174031839387
2016-08-22,-0.006761409971132317,-0.00047200771232681107,-0.014414276702114207,-0.02322611641155977,-0.025735018059518684
2016-08-23,-0.008142873766700195,0.0038396291354006106,-0.011246618479998019,-0.011209609030341681,-0.01870870283312772
2016-08-24,-0.00264523938543042,-0.004288900567728403,-0.018161500273364474,-0.02383095009198176,-0.01912607644016873
2016-08-25,-0.012883898295914532,-0.023048396107993856,-0.024345101188941717,-0.03764539030364585,-0.0402802241117467
2016-08-26,-0.011572779973175277,-0.018029779620724384,-0.023786342008731046,-0.026904288374203448,-0.04052769278383796
2016-08-29,-0.015413393338325894,-0.018894523098894236,-0.028438903591890344,-0.03432131231638062,-0.04351558530284445
2016-08-30,-0.01217135389539174,-0.013749878407953919,-0.029779432585026626,-0.02495772664866589,-0.040711112169632614
2016-08-31,-0.012140078332131656,-0.008098632150495454,-0.02582089879629158,-0.017315839198041232,-0.04281038004367546
2016-09-01,0.009222094471151169,0.017692239309970652,-0.0006412205396008627,0.006868293189295294,-0.009573545959076248
2016-09-02,0.01300047760752136,0.02354756873687819,0.010016688669644565,0.017734285669246178,-0.0018115725794853115
2016-09-05,0.007541098912790226,0.018058285122837303,0.006515829298174144,0.01590670785396676,-0.010847514483229702
2016-09-06,-0.0004385262607585893,0.007929417196001761,-0.008887464015678524,0.0004043052367401614,-0.024461137858328607
2016-09-07,-0.0006352293801316387,0.004006604080092273,-0.004959069715907484,0.000641704373318265,-0.02509737893182897
2016-09-08,-0.009253989789506877,-0.012840413156592454,-0.01227221113941495,-0.011140733421760762,-0.03251141691147773
2016-09-09,0.010748411136376704,0.005615963040167832,0.013201104627544539,0.01055517060504304,-0.003090675275911235
2016-09-12,0.028030384394101132,0.03922321116753177,0.03721797291055554,0.04180923410447976,0.03055599215462271
2016-09-13,0.025492766083657907,0.03435215390877109,0.0325495192238222,0.039249006515174,0.02387534441612256
2016-09-14,0.03124162211429549,0.036643845295502186,0.03872646113715678,0.034243844501642785,0.023707137367277805
2016-09-19,0.032641818045379425,0.03506540750948088,0.04245170503525371,0.03568431413814488,0.01954191326743462
2016-09-20,0.03456040325922872,0.042401556361906484,0.04628809618820603,0.03877654966614645,0.020040542708147764
2016-09-21,0.02804216159548777,0.035320336391404035,0.043380871628501294,0.02648672884593223,0.013230357627824573
2016-09-22,0.022512791301250338,0.029301045364545225,0.03197737652113538,0.025083473706609585,0.002275633732139761
2016-09-23,0.02079869650006973,0.027225839699465425,0.025015063144815733,0.012958255578556963,-0.0020836420831320487
2016-09-26,0.03594947487335318,0.04632123877315698,0.04560964686528665,0.04306524651070183,0.025956502278140003
2016-09-27,0.0361422777260523,0.04871271385725207,0.045754975740954905,0.033716126467296166,0.037212290237356574
2016-09-28,0.031688360722254755,0.04544138766584987,0.03506971658470802,0.031757941374227806,0.030137999532703814
2016-09-29,0.03614761418898962,0.05019370385434204,0.038663199051211496,0.03127027132490045,0.035716972300878815
2016-09-30,0.03211658945641383,0.042261731830864194,0.030834787366560278,0.024706936284586867,0.032266654047412975
2016-10-10,0.02107298246031193,0.021449156187922105,0.018947266160742222,0.003288712184365014,0.014235162930348167
2016-10-11,0.022898534426629723,0.02020588666955281,0.0188451506121598,0.003809106470739725,0.010542330960576211
2016-10-12,0.018275746393566012,0.012366969707022703,0.009107625984073015,0.002895342870903907,-0.0022646160712902572
2016-10-13,0.02887708320788599,0.029799856472808126,0.02454930897854418,0.01296453347949953,0.010029266287686972
2016-10-14,0.040507112363285316,0.04065074829703051,0.03225162909627439,0.021910114840045392,0.01775285103487189
2016-10-17,0.0522192306098376,0.055417963306858865,0.04654412243091347,0.03733533513050496,0.028704887204500245
2016-10-18,0.036701955591390646,0.04163416508139499,0.03435955283982206,0.020311891562624574,0.014356493962155568
2016-10-19,0.04223699427292924,0.03951870555028023,0.03425483838204069,0.023372057769510637,0.013964132377641655
2016-10-20,0.04214998384098343,0.04008554388167146,0.03684962562070628,0.013653185127835246,0.009911432710365877
2016-10-21,0.040718022376635486,0.033607153190948306,0.033916925508925416,0.015205630410459166,0.007621568453971816
2016-10-24,0.028177030149498433,0.029460497114523847,0.026357918054159747,0.012490301041410325,0.00010173723496346443
2016-10-25,0.036307306501659496,0.030666302509603734,0.027706449122694522,0.02158355252354789,0.007972453112605964
2016-10-26,0.03548690866818938,0.026649712487877623,0.031027705754451827,0.02036510138672091,0.010838336121204706
2016-10-27,0.03740374930360055,0.031033011316757952,0.027755814977580003,0.020491158182826368,0.007943243613101161
2016-10-28,0.047009733452738525,0.047214359048372526,0.03517725650988854,0.03307376353624764,0.03018193558931523
2016-10-31,0.05027198818250631,0.044889392251308266,0.045447125086907424,0.026733692479954847,0.03797550061022732
2016-11-01,0.043718472308211596,0.031360098968334395,0.029799432423067783,0.013590960494094187,0.013184745262386392
2016-11-02,0.04525409363041697,0.034204450248989555,0.03280050073665184,0.01563213857145046,0.012583555548013681
2016-11-03,0.04409560554944856,0.03700363197075204,0.03560935476437632,0.016181064726318306,0.008215567661937087
2016-11-04,0.03519536927726894,0.02201380714431588,0.020172170536103002,0.004666675643424257,-0.0035151113590110136
2016-11-07,0.02508302286180697,0.010348954187455755,0.009328079264419007,-0.0022040921084674862,-0.012773695788551432
2016-11-08,0.017307510630752414,0.005915209713818604,0.006750650123031026,-0.00792130192127408,-0.017700070518049244
2016-11-09,0.03534130676861358,0.02585362568136287,0.026770929424271093,0.009140831344888904,-0.001803068235154898
2016-11-10,0.021626056867600725,0.003425967863430652,0.006566561988765701,-0.009447882377159213,-0.021879506419788298
2016-11-11,0.014138371429234069,-0.0002863807292256669,0.0005787591631218788,-0.024397111447247745,-0.03451871711269135
2016-11-14,-0.02376968640939164,-0.047191219523796284,-0.04505948065364483,-0.06821483419804251,-0.08698015711393402
2016-11-15,-0.02636115461549599,-0.04277286581221608,-0.047166663737164306,-0.06724651492679064,-0.07924689406745995
2016-11-16,-0.03245141086445074,-0.054916408028129984,-0.05319276406019786,-0.07117477457951153,-0.0828120885062226
2016-11-17,-0.03205552139104839,-0.049371821793881276,-0.04736791935495538,-0.06295105968287955,-0.07436371911216691
2016-11-18,-0.024568643199029367,-0.037287659867655615,-0.034837983253692986,-0.04935879688669763,-0.0601468225031035
2016-11-21,-0.028826094304486065,-0.04367454144135683,-0.03541936201650778,-0.05268614443035997,-0.06455222524174214
2016-11-22,-0.039545309775994034,-0.05046874834169491,-0.04927043000412276,-0.06798679577975619,-0.07846773249140543
2016-11-23,-0.03267310541011875,-0.04116490867120882,-0.037679960931752673,-0.05414920159622281,-0.06103830115471928
2016-11-24,-0.03334011547247961,-0.037253285396087084,-0.03582126347939831,-0.05175691464110796,-0.06444815673590186
2016-11-25,-0.04357500574614544,-0.049550819619216875,-0.050473125231359564,-0.06821990757024109,-0.0799722305163817
2016-11-28,-0.044324869235099824,-0.05323746162175921,-0.045488889141728106,-0.06262891076510854,-0.0814834332942707
2016-11-29,-0.04641401606050685,-0.053403487810580075,-0.04599032503953753,-0.0490735318687458,-0.06591833879790485
2016-11-30,-0.04963709228961247,-0.046755006011370906,-0.045118843062710405,-0.052441423711381066,-0.05540932350030702
2016-12-01,-0.055751235676147703,-0.05695065464717027,-0.06048022455431262,-0.05891410997739675,-0.06022569220084102
2016-12-02,-0.03726231269938285,-0.04368231718338329,-0.043918543910623595,-0.038834650083427125,-0.04840618330329515
2016-12-05,-0.03022693834093056,-0.028434272039368554,-0.02349137227831925,-0.021652128419552125,-0.030692303699920823
2016-12-06,-0.02389948409256561,-0.016899186279607285,-0.013575094061934941,-0.008263398969145621,-0.020818169817068386
2016-12-07,-0.03153990424316714,-0.024235700892992425,-0.021810632973125167,-0.020843151214325627,-0.03354369667733313
2016-12-08,-0.03270371624959358,-0.021775833929566446,-0.023141499560841283,-0.019348285332200954,-0.034877364596342116
2016-12-09,-0.02412618800069107,-0.015554631751721866,-0.017038970201266098,-0.0072435391380909885,-0.03179160486219909
2016-12-12,0.00970394749337561,0.020320205078160944,0.03436337273448803,0.023746925315704222,0.020614077157792756
2016-12-13,0.00869368408749497,0.0064455808543024,0.019336287263636145,0.009545625992301672,-0.0006898817620899451
2016-12-14,0.0014078130448219163,0.011196077201895041,0.013999347110196762,0.009590411714694377,-0.004039609331980667
2016-12-15,-0.0009443677106644762,-0.009460315685483976,0.0007751002835003095,-0.011489182218971893,-0.03222073724061125
2016-12-16,-0.01944778003040832,-0.036598173659481786,-0.03872280766339997,-0.04322927135454814,-0.06797985042022577
2016-12-19,-0.015264249301253073,-0.028077040601931225,-0.026713091538932598,-0.038592054341820385,-0.058147802043854335
2016-12-20,-0.010799640324295073,-0.025505129979284794,-0.0278539193599462,-0.03653042181495913,-0.05250694744911221
2016-12-21,-0.019703265283384883,-0.03684510669356557,-0.039096488967426575,-0.05121360285144403,-0.06799786309283104
2016-12-22,-0.011248592149502652,-0.020694095196319838,-0.027063291823088396,-0.03963625689978289,-0.05262782168587982
2016-12-23,0.0010658813856250498,-0.009082067308500651,-0.00403772594714786,-0.02344297847911868,-0.02354593999223438
2016-12-26,0.001172579934973659,-0.013163075378299685,-0.011561422443121016,-0.028064074150392974,-0.03178744278541424
2016-12-27,0.0050753855880206235,-0.010154231698308008,-0.008777792945098147,-0.022134527498988504,-0.0346366535079852
2016-12-28,0.010010236193491057,0.003696264240333237,-0.00014337891509953087,-0.013434801121047798,-0.023800822110478105
2016-12-29,0.010496147836192626,0.00044977557805902233,-0.0018931400306665628,-0.013638051268758047,-0.02667808879494501
2016-12-30,0.011760568940433395,0.0027744653015707604,0.0050212676606668965,-0.007633286440276704,-0.01418385350701792
2017-01-03,0.0034995164091728634,-0.01009952451258502,-0.007655219752281754,-0.012998229750279196,-0.022232635313927614
2017-01-04,5.4207464333862055e-05,-0.011708173921338234,-0.014610562413662318,-0.0156730672907204,-0.031136736594588578
2017-01-05,0.007741667435345236,-0.010373976128621848,-0.008031175093014374,-0.0077337864961213925,-0.025198760663673353
2017-01-06,0.016149171068433735,-0.0022996712666307193,-0.004510604752848721,0.0008498239240772673,-0.02087689292960403
2017-01-09,0.013685159883411006,-0.0017018051339662715,-0.0018137103991790414,0.00015058985306920218,-0.022669006105284863
2017-01-10,0.009110693810713761,-0.0016826517162931817,0.0013454542473563705,0.0020001315807198017,-0.005249315076702375
2017-01-11,0.011498804787587916,-0.0025063271619967607,-0.0012766356661535318,0.002618017831074768,-0.002426908849184213
2017-01-12,0.02567585461522074,0.016656295701130825,0.01170987083871117,0.027404319821885396,0.013349355008715898
2017-01-13,0.025822903635823527,0.02245802401141731,0.017974349382325335,0.027591728642268193,0.022851896228802186
2017-01-16,0.04828823723843867,0.06615989672376238,0.062291196416885276,0.07093375852822369,0.07228754864732836
2017-01-17,0.050980005645565894,0.07116146686793276,0.058855380890509644,0.0726068432856015,0.0651068868153693
2017-01-18,0.055325859984868136,0.07072060253121674,0.07011191662578642,0.07816577013754271,0.0757225261440345
2017-01-19,0.05428834638228134,0.07516754921122062,0.072248872272639,0.07988432199686225,0.08326136139705956
2017-01-20,0.043967923862441916,0.062160502064542524,0.06038060772021845,0.06878261552721043,0.06657616957207864
2017-01-23,0.03458929137905694,0.044139456192655135,0.04243088155769929,0.04848550028602334,0.04842192406742748
2017-01-24,0.03830388326852539,0.04743846344066867,0.04750375139275766,0.05623777335385186,0.06251190576614517
2017-01-25,0.036444896292382255,0.051538661403165695,0.04359313732703822,0.05605596432700502,0.06759104150132438
2017-01-26,0.027888300747182647,0.03880977448944248,0.031281357876014236,0.04513061785822168,0.051717237593537566
2017-02-03,0.030188979482612243,0.044794906322189146,0.0357166686554039,0.05350298132860342,0.05631538259263999
2017-02-06,0.029175869103856094,0.048252443574364146,0.04299487465373081,0.050192318134824346,0.05726823895380894
2017-02-07,0.03095261761597554,0.04965824959299705,0.047346334158303194,0.05423831814786194,0.05290060443578362
2017-02-08,0.02687336444968719,0.040566664050214564,0.0416039290641223,0.03637348477019463,0.037310777637417775
2017-02-09,0.01382319818798248,0.025691594029467534,0.024720120135163757,0.01798841853601433,0.02205419292700369
2017-02-10,0.01221815778978369,0.023353215951409382,0.02576944951177762,0.014942093909895931,0.023955443234269947
2017-02-13,0.014278694678966876,0.025284043080358174,0.025878007119865515,0.023202360392604187,0.02594971449305964
2017-02-14,0.011810695292495774,0.020926952934542758,0.025001539120873353,0.01995392303032267,0.0222252096393162
2017-02-15,0.018392303989296636,0.026336994117491273,0.03676901559291737,0.031010690015087803,0.03346270983582241
2017-02-16,0.01689187015886004,0.028451178703959128,0.03646703173212184,0.03943068216011681,0.030925747753240175
2017-02-17,0.015695142240118153,0.026449885996316876,0.03481311056562326,0.036492854544633024,0.03218424692996601
2017-02-20,0.0062588742356165196,0.021778215429064274,0.025570326640434602,0.024806199943180424,0.017243909332674758
2017-02-21,0.003841896207829253,0.018238231669344202,0.016237823726279087,0.020796789604529485,0.005193325890143628
2017-02-22,-0.0021035462359094872,0.008632138651910133,0.005616754237340826,0.014208960426574832,-0.006074803566903645
2017-02-23,-0.0009264660839220563,0.01013952426406688,0.009144877239533056,0.012686440435738607,0.00230864712346598
2017-02-24,0.001067450466485421,0.010504742181167374,0.019628511707754447,0.01478008118666105,0.005231271696133008
2017-02-27,0.0032393153024489444,0.014367933350657825,0.025761288432365907,0.013420559353240618,0.011060530272199767
2017-02-28,-0.002503990487592122,0.006657553703877118,0.018929835580558534,0.006400270438134092,0.0006520245078109626
2017-03-01,-0.005434660746269722,-0.0002971471931143954,0.006486723599540139,-0.0034430680612100076,-0.0004499806430404672
2017-03-02,-0.012822731160866139,-0.011230118291371943,-0.002422604459947031,-0.019136751482633906,-0.012178637863760056
2017-03-03,-0.008699530688124762,-0.009863660773083784,-0.0054281446774160635,-0.014879869467603992,-0.007746255385710933
2017-03-06,0.0010702403583620211,-0.004489614430651397,0.003594116231098196,-9.17388924575562e-05,0.011475143179668853
2017-03-07,0.004424988776930498,-0.007396735597673196,0.00530311574909647,0.0007766539113205692,0.020148267608343876
2017-03-08,0.005041013272922861,0.0024698045180400544,0.013766946588541289,0.008485881584984301,0.016553093320023537
2017-03-09,0.010031839691319005,0.005434599067694418,0.020452002368212277,0.014441515830770179,0.020065926976237443
2017-03-10,0.019407142474896933,0.014782519181384499,0.03259815393501999,0.025915819204618256,0.02017267628380264
2017-03-13,0.006918454590649173,0.007077864966601217,0.0048022727782966726,0.003678165339677316,0.008481476713611295
2017-03-14,0.013021799788574791,0.013236260679581589,0.01698776086020923,0.017661206785460324,0.007989512385112597
2017-03-15,0.0031862813131614495,-0.0009876515329787802,0.001922859597464115,0.009912312465588895,-0.014532293306368847
2017-03-16,-0.01228507284617314,-0.018251238632717375,-0.02091404070420731,-0.011540267451891786,-0.03767978235507192
2017-03-17,-0.014273912520624916,-0.01575312171685019,-0.021262839987780256,-0.0049371219343783464,-0.03635892447571598
2017-03-20,-0.028764747760911927,-0.028005950679394872,-0.031962375992620674,-0.025042762714148195,-0.05624271864157914
2017-03-21,-0.031095430173040315,-0.03188899870431001,-0.03983806263370685,-0.027459133839850585,-0.05429057877699523
2017-03-22,-0.025764506185936682,-0.028761660110121226,-0.038984342422581614,-0.03418427137713784,-0.05758558234515678
2017-03-23,-0.04291081978797156,-0.05517026925192483,-0.061099889645439096,-0.05880834586736079,-0.09715206641843795
2017-03-24,-0.05305210321330587,-0.059504405888999475,-0.058788612670304774,-0.060882129880244086,-0.09563768823547693
2017-03-27,-0.05343038556884665,-0.061804431060426435,-0.03773578650069488,-0.05724043521992523,-0.09425120288445457
2017-03-28,-0.05160129228788231,-0.058867451882087814,-0.032471539002734924,-0.05713080163014204,-0.08196915014171101
2017-03-29,-0.04958439783983372,-0.04942202983114933,-0.02551814565694625,-0.0527710080921577,-0.07707879838304935
2017-03-30,-0.036263558857550816,-0.028909948175511718,-0.01810594430674956,-0.026946602502946632,-0.06731508212320042
2017-03-31,-0.047773645455487526,-0.03947246575613326,-0.02291929930704747,-0.04132753519213572,-0.0673778967025127
2017-04-05,-0.06429254546469487,-0.06679741965892881,-0.06418695243864307,-0.07408482625650166,-0.06870800852383155
2017-04-06,-0.07066191238238385,-0.08255786289752085,-0.07543534115592679,-0.09224097933855543,-0.09635349479945385
2017-04-07,-0.07761616549295294,-0.09492477570985029,-0.09429710966562246,-0.10684593577651229,-0.12476243356624428
2017-04-10,-0.07240476065416757,-0.083960284994455,-0.08390765417376729,-0.09042422985454326,-0.12241976922807143
2017-04-11,-0.09220892542686157,-0.10092331209033627,-0.1091250146782976,-0.11827216085644221,-0.1546657016150763
2017-04-12,-0.0967634869544571,-0.1034417455862653,-0.10875556821241113,-0.12207325980200476,-0.14048561454456326
2017-04-13,-0.09562871240699802,-0.10650312823597313,-0.11874649604892516,-0.13175586550361496,-0.14901756942814973
2017-04-14,-0.07858564656454095,-0.0929867053012527,-0.1010364475372369,-0.11936990936788967,-0.13402549290905194
2017-04-17,-0.05940615450646623,-0.07204856816704387,-0.08318561511104415,-0.08836489401156829,-0.09223355374918182
2017-04-18,-0.04982012217977157,-0.0623140769575075,-0.07118946235871029,-0.08900919604228098,-0.07781286350730052
2017-04-19,-0.050050481725684985,-0.05585058983359833,-0.05917843876351371,-0.08306528384329886,-0.08061561817971152
2017-04-20,-0.04997037383192566,-0.05935755319624219,-0.06787193482640112,-0.07721191272568592,-0.06964400681871424
2017-04-21,-0.05940663402186307,-0.07160598376381731,-0.07392724056785777,-0.08396607047327287,-0.07792792593109144
2017-04-24,-0.053133240234720214,-0.0612054437231161,-0.06645026452985442,-0.0911161277818889,-0.0689369053981213
2017-04-25,-0.04927434793658457,-0.059402443805930905,-0.07177289358152311,-0.08953454275636345,-0.06284485188367099
2017-04-26,-0.033483614281453355,-0.05494199390408668,-0.064371481513425,-0.07499087421430173,-0.06254619247240856
2017-04-27,-0.03379661695242378,-0.06236805477564522,-0.07240778308327223,-0.07628342142675215,-0.071529199323131
2017-04-28,-0.03155336680569335,-0.0718155405430121,-0.06968159484082292,-0.08153613797680151,-0.0790260331327505
2017-05-02,-0.04001172985596209,-0.07659089013568024,-0.09491721994868577,-0.09127299283696115,-0.11098594665046872
2017-05-03,-0.03518812082384474,-0.07138208177902391,-0.08299878238986999,-0.08563960581883628,-0.0900563555936172
2017-05-04,-0.030857373992655264,-0.0683815732395855,-0.07381708443725504,-0.07351220783330625,-0.07913936984230595
2017-05-05,-0.025346323661720144,-0.04667714119302148,-0.055897291937761454,-0.055595775717795,-0.06350486289708766
2017-05-08,-0.009665813629871291,-0.02693977807069178,-0.0174466279034236,-0.014654171058146525,-0.009117573267928813
2017-05-09,-0.012215029992846231,-0.03168968561537011,-0.022938318827459118,-0.01996462789685272,-0.024613503366262664
2017-05-10,-0.00215935567028342,-0.012475585141478186,-0.01082787834138238,0.005667911776177295,0.004614334699943715
2017-05-11,-0.0037826343385111865,-0.006950215125927544,-0.021605282610612352,0.005082861690824347,-0.013635529094494312
2017-05-12,-0.004727761801646834,0.003038474430519296,-0.002408382344618101,0.020030338292495856,0.005597427662240529
2017-05-15,-0.011999053296713854,0.0019404163873882178,-0.011251938863382684,0.015157441306301781,-0.002377638533780979
2017-05-16,-0.020067612180002012,-0.0016325792759603502,-0.022662221938643562,5.7206607944114336e-06,-0.016572950646178187
2017-05-17,-0.018252639227942652,-0.020235533491103058,-0.017902967636647525,-0.004095612033059386,-0.0254814355465498
2017-05-18,-0.00883788358076948,-0.006283926854639567,0.002194230549394678,0.004938483822948716,-0.005776536536313671
2017-05-19,-0.0035025362639096494,-0.017089344534442098,0.0008355374373023627,0.005068695303237135,-0.0023511607870861507
2017-05-22,0.004570233339869906,-0.0014455681507096173,0.018946540635464693,0.02234824506271229,0.02142447101054784
2017-05-23,0.0009980813410198526,0.0252401733798609,0.021149887843572607,0.033865404172686873,0.029980929749881764
2017-05-24,0.008063043370122102,0.025835518008863453,0.01815106150434143,0.03048072555630727,0.017752948534903695
2017-05-25,0.014168567324466991,0.03184599678702886,0.0259342447173472,0.035316450443779235,0.016573280961847167
2017-05-26,0.012960978620711596,0.03841791121324592,0.03546327362965097,0.04633942635708053,0.016130777200974427
2017-05-31,0.010599248406959586,0.03035618223962185,0.032904570253478455,0.04076644684651184,0.012618501111029799
2017-06-01,0.01890438183250346,0.05789143242958648,0.053664523235585994,0.0751336930484056,0.054150372939910624
2017-06-02,0.018997654252176668,0.04912915410690625,0.05275117351120534,0.0681242315244113,0.03764899484788288
2017-06-05,0.02400484025234423,0.055732685460515616,0.046539332022606406,0.06693573206225503,0.041486655545552364
2017-06-06,0.019344053698796503,0.04211282250356156,0.0379570479022082,0.059777600100485696,0.03569981635493595
2017-06-07,0.01290724848178728,0.031722210728249135,0.030385760490483995,0.03757637869066853,0.02433979963549012
2017-06-08,0.010635186363251153,0.035413099467449645,0.03393783671784799,0.04060693947796244,0.02879849545001427
2017-06-09,0.01606205491956237,0.0335356954483947,0.04343683417528516,0.03952410567973124,0.03252504403170164
2017-06-12,0.02306119225933542,0.04170240811834788,0.05549311006276705,0.0585475820915957,0.04119980178184599
2017-06-13,0.012947658876886084,0.014854004585348232,0.02656357015184929,0.03641082810925379,0.010961940054836127
2017-06-14,0.012162837134803975,0.015321059242049732,0.0283959234567088,0.04024528835793847,0.01592235259318851
2017-06-15,0.011703721821854795,0.014927463452865771,0.026743208821114788,0.032271229357426066,-0.0029724345606713036
2017-06-16,0.018108571408468246,0.016645554736680775,0.026167228096265115,0.0282861121157578,-0.005333475581630734
2017-06-19,-0.01406419797814654,-0.02774271131138284,-0.02089618881213208,-0.01903129337391718,-0.06942339555773444
2017-06-20,-0.005752771806411995,-0.018534764446352856,-0.008843924711646425,-0.012429982704682764,-0.05256752152720494
2017-06-21,0.010691565498505523,-0.005054327262906793,0.003911280462178064,0.009296861962820575,-0.032161285244144945
2017-06-22,0.020159755322622614,0.01950229453185344,0.0190417642735862,0.028459464118168215,-0.006194678743034941
2017-06-23,0.02165220659274933,0.014483594634910089,0.025568669508631386,0.022736659455597767,-0.00611811788806628
2017-06-26,0.015793438138743284,0.013324830905194502,-0.0058449338299754764,0.018771495304407797,-0.014655196125946075
2017-06-27,0.007366803200354912,0.0045358235760401015,-0.0084355594047689,0.0001329934675840676,-0.004335861715906477
2017-06-28,0.013503239912506374,0.0005500352869830691,0.006631080036811354,0.003217488287983483,0.004460031227829228
2017-06-29,0.014646397952934286,0.0037722166753852617,0.008557000755408104,0.00301461391376163,0.0050286635082084025
2017-06-30,0.013597537079658542,0.006154054616428939,0.010429744217138218,0.0014443680091154067,0.01370234205564047
2017-07-03,0.01466468816918454,0.005119040989619127,0.018607539528933677,0.015096720038322752,0.017689556408414547
2017-07-04,0.01917663091141855,0.009217760697238817,0.014561780196220203,0.018978266149600857,0.030967711324851183
2017-07-05,0.010261518163752882,-0.007163355367050062,0.006200040449564288,0.0006376613161751383,0.013392855788391238
2017-07-06,0.011718128048316801,0.0005619384871447421,0.007574640521568552,-0.0053965790060664645,0.016870792523810664
2017-07-07,0.006858606094519247,-0.0092431859007757,0.0033130381765917936,-0.01183259591646851,0.002467157116283196
2017-07-10,0.004380184562985382,0.004772134539930468,0.01795655668773522,0.0006929478018246868,0.01767040072461796
2017-07-11,0.00892098997625852,0.011881941331501878,0.0246309525775059,0.02729280151185966,0.038201990652162655
2017-07-12,0.011757928444557605,0.021456643960812538,0.028784210926956686,0.040611654572222586,0.04062825726248568
2017-07-13,0.003515678819181465,0.003392001893719433,0.017757143938973454,0.02509426113329546,0.03784578918886559
2017-07-14,-0.012396987983206443,-0.008125112895684062,-0.0030179176167560466,0.0021826138579368764,0.013782465091805403
2017-07-17,0.026925212480480402,0.04446463256662224,0.06637959412858381,0.08564990989065024,0.07833559673770726
2017-07-18,0.02381897372659974,0.043400800609000284,0.05565706866112221,0.07371721893168956,0.06458569462531591
2017-07-19,0.013160162573431134,0.027439195784786968,0.040307694223941135,0.0543171408152744,0.037776140091227
2017-07-20,0.01588306573482704,0.03121262678576514,0.0422717465854073,0.060430452512859494,0.03905638176464066
2017-07-21,0.016076521295541945,0.0276232771378879,0.03555298131887138,0.05858534141432799,0.03392390024902804
2017-07-24,0.0162165504259196,0.02694992558825611,0.03840639761912439,0.05860322289212834,0.042883800141128296
2017-07-25,0.017753506871161964,0.02380809000613236,0.037422127522347644,0.05508244490985417,0.04199256145596258
2017-07-26,0.016121531686861788,0.02283452894524379,0.030925490262669494,0.05106431862094626,0.022715279766564046
2017-07-27,0.004522552696227324,0.005185269911186171,0.011003767824478802,0.028518532171525966,0.013400997485487474
2017-07-28,0.012240352100278365,0.01216936356728631,0.022956136626278708,0.039635114171960216,0.020157115888396047
2017-07-31,0.013739655512790074,0.01764777664655918,0.02798265598889199,0.03741006919867779,0.01317417957551193
2017-08-01,0.009034670730242549,0.012257380943609916,0.02528390434136383,0.03203655457944541,0.014307501195617769
2017-08-02,0.014980479481351004,0.024025715510066385,0.03745989301928555,0.05156030275811876,0.02701871380978366
2017-08-03,0.015325769053740662,0.026637164158576702,0.0378025614959058,0.047449352705287856,0.02726914213677697
2017-08-04,0.019904980227115822,0.02827588417498708,0.04608881602515899,0.0618554417977052,0.05741246612186787
2017-08-07,0.020172086384687007,0.02595233601359152,0.043795649929117726,0.05870858092099324,0.04691333405540332
2017-08-08,0.02052096035282983,0.02802199608401467,0.043791236087680395,0.050343466328103915,0.0478194433565965
2017-08-09,0.020133822017266854,0.030979083755835603,0.04595755362102083,0.05413757450407249,0.04638131157610689
2017-08-10,0.02259924394551933,0.033033713514571066,0.043942286239811376,0.057338566977768124,0.04684720407454223
2017-08-11,0.03658608928566338,0.0471694011956265,0.06021627913641524,0.08281906678859952,0.09427788527803672
2017-08-14,0.032909621588547405,0.03899167727130869,0.05302283003134208,0.05276963360244922,0.09028271390804954
2017-08-15,0.030716479917363114,0.03647376066087925,0.04512128151582892,0.05086562932505833,0.08641398973184904
2017-08-16,0.028344231346601,0.033344949377961966,0.040779510682364524,0.050418977591021034,0.10530580198846407
2017-08-17,0.022639785947428485,0.031239036273460714,0.03508363006140116,0.03278971943780384,0.0836348148656018
2017-08-18,0.0227250670073339,0.03125322211452047,0.03614675812890872,0.0337679753898479,0.06636832581323546
2017-08-21,0.021541270916845122,0.034997842566130984,0.029884006756522623,0.037775135382527004,0.06085874061705315
2017-08-22,0.02382239790312791,0.03817272862917914,0.03126919553649526,0.03689059264014839,0.058448432502882876
2017-08-23,0.03067467582764796,0.04058878116254858,0.0481394483917758,0.0568481261144751,0.09242773848228028
2017-08-24,0.03559534972402034,0.038123937307004405,0.043836482361619904,0.054480603767009306,0.08207886959164365
2017-08-25,0.023541249743511388,0.023926399791454014,0.028995650372593607,0.03690523102682584,0.05216949831065615
2017-08-28,0.004878497147890467,-7.501797505334029e-05,0.012156564336606284,0.011145691450486526,0.010345375569266277
2017-08-29,0.005125163531859249,0.004913723527112274,0.015896143175099405,0.019069764880250483,0.02636323078989199
2017-08-30,0.006944419874210997,0.009908479605019246,0.01645534778718639,0.022455498650095645,0.021632446337951357
2017-08-31,0.002602092189932792,0.008924137270071977,0.0183540055560834,0.013707737102146298,0.007152616557634168
2017-09-01,0.008532702709652304,0.015186278550776262,0.011977381196749454,0.017952848068623878,-0.008771471032943633
2017-09-04,0.015021609155889369,0.020318034831247018,0.020552472548534984,0.017541700456591536,0.0022308358308579814
2017-09-05,0.019740082930112923,0.03008546426958457,0.027261820395055134,0.02088817714841413,0.000883264856234097
2017-09-06,0.016909640531977986,0.03325038389496604,0.020952785329735355,0.011163661144560823,-0.020849873201090125
2017-09-07,0.01839541591667088,0.03321856085909776,0.026303973530347326,0.018635063531323902,-0.015448704208509254
2017-09-08,0.019797499936822734,0.033346738871443446,0.025794340414656773,0.016444826301839174,-0.0003348662050237463
2017-09-11,0.00021587262977247325,0.013481041836986351,0.011455141981894002,-0.009532212586908902,-0.03423011805452722
2017-09-12,0.0027166849500294427,0.019238046122164794,0.007271432180556633,-0.00854221898908917,-0.039589923594652854
2017-09-13,0.0006691093385084655,0.011201568133691843,-0.002354195412336868,-0.012081090439368088,-0.06325522906901855
2017-09-14,-0.007727454288717857,0.0008992610930345712,-0.010510201505770018,-0.02374321651882458,-0.06611862045842971
2017-09-15,-0.00023465974545155976,0.006108729337828464,0.0010740409115319936,-0.01011781916080508,-0.03389827633773943
2017-09-18,-0.0005927582757114042,0.006664706074572246,0.002822601539124707,-0.015859599843029346,-0.040868903288889716
2017-09-19,-0.002950411693425044,0.009992050723644001,0.0031789093125610787,-0.006871352791691973,-0.034496297277165466
2017-09-20,-0.0005371929801684821,0.007000735095881728,0.00526857812964701,-0.007165361920868525,-0.04702857110070682
2017-09-21,0.008581510546417457,0.015501424996141286,0.01194732500696322,0.010095302341956817,-0.02336096145151359
2017-09-22,0.009799243765494368,0.017696786310124626,0.011910746659911025,0.007990473854370201,-0.025781630689981835
2017-09-25,-0.001360267494016694,0.006833605570975976,0.008452691282819114,0.006752890650891613,-0.027482533465113416
2017-09-26,0.00023276181435022585,0.011899900687332795,0.013324701550602508,0.005885365461404075,-0.026098626020760907
2017-09-27,-0.0030691687280270034,0.006769071038768885,0.005980212884593003,0.0006712734344612017,-0.037833124295107
2017-09-28,-0.00588872141118,0.006096122061457559,0.0008809278027183456,-0.009654765957808635,-0.041427157473628684
2017-09-29,-0.0138110382934017,-0.005509355444089762,-0.015200816117870846,-0.02102635926307857,-0.05796248278273281
2017-10-09,-0.017821121607280915,-0.011241237661437281,-0.02043021067541123,-0.012170993131424085,-0.05534997151407448
2017-10-10,-0.017523557814407068,-0.0203453794997729,-0.016942905566524148,-0.015077053523432617,-0.03992995815925065
2017-10-11,-0.015100925581998943,-0.025975184286768368,-0.016627618096256257,-0.010117175043391739,-0.022795262171891758
2017-10-12,-0.012538512790190259,-0.01764123969440493,-0.014731153559396257,0.003355711409224436,-0.009161491957560925
2017-10-13,-0.016242638644411393,-0.02239643474030069,-0.015173279532173326,-0.002748248672759713,-0.005548480904171634
2017-10-16,-0.004440468663886209,-0.01141626242080724,0.008985763058398868,0.012884917167395706,0.01956673194164287
2017-10-17,-0.008885823253437829,-0.016751887233280326,0.0003909340327518592,0.002471017106430869,0.016529250479193663
2017-10-18,-0.015620166738845514,-0.014964961573394418,-0.004444970272737512,-0.0028578178233931604,0.011925416393920472
2017-10-19,-0.009227588608848397,-0.004308116347624384,0.00207451376446875,0.01165179051693224,0.02576448296625054
2017-10-20,-0.025108513499446705,-0.034083645956581005,-0.03855496122158326,-0.02458331647890452,-0.0337248485305562
2017-10-23,-0.026170348281595146,-0.041222428173212575,-0.03939064695591358,-0.017361051883364124,-0.02354019983274025
2017-10-24,-0.01977766501046352,-0.041628876730673316,-0.03045907221719507,-0.01290804971094059,-0.01659164155304466
2017-10-25,-0.02118641211749205,-0.04541584620263316,-0.038658140962226584,-0.01883113542479334,-0.025621792251921925
2017-10-26,-0.04181832128525985,-0.06956058950828532,-0.06692176757750566,-0.04839046858568597,-0.06254014889380932
2017-10-27,-0.037822406504783655,-0.0629284524013148,-0.058372265258516055,-0.04029090484879833,-0.05584376354958744
2017-10-30,-0.030176075061396485,-0.0461998286262694,-0.046084787309873435,-0.041346399068199285,-0.054418252752723925
2017-10-31,-0.028583667302336892,-0.03755950445097382,-0.0367703357630591,-0.03210128865636986,-0.04529570249262423
2017-11-01,-0.027114126210961393,-0.031551693599384915,-0.03315931553763431,-0.03404659615373869,-0.04095342698611573
2017-11-02,-0.026276953726158726,-0.03518241011529391,-0.02968557064864381,-0.03196989151102911,-0.041275507757856954
2017-11-03,-0.0201866862970358,-0.017864459645024873,-0.019762349713926798,-0.01709358530938776,-0.01944615779070965
2017-11-06,-0.026719689695391503,-0.03437516102417387,-0.034914696768326356,-0.039740691083383274,-0.04166121539633039
2017-11-07,-0.043575976289652284,-0.05674316891606166,-0.06457831517833208,-0.04827101303893584,-0.08002645459376569
2017-11-08,-0.04642744997921268,-0.05679947392486566,-0.05541028773031308,-0.05802267508138357,-0.0579833971663205
2017-11-09,-0.05045943478626343,-0.06310886600812797,-0.06492277431563968,-0.07063484733434612,-0.07377479849319091
2017-11-10,-0.046121079006924595,-0.05805094261992008,-0.05755830549450757,-0.06818368410831957,-0.06285003996222006
2017-11-13,-0.041432865990989505,-0.054508905315086724,-0.049464410728736585,-0.055815283410957435,-0.05297658526533438
2017-11-14,-0.04381024705790973,-0.05898237267367837,-0.0583143186834672,-0.0560008345062891,-0.0510881078758737
2017-11-15,-0.037685070842457855,-0.046726852955481436,-0.0444179836836158,-0.03785421392070828,-0.028447173166396802
2017-11-16,-0.040212686433442314,-0.040090009645702106,-0.045394639415337314,-0.035051446634314254,-0.035306237724901005
2017-11-17,-0.026474058622424256,-0.025554133831538428,-0.016643150428085535,-0.011605988125203963,-0.01238730752746377
2017-11-20,-0.025186750628987703,-0.028403429854893584,-0.021610198686482462,-0.022833093437519745,-0.04263768355626656
2017-11-21,-0.025487163600590987,-0.02230082230884745,-0.017117799002251303,-0.01776161731266241,-0.041362115057129854
2017-11-22,-0.032079580791469754,-0.03047002184954629,-0.03311198049531321,-0.023979585845161727,-0.04662203917483952
2017-11-23,-0.016881465764520577,-0.014026677061650228,-0.007987376275811768,0.01121807906290297,0.0004667333392794697
2017-11-24,-0.02077879684708665,-0.017068260804453474,-0.010721573926092185,0.012723848960729322,-0.005220954311473443
2017-11-27,-0.02089759062763539,-0.024603786837541754,-0.012218396059590788,0.013533264164593493,0.008467887581884858
2017-11-28,-0.019197692548184465,-0.027555246773849854,-0.012189349277395053,-0.0023930588472328707,-0.015550857499994476
2017-11-29,-0.02505567142376191,-0.03211001452170229,-0.019335046136171232,-0.010895436324136084,-0.03015450562064156
2017-11-30,-0.02189679456635338,-0.023667354414060225,-0.006147332668438151,0.0011831183871705382,-0.012536953119617755
2017-12-01,-0.02047979744383662,-0.022453476816976552,-0.007819846040937335,0.004501701910095066,-0.015929231186216756
2017-12-04,-0.005752741327779614,-0.0007916536894799879,0.013652934714449233,0.02115472067803281,0.006791005338568296
2017-12-05,0.013074640611058671,0.024812200488665222,0.04429783705674582,0.051309569518295656,0.05474781677014147
2017-12-06,0.01483193878295561,0.02599280140804008,0.0348897642250298,0.050868143183612304,0.04728104216746215
2017-12-07,0.022044372413226824,0.03056621873003531,0.039492644358487206,0.052273714800622144,0.05230463758039645
2017-12-08,0.02288703103842618,0.02926754759686621,0.033035052121631756,0.04532430669214107,0.0397554145265569
2017-12-11,0.018355354756681923,0.019335943304436862,0.02273980909409329,0.02603437379342265,0.022596343875703227
2017-12-12,0.024978242007434218,0.02343725988548095,0.024495155973627704,0.031154526920194606,0.026823294257309015
2017-12-13,0.022907415230555735,0.02082743051927388,0.028072521021271325,0.019183621700443396,0.018739617821257337
2017-12-14,0.020643546133967208,0.02155220294169907,0.021225367286463015,0.017512932327261668,0.0076150241581665725
2017-12-15,0.005743842755073073,0.008476610351218102,-0.0008806087900847164,-0.0017840462437125702,-0.0018750711670794285
2017-12-18,0.014317023961493,0.02240638654318976,0.008484457214016226,0.008516161124656352,0.01391236844889799
2017-12-19,0.01834589325896923,0.012508333331208443,0.0003455423054251779,0.001078510037366816,-0.007773997672106089
2017-12-20,0.027445898426748504,0.022898426765928077,0.013877548437978504,0.01603162946928753,0.0024492736627433334
2017-12-21,0.03310433259414065,0.02006270671887321,0.010701895183884163,0.00902472113235457,-0.014632476584156099
2017-12-22,0.03676160319520094,0.028999002295354286,0.025728475864573584,0.02255795143566686,0.0010996422085119016
2017-12-25,0.05001150441758625,0.04173821159429199,0.038989575695862616,0.033925894686492236,0.02110503360288485
2017-12-26,0.04667573419233641,0.04487967715699553,0.038974041119664425,0.02600386403829116,0.030597080353561793
2017-12-27,0.05220944445729168,0.04410261666176949,0.04270353702731713,0.03966508904662296,0.028363452380380332
2017-12-28,0.054719256142719275,0.04079901398962046,0.03714752444095037,0.033771074979370014,0.020932225560295847
2017-12-29,0.0361454920451577,0.026329753258991534,0.01902341229787424,0.0029259781302753782,0.0009795959083873289
2018-01-02,0.019247699154192423,0.006769542798282821,0.010869820663487661,-0.011633131068995953,-0.01740017725945218
2018-01-03,-0.0059203659763252085,-0.014496311764857866,-0.02308210320319605,-0.033049870228067116,-0.05236078468043974
2018-01-04,-0.03809093075151136,-0.05101785421995182,-0.059168122242319626,-0.07426025806927015,-0.08353701706155105
2018-01-05,-0.0468631482818082,-0.05817856379758054,-0.06793041573833822,-0.06006528509084828,-0.06973378044539638
2018-01-08,-0.050611377441331123,-0.06250312480029033,-0.07010126064628809,-0.06920872990603699,-0.07591479035609218
2018-01-09,-0.08017581563760003,-0.11204463104414229,-0.1076095171341839,-0.1194651716426839,-0.12843778120982302
2018-01-10,-0.07576754141087887,-0.10000644562691895,-0.10398013152936848,-0.11300065409294674,-0.1374453348994149
2018-01-11,-0.07794963823726898,-0.09446438481310868,-0.10623168932344097,-0.10997238595594355,-0.1219772404129547
2018-01-12,-0.10849702770093193,-0.1279904622158581,-0.13140116486564826,-0.1410095107502449,-0.15246881379064306
2018-01-15,-0.08345629070870147,-0.08681918055598578,-0.09474529535396643,-0.09545968164539827,-0.09838019917695554
2018-01-16,-0.08425083620160631,-0.09368684755901766,-0.08965174169740554,-0.1019391304883388,-0.09836411588233744
2018-01-17,-0.09246726694302715,-0.08642476854179891,-0.08952137190677396,-0.09105521742531182,-0.08871581200971665
2018-01-18,-0.08395458998766975,-0.07706900615097888,-0.07575922097093994,-0.06834051975876296,-0.06471938441278499
2018-01-19,-0.07940019801990858,-0.07728149719963975,-0.073879538681278,-0.06180070034964033,-0.057670127874845774
2018-01-22,-0.0733819495508276,-0.07054353252276498,-0.06186162753833031,-0.052981723738283366,-0.040656365332706085
2018-01-23,-0.07706445251893677,-0.07755936510820668,-0.05986422527361135,-0.056417659724485994,-0.05036499197503142
2018-01-24,-0.08413789801259641,-0.08382357896309224,-0.06717425111027266,-0.06336825177090255,-0.050037947339826416
2018-01-25,-0.07672999945999492,-0.076264304431548,-0.04973808769793515,-0.04931294093182524,-0.03677122157177898
2018-01-26,-0.07508364703797213,-0.07817087535731967,-0.05495958895901673,-0.055510147433884646,-0.04754625359124414
2018-01-29,-0.06630905758530457,-0.06089630159181929,-0.04061141986334057,-0.037703383171499995,-0.02991179940540944
2018-01-30,-0.05487586216980152,-0.04759952874606737,-0.0313230309941722,-0.022672691373336974,-0.005793403943098859
2018-01-31,-0.04492897939095516,-0.032046165439889446,-0.024042354877769408,-0.002083001461649387,-0.0029014632047925193
2018-02-01,-0.006503244415353986,0.009864239376489262,0.026053348350391674,0.03301387332277222,0.0392393531779295
2018-02-02,0.008453500671762077,0.025725963374031886,0.032793737212159044,0.05044463258966062,0.04745371925819094
2018-02-05,0.017435719024239665,0.0479916082787994,0.04181065035576379,0.06663742286546892,0.07553665086329817
2018-02-06,0.03868987987440485,0.07977998271945683,0.10273299329403748,0.13279305870118416,0.1359467699070366
2018-02-07,0.03073705233418364,0.07379598084460046,0.0911122257137876,0.11672719347858113,0.1275035344526127
2018-02-08,0.028873836872672375,0.05671202405311175,0.08031417752998281,0.09606243913528197,0.11498599659638745
2018-02-09,0.0694345061337682,0.09164374829601589,0.12197675944533971,0.13506555686894098,0.13933369535897738
2018-02-12,0.05032953072125787,0.07626517034868915,0.0932165702393012,0.10678951731922359,0.10164872809022654
2018-02-13,0.04754278041353943,0.07205077244991055,0.09350902474716498,0.10030358541824992,0.10118096137591653
2018-02-14,0.03898373236655874,0.06317784939122699,0.08593556014849063,0.08196308817225727,0.09001811934800025
2018-02-22,0.025298119803751518,0.045582304565463375,0.058493903054490856,0.05237592475862175,0.05485515399492617
2018-02-23,-0.013989144966060442,-0.0020999725593224584,0.007747257351449696,-0.006821886404645862,-0.019827623840647773
2018-02-26,-0.02092595964360836,-0.01193403590607675,-0.005854705240912109,-0.009278897712315985,-0.025719617183768514
2018-02-27,-0.005974462595692364,0.007208479238933803,0.024295675620633752,0.004989014340508077,0.0071922088793346115
2018-02-28,-0.010291621093695852,-0.009702702948864422,0.011274701959054998,-0.0027617883872877243,-0.008855505935175803
2018-03-01,-0.01083736978579109,-0.010960309792075192,0.004336463344802805,-0.0076438858422976635,-0.007881473371863264
2018-03-02,-0.000977993346022163,0.0020463666172708616,0.020695916509918304,0.016331409519445863,0.018325351030976576
2018-03-05,-0.004066400991092589,0.0028753154924239088,0.018656290957427605,0.01648090724664024,0.02043744902070549
2018-03-06,-0.019841669024775747,-0.019000820660216185,-0.00010889409178776656,-0.008458706743347776,-0.010234311717923565
2018-03-07,-0.017753461449783264,-0.015387174955936372,0.007433283046647946,-0.003038220465267479,-0.014686368385271566
2018-03-08,-0.027491525183289768,-0.016704048655614995,-0.0016591620690841063,-0.0008749301994157952,-0.025489348193100614
2018-03-09,-0.028274394663027416,-0.014873252308350808,-0.016931145638505424,-0.014400321653006736,-0.030823974372211172
2018-03-12,-0.03170991013462843,-0.022585429085216716,-0.027213639276236302,-0.02327152202130852,-0.045472362965946096
2018-03-13,-0.029345756921374363,-0.026394931050927207,-0.016859844376681022,-0.02807477325578365,-0.051286030487453435
2018-03-14,-0.025635539339447875,-0.024345930710657746,-0.013494348309749599,-0.018172781466564248,-0.04294695571163362
2018-03-15,-0.0310955721812374,-0.02457711743147819,-0.019688406883674806,-0.0207565884697234,-0.039337368901556355
2018-03-16,-0.03987104471523499,-0.04357506148029066,-0.03398988894906772,-0.035536428996251465,-0.05697862686191535
2018-03-19,-0.03561122930912913,-0.03676160892949724,-0.0308643147385563,-0.022654616834084026,-0.03236885771417238
2018-03-20,-0.03499646378086072,-0.03093164463849276,-0.02958575104401692,-0.01991901019134887,-0.030595126665610296
2018-03-21,-0.05725195562313547,-0.04645404926229762,-0.04115071783338495,-0.0351908435703768,-0.03963484375547185
2018-03-22,-0.057004050574391854,-0.05039738709331294,-0.04395309300776295,-0.040500681629783666,-0.05590329139720007
2018-03-23,-0.008906152307087233,0.007080881887457683,0.027002890430583442,0.04219664421459707,0.04347229035277599
2018-03-26,-0.006825639567773843,0.0013929031832347458,0.010042738944577653,0.020593312262685032,0.02179269920224184
2018-03-27,-0.02915737041595734,-0.028768198846790036,-0.03002548282443612,-0.038421986340287956,-0.023375737754094742
2018-03-28,-0.014526636678049772,-0.015859166462801975,-0.014954323987711274,-0.021764103724374484,-0.018613758306787825
2018-03-29,-0.020400553854108643,-0.027767509397757968,-0.021809345623592692,-0.030891635239249916,-0.042184931964757456
2018-03-30,-0.017382770114251853,-0.024127627192788305,-0.027458267128662166,-0.03790882476432721,-0.0525425321990507
2018-04-02,-0.019824502231267044,-0.028032580308447824,-0.03291379431766072,-0.03604607876245624,-0.07056382513712889
2018-04-03,-0.0019240962478869986,-0.0024163685420660816,-0.007388618767196621,-0.006187214078519935,-0.03894052166742066
2018-04-04,0.002787294151588203,0.0030565548550848098,0.005672325226435052,-0.0009840767982948863,-0.015330110975082174
2018-04-09,0.003170006570857467,0.0009991167137465473,0.002530168479833366,-0.0011600422836856603,-0.018656594958350682
2018-04-10,-0.004482088096923105,-0.003042402813700851,-0.0018652505312335692,-0.001903475878672643,-0.017253841390179332
2018-04-11,-0.01483277217569057,-0.015213003088428528,-0.01440739944534912,-0.013258613095293319,-0.03477413692267512
2018-04-12,-0.009662704846288383,-0.010142795419792674,-0.006460688127500499,-0.011519815522478192,-0.038018700485462145
2018-04-13,0.0008932565091455951,-0.003638069514618584,0.006348181666209401,-0.0025797026451959315,-0.019827310061727593
2018-04-16,0.008889832868325611,0.005443526246086921,0.017513154894179463,-0.0076378026649640595,-0.029960618365085488
2018-04-17,0.016547990664944934,0.009723292954417402,0.029042899099884466,0.018677006521020095,-0.011151674535822996
2018-04-18,0.01795371697575628,0.01900423588664056,0.033306367328374796,0.0038207033676415795,-0.03324545800512344
2018-04-19,0.02498900750898591,0.017090667650497937,0.0321664487204301,0.015295248740339242,-0.023374324381428824
2018-04-20,0.04204719941509241,0.042434748313955356,0.0590364165621355,0.03484828704794979,0.008449239184005452
2018-04-23,0.03201533677197659,0.0370824907952697,0.05518608498890045,0.03166841078959283,0.010493292807767046
2018-04-24,0.005725083995860739,0.01527387543442344,0.02784479227376554,0.0040722215858102,-0.019549814626095653
2018-04-25,0.007398933101154099,0.008096754465881413,0.011638997787029912,-0.020243865349114824,-0.040003763051214995
2018-04-26,0.015274272105604954,0.01951766228930628,0.02417692269403079,0.013300215890012311,-0.036561011166542236
2018-04-27,0.004239961979134706,0.005827226519611184,0.018951225532194072,-0.010440508952532982,-0.04827116108247461
2018-05-02,-0.025626986717258216,-0.02038601411336583,-0.00868610473742715,-0.04554625738592008,-0.06923020795468263
2018-05-03,-0.017995116953950067,-0.011100169042198285,-0.005441959696630057,-0.043895585771160005,-0.06135091669522445
2018-05-04,-0.02139070231614947,-0.021308440355191645,-0.021845231261342454,-0.05214315396765422,-0.07224655529072267
2018-05-07,-0.036455116678853,-0.03785584934183322,-0.039318218329327095,-0.06969910848198423,-0.09645807339501791
2018-05-08,-0.03793825565445202,-0.028570594976159335,-0.03507856878502201,-0.059088775175329504,-0.07712030635471658
2018-05-09,-0.03655466877268847,-0.02749193373294014,-0.037103879576370936,-0.055469929748960214,-0.06944311876163319
2018-05-10,-0.04570621966855852,-0.03863958070329672,-0.049378737002868225,-0.06499443692164901,-0.07657376062917357
2018-05-11,-0.0543635203928772,-0.04909523428128171,-0.05849724059471456,-0.06375744347293726,-0.07135617900048766
2018-05-14,-0.0599783725875694,-0.050888130405731063,-0.06358564325042351,-0.06721266407277807,-0.0728592493494602
2018-05-15,-0.059367700594282424,-0.05213262107323777,-0.06056416762918853,-0.0639063564936358,-0.07641924104422014
2018-05-16,-0.06601051372431023,-0.06258655744698735,-0.07169324513825454,-0.08152616782323896,-0.09110925060306327
2018-05-17,-0.06625592176373334,-0.0646714904779649,-0.07323202692415114,-0.07384581370204829,-0.08420164885051065
2018-05-18,-0.08243954823557156,-0.08651914371361148,-0.09859780253945488,-0.0986009055265542,-0.10296176988896942
2018-05-21,-0.14086715114383888,-0.15216663950654677,-0.15926522848606814,-0.16903354327007872,-0.17871390396816186
2018-05-22,-0.14489077321095467,-0.14714883417870392,-0.1514531353482262,-0.16310689945595833,-0.1604069760061982
2018-05-23,-0.1489662604542036,-0.15164510653346774,-0.16194082584712147,-0.16009278719418005,-0.17571351145446654
2018-05-24,-0.13811077471694666,-0.13688172122442038,-0.14332189176850305,-0.156828663227061,-0.1471719675787195
2018-05-25,-0.14038107754752605,-0.1318690993377794,-0.14374470957323468,-0.1503705073198441,-0.14064297053441038
2018-05-28,-0.13609930039361223,-0.12913133437265006,-0.14113273121080386,-0.13234707494771572,-0.12514330542287683
2018-05-29,-0.1349423769302285,-0.13008304016489786,-0.145783966596292,-0.13520990169769043,-0.12139313272871413
2018-05-30,-0.11369425035808813,-0.11773544606231358,-0.11905648287021298,-0.12203422891735237,-0.11159664088333295
2018-05-31,-0.10514347814934306,-0.11486679675026903,-0.1050413986379791,-0.10425358125841643,-0.09959688300679025
2018-06-01,-0.11989747391956855,-0.12374500295802758,-0.11380529986333307,-0.10776679946318213,-0.09288884046841052
2018-06-04,-0.11316440183570779,-0.11068048039718192,-0.10165401667414485,-0.10060649112112538,-0.0780972490393865
2018-06-05,-0.12489851922776045,-0.12905753357847677,-0.13903359402400964,-0.13334671420743394,-0.11457331854874561
2018-06-06,-0.13865969539673537,-0.1493263718683805,-0.1579664288404084,-0.15651191477743584,-0.15027308043402093
2018-06-07,-0.14072812479952995,-0.13927942416072694,-0.14805431853532117,-0.14493372532876278,-0.14033752056988896
2018-06-08,-0.10964832171406358,-0.11227108840487456,-0.11179275069527114,-0.11043167324448411,-0.11057167372981523
2018-06-11,-0.10746684357420597,-0.09953354820016959,-0.10457425091667187,-0.09977191231391937,-0.08764158624773227
2018-06-12,-0.12861613784577336,-0.12750521469625894,-0.13129124729714722,-0.13307305913840756,-0.1150434522570549
2018-06-13,-0.10222793635957796,-0.09443215629563391,-0.09384564865533081,-0.08913544751182623,-0.07149384699256657
2018-06-14,-0.09748908754054054,-0.09430693589605031,-0.08243871973360155,-0.07382696781221226,-0.06643022519097765
2018-06-15,-0.0907329634439777,-0.08007895957071125,-0.0679762046292509,-0.05067126453300178,-0.04094410657833861
2018-06-19,-0.05025245609146012,-0.012720873610211013,0.013063165002281519,0.02173518075085714,0.022003007263534026
2018-06-20,-0.05079525700365966,-0.02531278430862716,0.002673482016953104,-0.0005825381792108244,-0.0061526714650321414
2018-06-21,-0.041298352245791904,-0.010500399200275795,0.010308492189342548,0.018297546328702546,0.01864906584229965
2018-06-22,-0.03339674640626601,-0.007270769284375565,0.006611046279813038,0.015146854393845785,0.014187048510136756
2018-06-25,-0.010407318346061253,0.016679786995954054,0.02303363302793028,0.02661977906165573,0.026757385050857115
2018-06-26,0.008165367900893485,0.025604753697137324,0.03661791426914312,0.03080377498393426,0.03686908437114451
2018-06-27,0.01461971007858746,0.03729190069928462,0.04960524380129368,0.043087323395385964,0.050841528280361634
2018-06-28,0.021710281254774026,0.04787646952496161,0.05472127465283025,0.047472429118009675,0.05826290424140657
2018-06-29,0.0009072328442538599,0.014810402268396831,0.022261809090870693,0.011587586447364457,0.012421739416519756
2018-07-02,0.015330850453398433,0.02406768023924858,0.024224674260704425,0.017473266367338,0.00861819033021167
2018-07-03,0.011986846934395133,0.024248384812191204,0.014437033307817489,0.00034560536434192026,-0.012310662552546073
2018-07-04,0.004621877986848875,0.01258222259543819,0.011993835499900391,0.010861362174556135,-0.010808429114592727
2018-07-05,-0.0009782460876045784,0.014903937191332239,0.019270471737085355,0.011883553313599542,-0.0016892214874175424
2018-07-06,-0.005065640266079623,0.00615102608075816,0.002356360127376273,-0.008878185140112571,-0.028964413752891938
2018-07-09,-0.03192948179535546,-0.03762360286893782,-0.04572829016661764,-0.05531329123115257,-0.0770418980229746
2018-07-10,-0.007146295535066496,-0.02176847908010727,-0.02755708409421031,-0.03138287473732262,-0.05060244397100862
2018-07-11,-0.0029350600433842833,-0.003276198161413015,-0.013934199162919176,-0.02790585487314261,-0.045346797159112745
2018-07-12,-0.011353976594771657,-0.0048502588047331955,-0.01715310825589241,-0.029200680613620078,-0.05319137452460876
2018-07-13,-0.011105720098075152,-0.006882440674238864,-0.018282505158472264,-0.02680118526932424,-0.049112344179179084
2018-07-16,-0.016572532621539127,-0.003976497175342349,-0.01710881994594011,-0.02480629953164699,-0.03927829453367689
2018-07-17,0.009545925223999455,-0.009583524539056736,-0.016520841781108166,-0.042751969333660766,-0.05442009425277577
2018-07-18,-0.005454907150705065,-0.02185454611752179,-0.03671539650242038,-0.06310802927898503,-0.06727489171708877
2018-07-19,-0.006015031091282714,-0.019364524093774763,-0.038595421463284374,-0.06020015989364649,-0.069120995923572
2018-07-20,-0.028025046935190933,-0.05112514387783532,-0.06746437816235507,-0.08560284613080038,-0.10753730847656871
2018-07-23,-0.038510583692785365,-0.061206856299262716,-0.06971106678117157,-0.08847645027896509,-0.10363839455223056
2018-07-24,-0.05092123004094447,-0.07360224603739399,-0.07415890963793859,-0.08691932170462431,-0.10321851418219176
2018-07-25,-0.05766783491998697,-0.08178740948728658,-0.0842460075682154,-0.09636613273830101,-0.11988799629156309
2018-07-26,-0.05826242427119085,-0.07591075147222029,-0.08245300019874023,-0.08164374421910746,-0.10151747506353842
2018-07-27,-0.059101037810575144,-0.07184218471590124,-0.07532217059905384,-0.0858690186591728,-0.09584468798777807
2018-07-30,-0.036104341569408685,-0.04926721390589307,-0.04433999498755063,-0.05138800636929862,-0.049085887767152815
2018-07-31,-0.03443984568225064,-0.04553663099297668,-0.0471756317135393,-0.05040325714907297,-0.047437359740549134
2018-08-01,-0.026506489482645498,-0.033242464498038554,-0.03648600744945806,-0.03700690905293501,-0.03271341300149034
2018-08-02,-0.011846144180205518,-0.019484157488435856,-0.02486987303986609,-0.02869608365509097,-0.03167923651918154
2018-08-03,-0.014161297564691656,-0.023628799789658157,-0.019332734173602664,-0.0220181041922824,-0.025595718640285026
2018-08-06,-0.0028129385138125104,-0.008542137569433023,0.003428772039730327,0.004902217263669418,0.005750643406946571
2018-08-07,-0.016432765355883977,-0.02249578654804591,-0.01663547271197035,-0.012921111340445377,-0.012545872304448808
2018-08-08,-0.022532970050423606,-0.026348360780391312,-0.008406952333460739,-0.018730925325836104,-0.0037304246448092346
2018-08-09,-0.04081356566795556,-0.04813630963603106,-0.032059759917054356,-0.05492743467237923,-0.03900332805294933
2018-08-10,-0.040544680813953515,-0.04598824517218768,-0.04250579431847179,-0.05569357377034328,-0.04439864592529221
2018-08-13,-0.04944784222579227,-0.0571469386116389,-0.06654606455470734,-0.08705618434633589,-0.06889072308715018
2018-08-14,-0.04823940428418027,-0.057101242279299726,-0.0636420716827112,-0.08483463610842898,-0.06289222176816386
2018-08-15,-0.02838455725210133,-0.04081476049993222,-0.036114438603410924,-0.06399691767805582,-0.0501207737535708
2018-08-16,-0.015490237713993524,-0.021819394277752743,-0.023377210448418034,-0.04403281544224503,-0.03280970895791967
2018-08-17,-0.004908233871327541,-0.014026260100149091,-0.012762841311790292,-0.033512182485699864,-0.020124661666432925
2018-08-20,-0.018657821045858797,-0.029057683367809645,-0.04365980605302602,-0.04997183733780633,-0.045679367103773294
2018-08-21,-0.01606576533909589,-0.028012083731728473,-0.040749294381238296,-0.04106213109076474,-0.04148042241751738
2018-08-22,-0.004602412872333597,-0.010432525763367641,-0.01237019127930105,-0.0175198267485586,-0.017641893917947765
2018-08-23,-0.009244454292714985,-0.017318393774017754,-0.01396968055800819,-0.024480267680284894,-0.023914004603305197
2018-08-24,0.004397995622465485,2.0009794491209866e-05,-0.00024515833487507156,0.0003012327385652755,-0.00407701826988055
2018-08-27,-0.013518788386740005,-0.020245258301066195,-0.027421108835267462,-0.031843783856619456,-0.03250755826112028
2018-08-28,-0.01164654894724941,-0.017866178969409605,-0.026085063953536998,-0.028182140833643975,-0.023350858131798526
2018-08-29,-0.015831084704056846,-0.02623114407387171,-0.03410664696123397,-0.03157398364563472,-0.028440506749861014
2018-08-30,0.0027950871473079323,-0.0044218109927503715,-0.010250279124869595,0.00047467075231513484,-0.008369713198091988
2018-08-31,-0.015595980154558918,-0.024822321803538574,-0.02891497116231302,-0.027025539085346675,-0.03574904690378448
2018-09-03,-0.015233580800297991,-0.01810773050058882,-0.0296012688615114,-0.029128811720299394,-0.04503412023024977
2018-09-04,-0.02052290917105463,-0.02261920945879366,-0.0385867259595398,-0.050911765659385495,-0.05913232099941423
2018-09-05,-0.07746466386931747,-0.08097971185057334,-0.09440139249904142,-0.09615947872132019,-0.11039938645350561
2018-09-06,-0.08418377481500637,-0.08761092304390831,-0.09528907311367071,-0.09067569564527424,-0.09485692820980977
2018-09-07,-0.09956548808707354,-0.10721373050333748,-0.1099809616181485,-0.10561775492803978,-0.12052182844312
2018-09-10,-0.1046179996607141,-0.1154048205599467,-0.10982143001779221,-0.10544799287205389,-0.12080398999914682
2018-09-11,-0.09482301064931446,-0.10632972118091812,-0.10246169011720109,-0.10425529304779697,-0.11098685574189181
2018-09-12,-0.12057128034984062,-0.12813862522923253,-0.1355089654304854,-0.12530377838301207,-0.13453453365709944
2018-09-13,-0.11382297051780445,-0.11448632669108422,-0.1168302443025432,-0.11452990654447512,-0.11337033506873966
2018-09-14,-0.06863550690284265,-0.07476595023556168,-0.06693182626838445,-0.061150455561354386,-0.04683943865166913
2018-09-17,-0.0718578530605355,-0.07184700249601683,-0.07371513125393521,-0.06339831247226782,-0.046662768351302966
2018-09-18,-0.07552997938275437,-0.0790070241349655,-0.09010997113682148,-0.08770550973923293,-0.07424409052107861
2018-09-19,-0.07739330207002272,-0.08594226745196737,-0.10609905793202369,-0.10684161935662624,-0.09411359692324832
2018-09-20,-0.07111551521212883,-0.07917521526616438,-0.1005898689162372,-0.10234217153626496,-0.10448768721575531
2018-09-21,-0.09910363978339483,-0.10303270150136046,-0.12803263915479302,-0.13396633772272545,-0.13719493773085992
2018-09-25,-0.08347060997929293,-0.08701130542110012,-0.11514411616222063,-0.11974047335656733,-0.12706888015651002
2018-09-26,-0.07898754674118533,-0.07991981274950456,-0.10187814100472446,-0.11244356229429957,-0.1189069419489935
2018-09-27,-0.06900401271622485,-0.06679007266799697,-0.08627215861058919,-0.09451761676495414,-0.09697646808269227
2018-09-28,-0.056995983169253125,-0.050942452624769034,-0.06792242334817747,-0.07136804060272378,-0.07289776088704154
2018-10-08,-0.03325104254530895,-0.01985330854018188,-0.02576463503169674,-0.03626306848749079,-0.029746172480445993
2018-10-09,-0.031911870282719065,-0.019673590776115787,-0.024491103543468114,-0.03851453281998666,-0.02551035181109091
2018-10-10,-0.04038228014548112,-0.025957942395080775,-0.02892139294355174,-0.037458554853097265,-0.026517274701480725
2018-10-11,0.013731229919135031,0.04530858365873612,0.043524336893597894,0.03277867815368361,0.05146372665175517
2018-10-12,0.005429314101354822,0.05027285863271432,0.05012002435792037,0.046596607426480065,0.04517143903804098
2018-10-15,0.04772458900085117,0.08576059224049638,0.10020520712198552,0.10051658267174277,0.09287424394101565
2018-10-16,0.08495013871875487,0.13720610390051682,0.15309085009415302,0.143254486806647,0.130149772454697
2018-10-17,0.08285046228590157,0.11403454826656513,0.13611406223425235,0.122511932537149,0.12575188686500766
2018-10-18,0.12769319371989532,0.17245783114024588,0.18943281222807887,0.1775157852270316,0.17650136279113007
2018-10-19,0.12137393954383814,0.16931486128533615,0.162306308453515,0.159217205554246,0.1531141345420878
2018-10-22,0.07331765667038839,0.11013339962713553,0.10505876881658958,0.11993881821003641,0.10531644489076612
2018-10-23,0.06789214826215531,0.1061120904018597,0.08736414892280905,0.10493447971063931,0.08747986669539908
2018-10-24,0.07163728898261951,0.10245578188063091,0.10245242931647476,0.10872864539385127,0.09935514667136107
2018-10-25,0.07048537040413669,0.11376459118424363,0.09640288174872358,0.11192877250296407,0.10546128238977905
2018-10-26,0.03270048063623488,0.057946012609386165,0.05669310055215775,0.05909219789301467,0.0604626084917668
2018-10-29,0.040683284147850274,0.07525663288042443,0.07601006906893044,0.07639089199089362,0.07256934885459228
2018-10-30,0.0328810200404082,0.06666420540640228,0.06975187240261826,0.06829031918882021,0.06805532884377181
2018-10-31,0.029761977764400815,0.06553490407951786,0.06916851971056928,0.06750583304403796,0.06451108653383916
2018-11-01,0.013059759312271612,0.03944448659397691,0.03365534244978416,0.03745247436077784,0.02853743907268662
2018-11-02,-0.0014952544049174775,0.013645923131920333,0.010768933540883333,0.01195312409600243,0.0013709794071776527
2018-11-05,0.015976641130685032,0.037833412872135846,0.038299478258176506,0.03331144976356872,0.04103683779079332
2018-11-06,0.019316957572562857,0.03667362500784565,0.04832600820623553,0.04264299519199554,0.04791052280275338
2018-11-07,0.0228082052803574,0.03621958763653882,0.04965244530887111,0.034798025633691325,0.04242621410309409
2018-11-08,0.023485334236284273,0.026394130184202287,0.02681083865555995,0.016724104585049557,0.011844708935104828
2018-11-09,0.031043506687548465,0.0392881704487733,0.032047802177459055,0.012984137644691349,0.015772325830003205
2018-11-12,-0.0030573078869830317,0.0025541006799225173,-0.007858334098215904,-0.023303608568115294,-0.025315402963874693
2018-11-13,-0.01119744995912604,-0.004730339423777067,-0.02008089273448691,-0.03633201875261663,-0.03506006339819453
2018-11-14,-0.009782981872058477,-0.005691776814386411,-0.01860042828344458,-0.025758076720990446,-0.031915935683347434
2018-11-15,-0.011046279425039881,-0.016461564588996867,-0.01750237804311274,-0.03269044542780121,-0.03705195223434879
2018-11-16,-0.03280475970862152,-0.047626948542504925,-0.055419339069921116,-0.06802674208045408,-0.07649697718837004
2018-11-19,-0.04183794672465134,-0.053342281903812114,-0.05930650435952652,-0.06748143365873296,-0.09239419168477771
2018-11-20,-0.027873076960110935,-0.03259945053568963,-0.035700429727186955,-0.05056240614004755,-0.0704726959482526
2018-11-21,-0.037371819332751875,-0.0507353083513981,-0.053635998639597025,-0.07165470975085077,-0.09170446626386629
2018-11-22,-0.039217309583487896,-0.05140472929295836,-0.05016465874469067,-0.06987883954488058,-0.08329938286103172
2018-11-23,-0.013717040671960693,-0.021081766120782327,-0.023499264094789477,-0.03147158926192438,-0.05437611585779822
2018-11-26,-0.0061914329111408895,-0.009030524614265019,-0.007213540047675491,-0.018800317516705384,-0.051072683884002136
2018-11-27,-0.01600048964152207,-0.025031663982735028,-0.024764956827125977,-0.042390554421447804,-0.06696634442316761
2018-11-28,-0.025514152387268934,-0.038256683797086376,-0.04648784105463383,-0.0623623844490028,-0.0817139433442683
2018-11-29,-0.018696587755172026,-0.029641676712965387,-0.04368126799496843,-0.04505823194025189,-0.07600686064848065
2018-11-30,-0.01976541865362896,-0.03812278024018971,-0.04881818176697732,-0.05586109527946625,-0.07308154673159799
2018-12-03,-0.05603712044543951,-0.07739482538200025,-0.08723084745022049,-0.08739838124064021,-0.1058707425488776
2018-12-04,-0.06039598475858785,-0.07948010497252835,-0.10022858103577084,-0.10043646718082487,-0.11896529747126681
2018-12-05,-0.03910086749179086,-0.05761814814423341,-0.06957863051401793,-0.07050106348824652,-0.07784148270196681
2018-12-06,-0.015674258140920622,-0.018843543053751598,-0.034695047340127017,-0.031335337065198615,-0.03735214370356358
2018-12-07,-0.01692747849181412,-0.023043894322901368,-0.03642948675314866,-0.03428994148067206,-0.038319865355073986
2018-12-10,-0.006015961317786568,-0.005949775123242092,-0.01870604715683647,-0.02166101300679307,-0.021715979753002216
2018-12-11,-0.011419062759164274,-0.014276326103489877,-0.027607099944817592,-0.030391345418815146,-0.04094738942485948
2018-12-12,-0.009087947073365861,-0.009111663259724474,-0.017530346368993636,-0.02647302845795525,-0.028389094288542437
2018-12-13,-0.02084652243959839,-0.027265574363959932,-0.0322027715991985,-0.04409978906275023,-0.04153207209730242
2018-12-14,-0.0009183937035791249,0.0077204283468337055,0.00271712116234175,0.0005829998328484145,0.00504860742075704
2018-12-17,-0.0024462725641028,0.009927421817274901,0.008037583359615113,0.004856415500883252,-0.0021220445836274623
2018-12-18,-0.0010481658590673001,0.008810896173518878,0.0057145563485461025,0.010072914334928705,-0.0041503872511272875
2018-12-19,0.01669159994076086,0.02577137801158724,0.03789297901021603,0.03422226339382359,0.019173613616313027
2018-12-20,0.024513247313678738,0.031177304062544934,0.03808114730288737,0.0365142960428874,0.018543444161340263
2018-12-21,0.020601373632450928,0.02848210101867844,0.033318411338622206,0.02278038706400722,0.021299482606819284
2018-12-24,0.016688090081947583,0.02551619292835781,0.0254284267071337,0.015650633223144268,0.010002721928579534
2018-12-25,0.032500255905367294,0.04199781656469909,0.045589792617650206,0.03804509226244156,0.022427708266520675
2018-12-26,0.031156713478226714,0.045045307311197255,0.04614550576957297,0.036873536547759225,0.019274099023065726
2018-12-27,0.03434501282013613,0.05391485742241921,0.05511578498990019,0.0420758542307654,0.03155174023533768
2018-12-28,0.024227385263339247,0.0319041451454445,0.04190175492066738,0.02239978405312652,0.014104751980222
2019-01-02,0.027226684845583632,0.03153873691748198,0.03150001977069549,0.024014478315343174,0.002762606749485915
2019-01-03,0.021965538446064876,0.021550625292643257,0.01711249768373741,0.01819703451681723,0.007345084815378114
2019-01-04,0.02027688487088223,0.018289801005372062,0.02381325397269403,0.017970898308451395,0.00634529034132503
2019-01-07,0.02796583559358735,0.024079768270871105,0.035949500743811716,0.027899081791346158,0.01236176683951839
2019-01-08,0.03834328011985274,0.038805803177797776,0.0534431248911412,0.03984331114219075,0.025666751049920132
2019-01-09,0.047309115648576185,0.05275396139654107,0.0659673644236707,0.06172050485488058,0.04158619262929331
2019-01-10,0.04978127656289087,0.06144387403488074,0.06905129179078733,0.0643765275851625,0.06156838789590071
2019-01-11,0.03840174254996334,0.04418589151840705,0.05356808304398794,0.05248930733715079,0.05218768435446055
2019-01-14,0.06879803984817483,0.08266709833028003,0.09721822441993598,0.10496892483156546,0.09759795632066119
2019-01-15,0.05639780925432018,0.07549259235931469,0.07699104304957105,0.09420810658071103,0.09480722371115748
2019-01-16,0.060903831920937866,0.08136188109419866,0.08330077237065586,0.09165692688346402,0.10055360697911217
2019-01-17,0.059171624965668634,0.08286158882573066,0.08824918540231869,0.10885428873698362,0.10514262348775195
2019-01-18,0.06600145056710359,0.08871444368311869,0.1021407202130142,0.12718061193274696,0.13656913309701346
2019-01-21,0.11602117837089815,0.14006217034661275,0.15691508801833293,0.18352638353330683,0.1965938937044351
2019-01-22,0.13628988710505552,0.15447809430780995,0.17210954404794943,0.19326701174626798,0.21330447678457234
2019-01-23,0.13449604142593274,0.1561713238758812,0.16717490334318064,0.1838666626094739,0.20946769220159783
2019-01-24,0.13033882371856645,0.15562139038235948,0.17119482382899548,0.17451911414492804,0.19409847819556458
2019-01-25,0.14141498982711911,0.16413378714226118,0.18277650969159911,0.1928920472736679,0.22547346187094958
2019-01-28,0.16719494813734861,0.184077025791487,0.20752801956219108,0.22266478386210795,0.2675061978832795
2019-01-29,0.1923882147133962,0.2239931681878073,0.2503951055665721,0.2860881692340604,0.33404162884325483
2019-01-30,0.21680296433284763,0.2512955847766196,0.2905393855226748,0.32659113301322346,0.4019012722327766
2019-01-31,0.2201157793275677,0.266040530786625,0.33071088663376735,0.3632659487276282,0.47185244051345027
2019-02-01,0.15281812862296534,0.1933716428451563,0.24124780954297012,0.27862172352549025,0.3367089941838223
2019-02-11,0.16873262776947787,0.19953702427141778,0.26446514400890553,0.2738861581015018,0.3622631287593705
2019-02-12,0.17009229171326612,0.2079455140685078,0.2818837533519946,0.273370919037472,0.36965562644295213
2019-02-13,0.1367894681500895,0.16365747140988043,0.224849883917088,0.2234113449210057,0.30835793328380423
2019-02-14,0.11626544379116233,0.1413755567161765,0.1833609111810422,0.1923458447058722,0.24472451432239958
2019-02-15,0.1385776613479529,0.171197637479158,0.2070399723028882,0.2149238246649774,0.25404896211839273
2019-02-18,0.13774923817349216,0.16615939108807015,0.1881435327210358,0.19942817286305814,0.2443556312694101
2019-02-19,0.1370626906601959,0.16332172117985455,0.20104515567420272,0.19671186501323445,0.23847548064554341
2019-02-20,0.1339065960747544,0.16326337709221325,0.1988835033942972,0.1914200018954485,0.23447473059900587
2019-02-21,0.14637007249456008,0.18419935197465612,0.21621047247235747,0.21451586049563956,0.2447881504766463
2019-02-22,0.1373175053746909,0.1735772302364723,0.1876628722343275,0.1785312828672671,0.211367208584274
2019-02-25,0.07073422429489702,0.10623459059116934,0.1093995487244367,0.11957337332904105,0.11191609400501729
2019-02-26,0.05388168936032546,0.06955225753050287,0.08491488293183383,0.09070045929311776,0.06909471909151602
2019-02-27,0.06879367938869806,0.08534351572302964,0.10178024143738951,0.09224859524792166,0.0710553087522096
2019-02-28,0.0520686334717692,0.06321646871886222,0.07757177975491207,0.0726808713463309,0.0666673769125976
2019-03-01,0.07334390136608784,0.08062528772788033,0.1007674161452358,0.10434244431491083,0.08896540058846537
2019-03-04,0.09287217281730445,0.10798169452468773,0.11690108254651238,0.12006594390257791,0.1052537102683692
2019-03-05,0.08180947295742422,0.09142070625055339,0.0979210794795001,0.09693198164715029,0.06997645622355318
2019-03-06,0.07872548106224889,0.09139762646181561,0.09259116838105674,0.08664537558932527,0.04710978022116702
2019-03-07,0.08284554673518256,0.08584721404346479,0.09752217240525259,0.07299110917362948,0.03037899481221129
2019-03-08,0.12574488750136162,0.15327285280657668,0.1333215709144306,0.10758795945142993,0.0764733541955491
2019-03-11,0.1020288683308991,0.10716247555288916,0.07962642722478568,0.0692753962459482,0.04150942428959547
2019-03-12,0.10106636025921957,0.09791070272111427,0.06819501429268106,0.03216597223208139,0.012794714831497397
2019-03-13,0.0923915308870471,0.0935324908473882,0.07179824223420088,0.029940388076355486,0.017905164872675607
2019-03-14,0.1023389251869742,0.10840477306335915,0.08965190803644948,0.0639492475063918,0.05729437632191173
2019-03-15,0.07569212145656552,0.07631798924263297,0.06464803115015332,0.03870248203746362,0.04346580305886163
2019-03-18,0.05994572792908598,0.06165208479744713,0.059116049342294766,0.04005247453004794,0.048318904085124306
2019-03-19,0.06626365311403688,0.06479072373956926,0.07324721529348528,0.03482115564856513,0.05003182308244572
2019-03-20,0.06454143653818722,0.062086323231709865,0.06584483931420833,0.038642166482016946,0.02989508246700574
2019-03-21,0.06581968372173998,0.060851237816691064,0.06254298345236604,0.03840134843424589,0.014135528711503177
2019-03-22,0.0407456256798719,0.035670943735478404,0.03953071244111256,0.021722998806358123,0.0017187328310009267
2019-03-25,0.04186145370397312,0.024755223127532314,0.036390158362478144,0.02100987226415711,0.0008728415450802886
2019-03-26,0.06287406190392268,0.06438619661424529,0.07540503309433438,0.06426190934190566,0.03951446113368077
2019-03-27,0.023835148283560963,0.012463123930390174,0.023645051883533882,0.016932837626278764,-0.0031786868711298627
2019-03-28,0.019190500068557204,0.017233675627925764,0.018258264064097723,0.0246818798420333,0.004890901259627976
2019-03-29,-0.013792428073503317,-0.031148907126994595,-0.032989809781969186,-0.052132035417515495,-0.07599251894808724
2019-04-01,-0.032531561536896327,-0.05230385379400995,-0.06294505024343096,-0.08259668052837378,-0.10683102411684471
2019-04-02,-0.0887677163388277,-0.11849337975666284,-0.14268010399049383,-0.1568149561259722,-0.18552189947375597
2019-04-03,-0.09018219433223013,-0.1145693319362137,-0.13841193342743618,-0.15635459161737175,-0.18799401407589073
2019-04-04,-0.10450857216099928,-0.12896706302992575,-0.14152606972010465,-0.16580159958214202,-0.19458956816945047
2019-04-08,-0.12132108760514858,-0.13183876949288373,-0.15364500468992628,-0.16829212144088937,-0.1950096831317782
2019-04-09,-0.10158582902796788,-0.10516503375688636,-0.13305750005149905,-0.1351012615933772,-0.16474385458951177
2019-04-10,-0.11130394937497487,-0.12743877955881897,-0.13660051179130905,-0.1408252330515251,-0.17053322185378028
2019-04-11,-0.10461407196101334,-0.12004677832511831,-0.12748240307674535,-0.1321871066281373,-0.1514229412253621
2019-04-12,-0.09338121724522556,-0.10274240052152103,-0.1115330018441119,-0.10355231425277216,-0.12843151839243216
2019-04-15,-0.07814500649365744,-0.09313456676328122,-0.08983422783070819,-0.09590018014369903,-0.11221067811937345
2019-04-16,-0.11471034720123996,-0.12372664455389011,-0.14102539730455566,-0.15192253895368063,-0.1780040818194932
2019-04-17,-0.1166500255668477,-0.13719650436375408,-0.1439567357200373,-0.16929140685803137,-0.19120697550078225
2019-04-18,-0.10076830039352738,-0.11957579580175555,-0.12433759694991257,-0.1457001404474567,-0.16939298638101705
2019-04-19,-0.10855669738644068,-0.13149394709791312,-0.13535854785317322,-0.1582669954445782,-0.18230697057033152
2019-04-22,-0.11128383925345593,-0.13297778234729785,-0.13919155372528982,-0.16858154184545976,-0.1923466446933469
2019-04-23,-0.10170946676898088,-0.1288861472007303,-0.1323684331892777,-0.16225605638486498,-0.19014110363646117
2019-04-24,-0.09405248783561676,-0.11280582029427805,-0.12316503433552003,-0.14211779413532602,-0.18152554739600857
2019-04-25,-0.06249218784565469,-0.08017260431783277,-0.09138945694494369,-0.10953656203900801,-0.14361465825029934
2019-04-26,-0.05705222256689491,-0.06174948381029416,-0.0849829493371651,-0.0994491869240647,-0.12954165842874862
2019-04-29,-0.05303794841218192,-0.04740663995499792,-0.06705297454909417,-0.07283418854614616,-0.09358667795231716
2019-04-30,-0.06236739218166206,-0.05791864626024142,-0.08315312122182028,-0.07922454002168555,-0.1003979331574123
2019-05-06,-0.0031283526433291383,-0.010934268006717712,-0.01869152142228769,-0.012581691863133194,-0.0346310763487356
2019-05-07,-0.02338899615767903,-0.03926687651684639,-0.045078595733118336,-0.03945798776125733,-0.059902666056123
2019-05-08,-0.018590075328408222,-0.037171297544080474,-0.03712486463286605,-0.03320019516738594,-0.059343520370278784
2019-05-09,-0.0245403886706862,-0.034646150760069085,-0.048572132858568914,-0.050638728766775616,-0.07199852032424374
2019-05-10,-0.035334375425158764,-0.06037558286488232,-0.0707305629124626,-0.07748976326381185,-0.09395693996237044
2019-05-13,-0.004918713243574288,-0.021143498473008997,-0.022102405884214252,-0.03144540236116657,-0.04412539523318785
2019-05-14,-0.006967369735415357,-0.019449846155055704,-0.01686193570375556,-0.030332501129940355,-0.042157714467723
2019-05-15,-0.02221466804339255,-0.03593888054704679,-0.03713755811690862,-0.039346438251505016,-0.05997372636344369
2019-05-16,-0.0420326354573135,-0.05817667156548512,-0.06801132800506433,-0.07272007692128758,-0.07764794583227243
2019-05-17,-0.01897625958993616,-0.0270209915127168,-0.026703835081889643,-0.04118731563886639,-0.04191008422790979
2019-05-20,-0.017621822894186998,-0.021610877349219463,-0.024437495674239838,-0.04007190235643046,-0.03451347120744721
2019-05-21,-0.022028026014124444,-0.02544927359447608,-0.032952823953586514,-0.04476722339441887,-0.03941906732339044
2019-05-22,0.00043583612763479845,-0.000866388772113529,-0.006251064539855225,-0.018528874820319514,-0.021261733588905346
2019-05-23,0.023211637447136054,0.029621392386718414,0.02412162062252829,0.024277113555490632,0.0279645274112548
2019-05-24,0.023692718449221273,0.03174841917443366,0.03332144764996916,0.033954245639636484,0.04479091529944026
2019-05-27,-0.00558023554203992,0.004718838644300687,0.006676812540984193,0.002393476065573473,-0.009113199919268762
2019-05-28,0.0015466257491760721,0.0026898190119172384,-0.0009522766366688044,0.004250938804445857,-0.015093231449436806
2019-05-29,0.0051879036222403484,0.01095990200946533,0.015280768723289383,0.005882522954430315,-0.004034663062784331
2019-05-30,0.00181212700525285,0.0066294833176434725,0.010661229897817327,0.004220667956187556,-0.01663540616078135
2019-05-31,0.020247360084778458,0.0283507449757678,0.042564633840161424,0.04591258833920026,0.01856334739896548
2019-06-03,0.028073763435405297,0.040240619515647204,0.058903930055929636,0.06071429668692179,0.03085171819038715
2019-06-04,0.030870629240715222,0.04768925066227057,0.059194921123153436,0.06747420657980388,0.03916618717078423
2019-06-05,0.0298894081934716,0.04993835717509665,0.055257415804060926,0.06340689221647863,0.030622159115210556
2019-06-06,0.04744705554631735,0.06585184678344255,0.0847201868455608,0.08888278169014113,0.06826948998096302
2019-06-10,0.013840674964492133,0.026934519221626676,0.03958701901371299,0.029521913711749413,0.019085800952516895
2019-06-11,-0.012197252671434148,-0.003526076644115318,0.003568364737889228,-0.001685052921119266,-0.01705749027526587
2019-06-12,-0.01151866818711173,-0.004352850160664853,0.004085493171005787,-0.0042822028655758616,-0.021470808945969918
2019-06-13,-0.009208831152345737,-0.004089059646520913,0.0028907212178954874,-0.012534119271535216,-0.032938385910365756
2019-06-14,0.001443972661954428,0.017051878206892763,0.031546532256578004,0.011185133834411038,-0.004800519158294953
2019-06-17,0.005793303008157664,0.026092251596640307,0.03788192132058376,0.02991165866472218,0.014660789211225296
2019-06-18,0.007349810968004019,0.030508704342743907,0.03851131789861894,0.02979791622975094,0.022895681406394062
2019-06-19,-0.006169311066887592,0.01755454497680429,0.018062380939062216,0.018605371711956805,0.013259746747775072
2019-06-20,-0.03146750934249414,-0.02500538726524544,-0.01442814829569962,-0.015507160959917008,-0.020812534929923344
2019-06-21,-0.02996151422725374,-0.031764309083188884,-0.022722206933837065,-0.02135469047811927,-0.03617963683116644
2019-06-24,-0.042928546087298805,-0.053008427333965366,-0.04088878777144043,-0.044120075541554823,-0.06758589274788136
2019-06-25,-0.03186208357095,-0.028333562988515925,-0.025563514454860742,-0.0235092245645475,-0.05150387657853582
2019-06-26,-0.026253453696433025,-0.022283563716691084,-0.01457644297087976,-0.015655849124096424,-0.032660712111701115
2019-06-27,-0.023613075865827064,-0.025954560995196135,-0.024162362013650202,-0.0199589903170519,-0.039710524220122945
2019-06-28,-0.013940628240129632,-0.010334717782730565,-0.013664365603477696,7.3400855103673e-05,-0.029895978158979236
2019-07-01,-0.03679732608798894,-0.04088491143907125,-0.041027756324232764,-0.03665682070152871,-0.05018213833996941
2019-07-02,-0.03074752302624284,-0.0337245589404691,-0.04397676946261363,-0.031151716835856727,-0.04705252741044856
2019-07-03,-0.031607893621795766,-0.031785582810321816,-0.03772160452103608,-0.027212787435175162,-0.04309254724251159
2019-07-04,-0.03748159338498067,-0.03596778021633631,-0.03888819285839549,-0.02924019686272899,-0.0400502411342628
2019-07-05,-0.052033721322269626,-0.05185159592271726,-0.05433511772609291,-0.04763455356061291,-0.058533038340090854
2019-07-08,-0.035412309194959385,-0.03908048466825822,-0.03624260552205718,-0.025458899295596422,-0.03448808083469683
2019-07-09,-0.06045103286457173,-0.05878162761573686,-0.06810532234496601,-0.051340053354194996,-0.05837949421342273
2019-07-10,-0.05403238337711521,-0.055381337783475884,-0.061154752131212006,-0.04856420620322216,-0.04929775172001036
2019-07-11,-0.049980645786243755,-0.05188547240834198,-0.05067842810455201,-0.04196968956269438,-0.04004091334719825
2019-07-12,-0.06937285142004632,-0.06795924904867284,-0.06519371565182216,-0.05286124386465551,-0.05112457259381111
2019-07-15,-0.060082273820239444,-0.06563236326208874,-0.06324365908730607,-0.0476974511682994,-0.0394833707826384
2019-07-16,-0.06682586409876629,-0.07120940825223572,-0.06662164808488731,-0.05546909196133163,-0.044883848923650695
2019-07-17,-0.06111363348456287,-0.06946203343172744,-0.05880324715099259,-0.045015404260165794,-0.04149047538471826
2019-07-18,-0.05193010661655495,-0.051782015179880306,-0.046411340395834354,-0.016842991046793397,-0.014122840628231846
2019-07-19,-0.054958034843551246,-0.053268220462424465,-0.04371389540833216,-0.024076141194490985,-0.01425678184769494
2019-07-22,-0.01560547668536394,-0.007933776489012046,0.007104084134690553,0.03120087640686796,0.04649924420286784
2019-07-23,-0.02370223694844227,-0.013180931005358852,0.002650635453597137,0.011571531241549618,0.038215570575954996
2019-07-24,-0.029372585668267264,-0.023707380371540375,-0.00857104389189948,-0.000505371651128703,0.02849667294786055
2019-07-25,-0.028107734466526493,-0.01994172135914174,-0.009456547719281162,-0.0028048067209415213,0.023365963954026805
2019-07-26,-0.03129828941889635,-0.01729498132479453,-0.011579490224324774,-0.005956573288384368,0.01862493959502304
2019-07-29,-0.03933621488012024,-0.02460498732612921,-0.010816228668121687,-0.003891456324411905,0.004843208488008407
2019-07-30,-0.028968833062234325,-0.01042132687051364,-0.0008166945081594871,0.007813350281488433,0.021330256359054292
2019-07-31,-0.02382999824208832,-0.005734551772655113,0.005125059164116714,0.005990889451332073,0.026631848658619894
2019-08-01,-0.019005607077362534,-0.00014656871504634494,0.00949597057673893,0.009866771753072757,0.03832909227208472
2019-08-02,-0.009132800994909323,0.010080886337329228,0.013791569016665312,0.010912000467041695,0.036218184785546115
2019-08-05,0.01565060145263352,0.04584799756822692,0.04593889241059137,0.06275694266936989,0.07775556905346456
2019-08-06,0.04382064053034574,0.06693640501235562,0.0847189067856577,0.09545981045653758,0.1164715555716642
2019-08-07,0.057955751156102964,0.07903329364578054,0.09745066173563902,0.10592414890967983,0.13232305488107038
2019-08-08,0.05748149124633358,0.0848639063171935,0.10002776240600929,0.10423243132089655,0.1359114868062995
2019-08-09,0.06970852031339757,0.10091635795686775,0.11946317242059148,0.12193074803340974,0.15323376565460836
2019-08-12,0.06771990270473485,0.09608125907484315,0.12433249025595666,0.13140385093458526,0.15249032261005874
2019-08-13,0.07049309201047849,0.11213680815752215,0.134501728375602,0.13869423772492548,0.14762798223077134
2019-08-14,0.06448800825191242,0.1002881564672895,0.1126615793753587,0.12855912812860842,0.13304645721089653
2019-08-15,0.07218880586712842,0.10516348407477866,0.12283501460616462,0.12616243143198502,0.11999526886505199
2019-08-16,0.07098898526764043,0.10198551660845163,0.11598527694317025,0.11767462748345321,0.1268500361295939
2019-08-19,0.02774605766400452,0.0424082017453642,0.0453058988465077,0.06361325164182663,0.0718503298201099
2019-08-20,0.028439152936732843,0.040556265496708245,0.04592782545206076,0.06546650487691229,0.0704400533271369
2019-08-21,0.03613263953261166,0.047889281647813586,0.05452008904299343,0.07089862582818952,0.08694390093006052
2019-08-22,0.03412133750650468,0.048902198823951484,0.056297830082521816,0.061177077772510025,0.08937577697051195
2019-08-23,0.023849476767836195,0.03405384280042974,0.04397255464515428,0.05443262153652752,0.08918007519168718
2019-08-26,0.031610467973171866,0.046145024214566795,0.057106045950435017,0.06647267690145113,0.09357259564193939
2019-08-27,0.0068176632017331335,0.012654391056817774,0.016765745337135953,0.03104951972935832,0.04936122849814022
2019-08-28,-0.001712502468067615,-0.0013548669773887278,0.0011341648110325024,0.007636226348127864,0.010404466103626076
2019-08-29,0.0050450659375396055,0.0026757180808496504,0.01117946966857567,0.017197336900276968,0.017339970797786583
2019-08-30,0.003652468795848912,0.0020442408374751887,0.009677185154597902,0.02372465719118897,0.01442133750551356
2019-09-02,-0.008014316481888249,-0.011669249783929667,-0.01733860772689384,-0.008744924161155443,-0.009883170066102535
2019-09-03,-0.00696890346215841,-0.006388552386894367,-0.010958113558967008,-0.004995871158256781,-0.015055322008587993
2019-09-04,-0.009481703733449417,-0.00788543483334575,-0.004038086423961885,-0.0063972635973845865,-0.0039443488257246955
2019-09-05,-0.009825960159431412,-0.014282480969856865,-0.0068857547864991,-0.01778674934999377,-0.01459168820026818
2019-09-06,-0.0034120979534618735,-0.00037914825936202,-0.0015391690186378054,-7.138002123574774e-05,-0.0037950108829137236
2019-09-09,-0.016103989804882826,-0.01811517667902185,-0.02785672179524441,-0.028474728766097364,-0.054908914062027456
2019-09-10,-0.021857517850143723,-0.02660543782535683,-0.02930156297264915,-0.03670430298491956,-0.057868630622274674
2019-09-11,-0.02560219548085848,-0.028844614705586115,-0.02372973677085787,-0.028372845213260226,-0.048258415456514325
2019-09-12,-0.04050137348494349,-0.04359056706767371,-0.04630549010005189,-0.04173375237172884,-0.06784061283640813
2019-09-16,-0.04277719518642275,-0.04782639356343397,-0.04601628109668689,-0.046973443597085274,-0.0815688716917195
2019-09-17,-0.017563401000433184,-0.01764991420008428,-0.013485353565225622,-0.01997922566541588,-0.043124556307913044
2019-09-18,-0.021836709621568296,-0.025710855349756482,-0.024103675846985678,-0.02658388637647773,-0.05501770268931689
2019-09-19,-0.022322774097841058,-0.03175268155731511,-0.030223167377874553,-0.042104934386313596,-0.06993225764122683
2019-09-20,-0.01773539724663632,-0.028147215628120312,-0.02756143366046403,-0.0339915551017293,-0.06493851780173832
2019-09-23,-0.0002308207840311417,-0.004529076401983967,-0.004233248616454984,-0.0051367816265697995,-0.035638938493795534
2019-09-24,-0.011164874187251107,-0.012574891934232566,-0.013608581979035564,-0.0236428878081112,-0.05836541458004589
2019-09-25,-0.008153651377717383,-0.014414652337351746,-0.006351656918869293,-0.021063640229266583,-0.04109747307060245
2019-09-26,-0.0028842555029797833,-0.008988894490391551,0.0026031651423334603,0.002024848558027943,-0.010748218788235824
2019-09-27,0.005769920457218878,0.005158659383340948,0.0021552346253160236,0.000572495765553388,-0.017058044308084847
2019-09-30,0.013186900632399684,0.0118209362498927,0.0177929900691634,0.015088294570268165,0.012834341553235118
2019-10-08,0.01352989226017926,0.0174126657518642,0.018596311143494876,0.021203710116362736,0.023170091072278687
2019-10-09,0.0011432422023490844,0.007627825440737317,0.002945330882101622,0.003793172006335074,0.003084126242684205
2019-10-10,-0.000405431159576684,-0.0004972937528095971,-0.0020089117446534075,-0.005368444703230391,-0.008333580156992884
2019-10-11,-0.0075278486919092115,-0.013563580063866747,-0.010969015698119998,-0.004695091173380721,-0.006556126629434383
2019-10-14,-0.043385344576118964,-0.0456019661862575,-0.04840478822734292,-0.04008351172541153,-0.05161435232238773
2019-10-15,-0.03627147427767265,-0.04564993656479153,-0.02839852024830249,-0.027933505770882314,-0.03246552598935634
2019-10-16,-0.03766229598572077,-0.04313005636896231,-0.029427813843525403,-0.026934582620666305,-0.02326824009281179
2019-10-17,-0.03261522447576869,-0.03629981229997592,-0.020979585604709656,-0.02631046989828535,-0.007495476227777623
2019-10-18,-0.02974720430445312,-0.030277561975910076,-0.0271933027098512,-0.023027606746946986,-0.0021978631720762313
2019-10-21,-0.02480619909006453,-0.02199175195808478,-0.01805863507594158,-0.005090305193121284,0.007510604481265649
2019-10-22,-0.01794088680405519,-0.02476762427105799,-0.006897819618918082,0.0010932877054867082,0.017432085804025593
2019-10-23,-0.02295357231784815,-0.025225468074603886,-0.0017742293293189456,0.005031167412090592,0.02286171970219017
2019-10-24,-0.020381046887280124,-0.027341245238700847,-0.004209334469124376,0.013688478189167897,0.01695273904928499
2019-10-25,-0.024917009124385204,-0.035113683102071774,-0.01983064030888799,-0.0074958899222602095,-0.003337184577951124
2019-10-28,-0.01723463078544875,-0.030423827861457663,-0.027322279799307583,-0.03841628462521664,-0.04328466529253087
2019-10-29,-0.016898924423094742,-0.018266577722041384,-0.018304643901641195,-0.02030516682229783,-0.027564573103278287
2019-10-30,-0.008947566507536444,-0.015556621483337032,-0.002623641195159123,-0.0093207549337004,-0.014964097717116157
2019-10-31,-0.010774247096960121,-0.009836911843421448,-0.0077342201071824036,-0.00412064604658134,-0.004620673739645458
2019-11-01,-0.017809361557949904,-0.020344400111116902,-0.02038826475551083,-0.006669403843749639,-0.01700031191309131
2019-11-04,-0.01844244527864358,-0.02431196388028686,-0.018676219649084575,-0.015488238467618806,-0.024039444695889076
2019-11-05,-0.020214478378868427,-0.027870838330120162,-0.016188726382153837,-0.012001070426553129,-0.026133713308494844
2019-11-06,-0.015784806952998005,-0.021662918297841897,-0.006764925319188096,-0.005390918663198496,-0.01344112867677722
2019-11-07,-0.012116384090184935,-0.0216141418499196,-0.006163885688617252,0.0010390925829846195,-0.0038046215934031385
2019-11-08,-0.006961647427177222,-0.012580002800116053,4.172677719613004e-05,0.007366539036000537,0.013472070095415161
2019-11-11,0.0164868570265705,0.020049719511170957,0.023007534796103343,0.03758059821955808,0.03820215819070568
2019-11-12,0.019062816686634596,0.01825785477347147,0.024415263071569243,0.039328504201058816,0.0432739782942873
2019-11-13,0.022937757570492438,0.023425522551115213,0.022189080388311352,0.03960668300443839,0.03888788161279032
2019-11-14,0.0162493962986246,0.015520849246378607,0.020349317826976077,0.026926106931786285,0.03038948673192284
2019-11-15,0.036136421782270174,0.040994459597886564,0.044044836998925294,0.05058212333100142,0.055753658655311934
2019-11-18,0.0382311365321489,0.044698180857791606,0.052383273165736516,0.06197176349784894,0.0718812321102247
2019-11-19,0.04185063957431871,0.04727134412808153,0.04905127799531768,0.053385527435964975,0.062010011942131474
2019-11-20,0.044869637360155694,0.05679016706816847,0.054549333840721616,0.049781927982458396,0.08063329618344461
2019-11-21,0.04686004026807302,0.06285180121175134,0.060274236972212854,0.05572374060439026,0.08707861413729097
2019-11-22,0.044053295224115024,0.05799149402878281,0.062443210718304346,0.05667755695772683,0.08607838911855951
2019-11-25,0.01754362499133266,0.02662112687586353,0.034196497187773116,0.04632284623524475,0.07447639292223526
2019-11-26,0.030766144444771954,0.047972235680279,0.050732401415767285,0.06253712091388848,0.09088418020311803
2019-11-27,0.03240398767286659,0.04935876475226482,0.05281718286824425,0.0710409128118533,0.09450043599286152
2019-11-28,0.047071234576273574,0.05859681125387285,0.069907775487611,0.08527638704540724,0.10281174293510413
2019-11-29,0.043421747413780284,0.05887544095850085,0.06948376418205372,0.06836830102089013,0.09316748337300666
2019-12-02,0.059116453106530915,0.06880276759620046,0.07986007424417363,0.07419932170357889,0.0976828787555323
2019-12-03,0.05999767667453766,0.07184651966335927,0.0767733463370805,0.07839973356683352,0.09860538685457945
2019-12-04,0.07245117977477693,0.08634106734099059,0.09484519968329289,0.10379222141044606,0.12113918106165585
2019-12-05,0.06619308269250061,0.08693989237386524,0.08768175601745279,0.09836955929026399,0.11365584392621267
2019-12-06,0.06722935154105478,0.08827946616976004,0.08293857938545895,0.1055556781612349,0.11691436253644427
2019-12-09,0.07152732758354076,0.10386833461534843,0.09588929932751003,0.11255377342093606,0.1313690908840117
2019-12-10,0.059723067537243435,0.08739984066236012,0.08581033562013451,0.09212670945877362,0.10233623381989752
2019-12-11,0.06966146196420268,0.10363741830858705,0.09887895800581568,0.11229655615727865,0.12671306117403242
2019-12-12,0.073305851124745,0.1009640498142034,0.09621865600496418,0.1119311564332544,0.11895623357871525
2019-12-13,0.06317685080739,0.09060771147641156,0.09911372970458615,0.1120488045529846,0.1257617400275161
2019-12-16,0.05142006400153067,0.07905879857654113,0.08438130874282436,0.09329041927142727,0.09824899309772275
2019-12-17,0.03021519493027726,0.047334502561682444,0.07011201381682099,0.08081274490126455,0.08035932710407542
2019-12-18,0.027254254375931687,0.04200822999427357,0.06398570041764935,0.08218547622215187,0.07456792369036964
2019-12-19,0.02068774281631852,0.03379160861947147,0.060469942235896586,0.07208659417650169,0.06726316903691826
2019-12-20,0.02981174228636036,0.053046005564569135,0.08336612747968694,0.09316715937339468,0.09537019654314768
2019-12-23,0.030471894274318283,0.06368291835783062,0.07937833606786834,0.11061257658106441,0.11036869467894626
2019-12-24,0.01936620434755988,0.044171646275686316,0.07199255099183051,0.09565415413807234,0.10242687509463187
2019-12-25,-0.003531135786115882,0.012208521604733668,0.0326403974167647,0.0522029145215102,0.04901108972125897
2019-12-26,-0.094215412115126,-0.07156629183429794,-0.0670355356378055,-0.04149781140491747,-0.05072981994662135
2019-12-27,-0.0852895436213938,-0.07534599421455268,-0.053718067256235597,-0.02662087626689763,-0.020553817460460398
2019-12-30,-0.06988077569371827,-0.06692557070209158,-0.04048196694408831,-0.015841049240898766,-0.00030102830603167624
2019-12-31,-0.06888844515772068,-0.05691789472766113,-0.01771608518586408,0.005878298839950614,0.0418065866732173
2020-01-02,-0.07817398638596944,-0.061258856881486926,-0.034740010953649966,-0.0008074666632098971,0.028122460649133475
2020-01-03,-0.07649927396574178,-0.05043977667895409,-0.024898838817371236,0.002408269764532909,0.03705085211814812
2020-01-06,-0.07917921048225139,-0.04817609355396824,-0.0420690105569623,-0.016448111433117436,0.019505901199203573
2020-01-07,-0.0801827848272168,-0.052994687661379616,-0.03665700871481716,-0.01391404999738202,0.03267299659272289
2020-01-08,-0.07592779410517529,-0.04697770685561166,-0.029061482623637416,-0.009144219467542517,0.03519821631052511
2020-01-09,-0.08335958242006408,-0.06764537170534697,-0.03277459415998851,-0.022098764866845224,0.02179098507886741
2020-01-10,-0.062023274880711854,-0.03566516029960763,-0.003944229517515024,0.01166347224584787,0.06796584855999048
2020-01-13,-0.06820544189889712,-0.03264634117308444,-0.010878108144146827,0.011465778636259766,0.07744913565595939
2020-01-14,-0.07045162901026107,-0.04105182069082615,-0.017030653559836784,0.017468718272033164,0.05652732420857706
2020-01-15,-0.044913085950410624,-0.023494823705817656,0.005709432316385659,0.03635305091115847,0.08364412339825988
2020-01-16,-0.036739942774809735,-0.02012336325350567,0.018462057536550894,0.059678684198592596,0.10330480579136857
2020-01-17,-0.03838776371192729,-0.013315930638041762,0.02893447065360367,0.07743033460963553,0.1322824584105951
2020-01-20,-0.06294110055842676,-0.018164702923881153,0.017706220996963513,0.06910149318866589,0.12932624328982464
2020-01-21,-0.043252932229521604,-0.01759401850071043,0.01313738733496267,0.0585105784774547,0.0922364928531574
2020-01-22,-0.04309077183650931,-0.012434968219169538,0.011259215840126378,0.06170652962361918,0.0722437062662534
2020-01-23,-0.052557248908099714,-0.022980871113238932,-0.0058243575779627285,0.04042460706242723,0.048312775507532754
2020-02-03,0.08073525983825007,0.11322885047395743,0.13012816291733978,0.1802929942274548,0.17873981635832273
2020-02-04,0.07985111872737903,0.13116937412847504,0.13895432422829346,0.17892011659265702,0.18233369911435512
2020-02-05,0.0814884417800392,0.13178663065297097,0.12667949783875004,0.14860232511510574,0.13312232372650168
2020-02-06,0.09021349660775484,0.1261396848653728,0.1278335787564185,0.128666420079264,0.10447090821124551
2020-02-07,0.08182476503891926,0.11223489293796847,0.1207787897343572,0.11198125259381464,0.07385604785017427
2020-02-10,0.03541991426782662,0.0556631737410191,0.06313821698223189,0.06314067632239677,0.020207829630829427
2020-02-11,0.0466018741493583,0.07693840130980403,0.08884892240689306,0.08386705967162632,0.060846030323060886
2020-02-12,0.03936869566550933,0.050844550923196986,0.0545789155550478,0.06401486057376761,0.01460120189739146
2020-02-13,0.02766431353595688,0.04758088444549532,0.04782261544572524,0.04356729814866509,0.001494409768251544
2020-02-14,0.015317849065673598,0.03533297622731764,0.034541210878257365,0.022748412975154415,-0.008201170363771557
2020-02-17,-0.03474283229307432,-0.03354341785324629,-0.04267580842210875,-0.051469497204940415,-0.08908982306094487
2020-02-18,-0.03743614209257772,-0.0483541499652455,-0.0519239715570626,-0.06853162029077282,-0.11120553183747282
2020-02-19,-0.046072743558987814,-0.06853738746511195,-0.06937377532352505,-0.07714833455800026,-0.10865569741347275
2020-02-20,-0.06653980070438725,-0.09308705181076689,-0.08778445148933775,-0.0822557532548241,-0.11804016248555373
2020-02-21,-0.05608472594135397,-0.07800359112409387,-0.08850462387310894,-0.08020688962775087,-0.12930434155201911
2020-02-24,-0.07334052441745426,-0.11086328387538136,-0.11877168157184878,-0.14069264230223621,-0.19289897890604418
2020-02-25,-0.04187418994723897,-0.07764495538093587,-0.09926015404071374,-0.13012943661797044,-0.1955007427901239
2020-02-26,-0.03637065062739924,-0.0543298193293856,-0.06958209645977526,-0.07959494245895138,-0.14149258367336062
2020-02-27,-0.047152290561810216,-0.06799839356215723,-0.07432460014593976,-0.09499780272976596,-0.14462060707977742
2020-02-28,-0.00832451549072633,-0.022949636895467144,-0.018322008395028844,-0.0424108060408538,-0.1121316097093044
2020-03-02,-0.05285864123860583,-0.06337849237751136,-0.07874495156972604,-0.09929855742521665,-0.16479352351153612
2020-03-03,-0.05697941848000869,-0.06079574333703204,-0.0873699632221816,-0.10546792560358635,-0.18006866130428248
2020-03-04,-0.07240011972653333,-0.08439347632288643,-0.10733008921320239,-0.11896133088010465,-0.16708673283203096
2020-03-05,-0.07898738453001189,-0.09574098818046496,-0.10701339038866972,-0.1203146480517812,-0.1472425608682345
2020-03-06,-0.07427709926943962,-0.09369019472533496,-0.10760588419719527,-0.11977987950181691,-0.15046121461468928
2020-03-09,-0.03270700226103509,-0.03813131909985392,-0.04840182435554615,-0.060119199201724205,-0.07712141686303205
2020-03-10,-0.04211700447613478,-0.04940821313227064,-0.06098632713090845,-0.0818292271770934,-0.10717251296162188
2020-03-11,-0.03575979723405398,-0.03796284735902494,-0.045301834710785395,-0.060407866920030584,-0.0788051123857542
2020-03-12,-0.025099256112907094,-0.032857394144814894,-0.04152337115931297,-0.06172669238094812,-0.09014164823393972
2020-03-13,-0.015973670459132165,-0.020971073382502866,-0.03300442882196965,-0.06570173587654275,-0.09635714290468256
2020-03-16,0.012060682054399828,0.02448370639520162,0.03171932642958772,0.009437067639928742,-0.01880109946225178
2020-03-17,0.012271620222362379,0.030110704551737012,0.021590191891522895,0.006058598883589319,-0.0193296051326831
2020-03-18,0.03318221996264037,0.04311880874057886,0.04627233957777728,0.03082825213903351,0.007942200148828061
2020-03-19,0.03690839806714395,0.048737206865387545,0.047810126621978845,0.03140714012169385,-0.0019214156477332495
2020-03-20,0.0224161044904408,0.033667944903287166,0.03756456910153405,0.03210453614748795,0.010642252895257538
2020-03-23,0.03728417566528203,0.06221413833050376,0.06604214179963194,0.07333150363659995,0.06321163603861604
2020-03-24,0.024121492820032273,0.0471066727831307,0.049123587860679635,0.06092455584193135,0.06093906021972862
2020-03-25,0.0076694995180958125,0.025415457160179664,0.01851248101747362,0.026949847362265866,0.02112314068795868
2020-03-26,0.0032354181713444446,0.014903919300840425,0.018937474970971778,0.017349566237163137,0.013269293025322912
2020-03-27,-0.0024005685530916615,0.006776201935037634,0.012951986822196221,0.024075115876460527,0.017175291829933232
2020-03-30,-0.007739480115349712,0.005637405398774037,0.018888249129904507,0.04533640175085337,0.035401849095522644
2020-03-31,-0.00011131406165804335,-0.0003182528957840235,0.013622468688238718,0.04461954488426339,0.02700494574755908
2020-04-01,0.018453536899254237,0.01895815029825991,0.03727492332948402,0.06999754728539746,0.0642964330606413
2020-04-02,0.008917783363943398,0.02060368094913411,0.027803166545347393,0.07181063282894062,0.05238557773607062
2020-04-03,0.010229313273614078,0.019785651134959118,0.036730720985707045,0.07287921950931124,0.06007946621365553
2020-04-07,-0.000938672156183378,0.007130241700338807,0.01615054583513839,0.04935179622716967,0.02869826230455208
2020-04-08,-0.004338416205357171,0.006688902790435813,0.007413153047201803,0.05340011559127167,0.0239338777444291
2020-04-09,-0.01064423847672355,-0.0008644677092744459,-0.0005495276516290186,0.03601719351209143,0.023143813836596874
2020-04-10,-0.0009315624905588749,0.014203244408616856,0.022819968078769765,0.07063722408887275,0.05775536773922377
2020-04-13,-0.004930853606054898,0.013379642618759778,0.013407795424040643,0.0657115327373301,0.07388652483456686
2020-04-14,-0.013085592359719457,-0.0019031649179530824,0.005968579030323771,0.03476422023210275,0.04550741419921058
2020-04-15,-0.005704039157554504,0.012881343463372413,0.01436326874988637,0.033817742016084375,0.0291511995757995
2020-04-16,-0.0014022699489407108,0.016801166242050997,0.026958566342763897,0.030050162648287283,0.03493130966799329
2020-04-17,-0.00739354118849768,0.015044410512498402,0.011006018442214965,0.019651489924468565,0.01742229622669354
2020-04-20,-0.011976866528559704,0.00553355743851935,-0.006453253492224832,0.001423363480146291,-0.022217509852191453
2020-04-21,-0.012337277339344178,-0.012047515526238792,-0.007960438651058851,-0.010218151193445059,-0.037141844210686684
2020-04-22,-0.016100970580877193,-0.01517622521835088,-0.018830073634145406,-0.0315244405620244,-0.048417925085175686
2020-04-23,-0.005676285191194027,-0.000839157615586516,-0.00030507475547170105,-0.0007529524376295307,-0.020537299419898472
2020-04-24,0.0071208198243088066,0.01331862952745293,0.010850660018110376,0.006992900485801717,-0.011496735691158695
2020-04-27,0.006812583256374025,0.021942155515207347,0.012960352546579458,0.0020620237273125215,-0.010407342430236962
2020-04-28,0.018649265222538583,0.0346943994923065,0.038130113740945215,0.024981280524541846,0.003974639853872455
2020-04-29,0.034590637012621536,0.05172189229263608,0.06191567410646817,0.05839449368587677,0.05249119683253029
2020-04-30,0.021635918712851053,0.03739156962559351,0.03912469924666612,0.03655648114498038,0.03283909313241915
2020-05-06,0.015128283903800718,0.02016159367511192,0.024300363056829907,0.014307977194767505,0.019221493771119653
2020-05-07,0.017653608697265236,0.02130718338633784,0.03540703816415389,0.021398925910360817,0.020842585136869037
2020-05-08,0.005130252233606865,0.01723618565455836,0.01747814544918701,0.017517711361574328,0.014107939888903078
2020-05-11,0.009011189563989198,0.017360327191547002,0.017139860672360802,0.014337137279476277,0.015606388320987865
2020-05-12,0.017771009980322282,0.023873690701852274,0.018593335541438633,0.024066371035091242,0.016997986090641598
2020-05-13,0.007341508717781023,0.016623832877059628,0.015424764366433726,0.022591757850960972,0.006353243112726927
2020-05-14,0.00995991607826252,0.020831171291369466,0.016239397248175858,0.028276507352212814,0.012032920986475352
2020-05-15,0.004017269310286883,0.02019187524894631,0.022664943847546023,0.022214873357667655,0.012161553145098975
2020-05-18,-0.0011758720269782622,0.01567629749181063,0.014474890632187959,0.029541245261398803,0.020164245595246866
2020-05-19,0.004067960033566074,0.01938895620409118,0.02461338898907802,0.04799915862795279,0.022751974798418513
2020-05-20,0.012598060839778697,0.030543406988376036,0.034847686179338457,0.06393130326319685,0.04157500196263058
2020-05-21,0.02349958244756644,0.040799604435390525,0.049489837803961816,0.06132157092965009,0.06302039473969014
2020-05-22,0.03956314600744903,0.07081982896172484,0.06954454931161898,0.08523165418192574,0.09970228844801779
2020-05-25,0.034751901535660455,0.06911169250749251,0.06714406032294602,0.09168596240098249,0.11247050390451725
2020-05-26,0.02541003007809156,0.046084751376413165,0.05112796744317213,0.07428509101427232,0.09179582386025933
2020-05-27,0.022192161207792754,0.04750135602083443,0.05602570947066717,0.07646354900520456,0.09910676896675429
2020-05-28,0.009223872639906818,0.03855244488525513,0.052732175698356885,0.07776647297976792,0.09748556330947693
2020-05-29,0.01972456596388354,0.043957293952426466,0.06509043504570525,0.07791306324490625,0.11111423631519125
2020-06-01,0.00965163167891355,0.03520253675677783,0.05145550650535983,0.0420706897256442,0.07636783348710205
2020-06-02,0.030125153349853176,0.048201735354691265,0.07233721513055108,0.060322227752738246,0.08288939811113782
2020-06-03,0.05306837175567035,0.07573724961789403,0.08979073150505229,0.07158692125240654,0.09218600301639224
2020-06-04,0.11589391964872954,0.14143123045212952,0.12450628542223532,0.11232052277553055,0.1232599916894579
2020-06-05,0.10912936044542078,0.14144800657320603,0.13255594963362938,0.12245545359840615,0.14471346202689941
2020-06-08,0.13259557736137315,0.16689589133459465,0.15062448617244292,0.15714743576182155,0.17640437564511507
2020-06-09,0.14928313586026373,0.18043960834790695,0.18062635718546946,0.18681976554088361,0.19650534983464413
2020-06-10,0.1316813313729648,0.1731580600624824,0.17358140272656822,0.17724927450667632,0.20200493472979686
2020-06-11,0.16904835266817597,0.20849015467267504,0.21700403400681065,0.2251398718512519,0.2400031511383333
2020-06-12,0.16602583447906918,0.20148986956217463,0.2198513537367604,0.21328773534695916,0.21368511446553312
2020-06-15,0.14387906279202586,0.1780503208220248,0.19634749190088036,0.19084383849557354,0.17922960112478498
2020-06-16,0.10148075453586126,0.11311745238500832,0.11895491733244043,0.10930941190645851,0.08357324920277223
2020-06-17,0.08739543079833724,0.1091239954980311,0.12007629189055306,0.10950649405169001,0.08182789158286002
2020-06-18,0.128284470418753,0.1597545548793874,0.1576870140540662,0.140918049041484,0.10540182177605216
2020-06-19,0.11906671663119593,0.14699624529124072,0.1572200951890199,0.14125137939107607,0.10732510834697888
2020-06-22,0.11879042517865465,0.15166310111264422,0.16409750160537132,0.1485463938616474,0.12414255188027
2020-06-23,0.11682078027860625,0.16010636865724634,0.1612342373233993,0.13213652456845634,0.12415068930611577
2020-06-24,0.08969697683663026,0.11592768899627508,0.11098782108203174,0.07775249946914167,0.06884171216726866
2020-06-29,0.10476054704695915,0.11918565977828446,0.12639887181828735,0.08816233519969716,0.07172763342698095
2020-06-30,0.10548031111257358,0.11177758077333189,0.11960444858517419,0.08098986330722742,0.06778984408752353
2020-07-01,0.11892182711026307,0.12163192239900247,0.12808324999653609,0.10379715924911165,0.09891182695556154
2020-07-02,0.09795408226771846,0.0986871090012728,0.0923718906027647,0.09357230638768213,0.0850512426928348
2020-07-03,0.08933431353535323,0.0805478402099278,0.09226087065800048,0.08888523742929326,0.08951634716765262
2020-07-06,0.0820337190522638,0.0670361108635675,0.07014640991010551,0.05774434118991413,0.07688137120444197
2020-07-07,0.08416315280030535,0.07039893208962819,0.05695884491554639,0.03836515999971157,0.045844350123965365
2020-07-08,0.07182009948770507,0.05697470342343952,0.04646979968304876,0.029531356786635075,0.024874275321754822
2020-07-09,0.053114905976678686,0.026986261858806385,0.014413609732470847,0.009933122763213908,0.006855862413171048
2020-07-10,0.043372852406864455,0.04874207648038825,0.010194876400276904,0.00903946507320633,-0.014300518884804126
2020-07-13,0.026252631176854016,0.03132065703953678,-0.007897918649242816,-0.02188411287016419,-0.049106352658577865
2020-07-14,0.01916695016484548,0.011030535971168636,-0.008412226338805345,-0.029170043213760564,-0.06467057224722617
2020-07-15,0.034167544086684085,0.013937780893416116,-0.0109520436002168,-0.00841558216742614,-0.02929634161811599
2020-07-16,0.07212691417115005,0.06795656048587446,0.045181336042338226,0.05160817822648762,0.018852491305637438
2020-07-17,0.07605962547329775,0.0747253946459308,0.05685586840714033,0.053913293297949326,0.03374391574055428
2020-07-20,0.04865755568361536,0.04549056857310687,0.05032306588731033,0.04323190312573654,0.030846084316433812
2020-07-21,0.051899620631879445,0.04983255849784555,0.04834332894618494,0.03344979758490693,0.04701828699387925
2020-07-22,0.04763522356513341,0.033059702545512555,0.021807996840965932,0.017227307652380522,0.007125504949316421
2020-07-23,0.041526642316105075,0.030539644567147507,0.013228093710831192,-0.0016151408440191796,-0.010552545585906346
2020-07-24,0.08058625113338368,0.0800998031386216,0.06366592269266905,0.06303530095036118,0.04772011963263219
2020-07-27,0.08501838969102175,0.07826182197957611,0.07477298062618686,0.06780156240648494,0.04691749206101281
2020-07-28,0.07151002346087076,0.06493455503684428,0.05643713939834018,0.045643752690436024,0.03110166545504992
2020-07-29,0.045544672681090345,0.026440848317081933,0.015075004856050116,0.0017130176659180922,-0.03664562566011888
2020-07-30,0.05171516956781171,0.0370369554756942,0.027566923014139866,0.014308639547612896,-0.029917845208973205
2020-07-31,0.05634321959248943,0.038546756210188264,0.038351604184910834,0.020080167383217756,-0.02905556650491042
2020-08-03,0.029029536963127555,0.02260135178865025,0.009622923308823528,-0.008492537489842567,-0.0634669209295009
2020-08-04,0.02863964064558311,0.029854405656135286,0.018410095745933247,0.0030537547853599373,-0.04438186530334299
2020-08-05,0.029824134428750825,0.02333726568433646,0.01918112958901438,-0.011421104586756796,-0.06152498804305844
2020-08-06,0.027435099427533034,0.01076357342353374,0.013854229327606136,-0.012116879438532851,-0.07747807788152104
2020-08-07,0.03008574600274743,0.02406126823963943,0.01517452192034225,-0.00314578977986804,-0.06734037283253559
2020-08-10,0.01165780985513644,-5.155517020559368e-05,-0.016255608671096038,-0.027699067698023817,-0.08367818406379497
2020-08-11,0.03869750250690956,0.034487182131838386,0.0030339026740603386,-0.005315544956054963,-0.06259031720912743
2020-08-12,0.030831179466242194,0.014235358579608543,-0.009935981956943146,-0.029932635617135956,-0.07048700705462077
2020-08-13,-0.005763958816612692,-0.016840890347016933,-0.027523245670855963,-0.04908437135013889,-0.09084434774799825
2020-08-14,-0.013658088934585021,-0.015033295319073124,-0.026681072532051587,-0.04195592828204215,-0.08214689995428535
2020-08-17,-0.020653604072794565,-0.03058266311944451,-0.03780381283071498,-0.04713781068456357,-0.09629143064548845
2020-08-18,-0.022648970265007912,-0.029377930084743552,-0.03769095869727903,-0.05258407926614466,-0.09532217762315932
2020-08-19,-0.02359352035119664,-0.014447715391394318,-0.043215701858854746,-0.037046386963679095,-0.07257141260292573
2020-08-20,-0.017687618860146328,-0.003187130405817155,-0.02302566491547035,-0.025070419161237686,-0.0567488651555135
2020-08-21,-0.0017271173091457702,-0.0028148999899265297,-0.015204463894710274,-0.02229001350364934,-0.039118393893643306
2020-08-24,-0.006809229894926595,-0.006988623157704802,-0.036624449224391724,-0.032712762652944864,-0.04005125748099979
2020-08-25,-0.01601155027199422,-0.02830567804124984,-0.039728747761764216,-0.04514011152556507,-0.0409168284421264
2020-08-26,-0.006474707987852375,-0.01296282767593386,-0.017612501438104243,-0.01649867225344982,-0.005141756563236961
2020-08-27,-0.02890100113436009,-0.05024535160667037,-0.05385419556535361,-0.04824530280174552,-0.0383176182844239
2020-08-28,-0.04523751658744582,-0.06578032364890353,-0.06816997402698584,-0.0640362372061869,-0.05903522883320615
2020-08-31,-0.04853465915061633,-0.07494655437682027,-0.06684195678540765,-0.07150429082209878,-0.07463941770269779
2020-09-01,-0.04794300908557824,-0.07192850964375598,-0.06902868041549887,-0.06970354855754825,-0.0734488238361314
2020-09-02,-0.05356665473750124,-0.07819327261199929,-0.07899023244995924,-0.07005301042334021,-0.07306851327786335
2020-09-03,-0.03291227573152108,-0.047736019682864735,-0.050713816471187514,-0.030055598165923937,-0.03301783875587915
2020-09-04,-0.008940419154418091,-0.020376347528121605,-0.016994376196089966,-0.0034078242276583833,0.007788590528282644
2020-09-07,-0.007379836700629135,-0.008113748744045461,0.006002716955454429,0.02333386894451189,0.035943295695282214
2020-09-08,-0.027569691829799285,-0.02496084370996937,-0.008093034261837134,0.018194635550932835,0.02265162919990457
2020-09-09,-0.024015777477004247,-0.016495309174947684,0.010030960623505818,0.04609543040470069,0.054162369209597806
2020-09-10,0.0007041773077621398,0.012111468692870761,0.026911132404010867,0.05273924975699686,0.07123013540455062
2020-09-11,-0.003325367359196824,0.00030828003080298155,0.006905789085534883,0.01839365179579038,0.04356774526698495
2020-09-14,-0.0031353846481767264,-0.0005650967188109999,0.00972435247639989,0.029355604911823673,0.03203702289287271
2020-09-15,-0.005215385999694335,-0.009278409556253413,-0.009771007194699657,0.008065411780914609,0.008659100937201987
2020-09-16,-0.008455124194550986,-0.010090340751366698,-0.006799826909874689,0.004509503002004195,0.01173421140780985
2020-09-17,-0.010644532653012432,-0.016274629663763925,-0.024588523139784314,-0.013714125463717463,-0.01098442946167891
2020-09-18,-0.03236773832794776,-0.04459873684177979,-0.0419103269504499,-0.022701700918162284,-0.02627017511056272
2020-09-21,-0.03185410466871309,-0.04454347376471859,-0.0388818081880776,-0.01205394319697175,-0.01976527471630236
2020-09-22,-0.019787927411759016,-0.026101212556007312,-0.023756790685048948,0.01199417556930876,0.0036555223076363223
2020-09-23,-0.019854299427602123,-0.023634929612015926,-0.02352515970062107,-0.0012945588392589745,-0.004338375546385635
2020-09-24,-0.01615270957678709,-0.023034026528070288,-0.01802831444662695,0.0007446057914821685,-0.0001805461684759686
2020-09-25,-0.015046567643212161,-0.019040856396776877,-0.017517157985677594,0.006337525401494187,0.014851785086412876
2020-09-28,0.005089343164351836,0.008974588447218426,0.014812365966711604,0.03171206478536962,0.03650101689856655
2020-09-29,0.002678556284707924,0.0012801404834194199,0.010850764262739286,0.022677188812838422,0.01997709219805678
2020-09-30,0.021128380414197828,0.024244178523500495,0.035242089496618285,0.041607520952989,0.04696126313152832
2020-10-09,0.0034008565811858636,0.0012916397447762572,0.00165606478387425,0.012620131613226128,-0.008521278821060642
2020-10-12,-0.0021432508330585776,-0.005957926574788688,-0.002920095953845887,-0.001967715829468808,-0.011524406147351385
2020-10-13,-0.0029919424227644025,-0.01167932247003151,-0.010949752786119841,-0.015048423145762744,-0.026548034509350546
2020-10-14,0.0018920017339942978,-0.0031531673386551284,-0.01784022801006148,-0.025681007164712118,-0.03378639181566165
2020-10-15,0.0027732333760414605,0.009170976866948288,-0.011435143790923735,-0.015344267582358644,-0.020092211843560477
2020-10-16,-0.008559173425049665,-0.0038028239587281085,0.0013605060393856996,-0.01015112059658533,-0.01169783294380771
2020-10-19,0.014271180413576437,0.01727593791115808,0.022738489228358822,0.012602906929597812,0.0038330438016797885
2020-10-20,0.014168398458545218,0.009184085008064799,0.011791224741607778,-0.008286115142956877,-0.019996117554037914
2020-10-21,0.019722499435793864,0.01810870638309179,0.024308459091610928,0.0022898105754918484,0.0002242229294496532
2020-10-22,0.01947595738862417,0.022714807665786204,0.03345826522087029,0.006504428690339698,0.0151338519435419
2020-10-23,0.024107966486057786,0.03901535699569546,0.05519125090545863,0.039221831830004904,0.048065818265048084
2020-10-26,0.03712372972103264,0.061230389655919114,0.06589659469166965,0.050930203776281886,0.05378618033773114
2020-10-27,0.040764179655528913,0.05708615655203948,0.05809225932563678,0.04985701450838071,0.058089459972042554
2020-10-28,0.0324975629570658,0.04132827413748244,0.036189944076128196,0.021839921482829365,0.033251740749530176
2020-10-29,0.03393796865633275,0.04593231406215227,0.027732919078553235,0.015079798813623174,0.027044502513613258
2020-10-30,0.06110428051541118,0.0707680256497584,0.0601596040609333,0.03407516828744984,0.04657827949328004
2020-11-02,0.06592608125289202,0.07126946124416687,0.05288632833105346,0.03780951714777421,0.023754910311784935
2020-11-03,0.06113170345736806,0.05453303142163565,0.04726986176116399,0.03701914990936264,0.029763936110535898
2020-11-04,0.06869154721185548,0.0607383459017011,0.0544407649058697,0.035591097379586864,0.031407790317003165
2020-11-05,0.05324712649818888,0.044057117349198885,0.031436342949948085,0.019597641024293642,-0.005455872958716378
2020-11-06,0.04681381929952395,0.0470562828189961,0.046427748642624264,0.023320390503652744,0.01361327966590158
2020-11-09,0.022430355595482777,0.016644619790322265,0.013609679944985763,0.010351826161266824,-0.014219703487886084
2020-11-10,0.02317214212461807,0.01934329059723878,0.021334258870923342,0.012797704675936685,0.0034145420904156502
2020-11-11,0.006350216891505434,0.006888431395543232,0.007319087799519215,0.010775503483098123,0.011606859407880933
2020-11-12,0.006088984954078867,0.007793751832370399,0.004187983656131475,0.004270762632045677,0.008333653489926596
2020-11-13,0.0006563327436453065,-0.003228446469769561,-0.014661653713042322,-0.011698780381668562,0.0007899810487382747
2020-11-16,-0.017225270742267568,-0.013799410454674614,-0.023222483187654696,-0.017792711900798237,0.011610558009791308
2020-11-17,-0.02267378150857263,-0.012680292599261256,-0.01758590425373394,-0.002770827406053406,0.0248933346585917
2020-11-18,-0.02930418241066489,-0.029556514554484867,-0.02457298188016972,-0.006647118798677712,0.028444058435905667
2020-11-19,-0.01952956631982628,-0.020076194752730286,-0.01623021506013148,-0.005033357009840319,0.040514658529447356
2020-11-20,-0.0240329441177811,-0.021119301855628304,-0.03017417400682597,-0.013754725360759031,0.02965655191599036
2020-11-23,-0.02896511776697547,-0.030838090685468337,-0.022388012790711027,0.0007427519209071997,0.04640353550874949
2020-11-24,-0.042591333305143496,-0.04850809601649473,-0.04249607641673404,-0.02200560651561638,0.016673851325115747
2020-11-25,-0.032400484504434585,-0.03632001604129185,-0.01988239556566299,0.002434535585020207,0.06158395914645746
2020-11-26,-0.047017969039922315,-0.04810087211451216,-0.027964934527859062,-0.004444342931671593,0.05563669573114646
2020-11-27,-0.04280162999658021,-0.04199210046433752,-0.033125999064580754,0.010196448610863744,0.07581419905903075
2020-11-30,-0.051730661660331675,-0.040335028219145135,-0.039522904862340995,0.008689178804737898,0.08209204324394091
2020-12-01,-0.06227213153500894,-0.05469158070042223,-0.05358882195712108,-0.016672847894067904,0.040059727629715505
2020-12-02,-0.06449338313632517,-0.056830835319551395,-0.048335347026636964,-0.0043231243971702995,0.05653224790023791
2020-12-03,-0.06375698650134018,-0.03980803758473277,-0.031737533870922555,0.011418230392734614,0.08119833470568057
2020-12-04,-0.05887995311993097,-0.02882220884502054,-0.016145413504038017,0.023874582440333504,0.10465640792948154
2020-12-07,-0.050161781938052215,-0.02644973519157109,-3.843311049966607e-05,0.031879524301622976,0.11731999854767154
2020-12-08,-0.04927226572424459,-0.03159107312865612,-0.0018556851016535928,0.024959974385324518,0.10655979958494477
2020-12-09,-0.053220625193800324,-0.02231844526788438,0.00779534352925657,0.04935408172714183,0.12202172470887386
2020-12-10,-0.046776648999835684,-0.016856449552770873,0.012942971671117097,0.046946207986144094,0.1056413190122583
2020-12-11,-0.045462040737298884,-0.021777023476793538,0.022548818789715225,0.03754543448388206,0.08750518462145765
2020-12-14,-0.03909737283232639,-0.009365416637722328,0.02600950530336695,0.049331232640481504,0.08784492352524252
2020-12-15,-0.04407602552727533,-0.01574738562036207,0.029270321854695965,0.038049621343522216,0.0679215343642764
2020-12-16,-0.0254164163922757,-0.004856791609607964,0.03437919862443936,0.02783926099699029,0.04153349579868934
2020-12-17,-0.031064098011193857,-0.007180236288394193,0.0202242605066736,0.012312348275281063,0.028951411811331935
2020-12-18,-0.02605638732008846,0.0035493020292071986,0.04275644292256818,0.0318206490067481,0.039572435579535256
2020-12-21,-0.02111228307481042,0.0012040932387696233,0.013302150631147452,0.0017612687007361211,0.010307663094208224
2020-12-22,-0.010871796277772358,0.021375590880699864,0.04617648609819217,0.04180232583373171,0.04620707575844982
2020-12-23,-0.007679883464098143,0.026734243137438368,0.0488280269575001,0.04325424325313513,0.04294731106471597
2020-12-24,-0.004654176191493775,0.025729661941653045,0.05640823349341594,0.06460661678133355,0.04695881093191269
2020-12-25,-0.02115781582169404,0.006432166437253207,0.04707931488876345,0.03827173851524561,0.0347905036568542
2020-12-28,-0.02082437948057182,0.0042705112021841525,0.042651897426761565,0.025570923379586885,0.01594012409878359
2020-12-29,-0.020252927372432502,0.0036544881372312294,0.04669143538238902,0.029993028709001668,0.04917827729541408
2020-12-30,-0.02372417122519279,-0.0184343572904041,0.01934962063408968,-0.0030720321895576267,-0.00021328258416358276
2020-12-31,-0.0413024020918209,-0.035019910899934704,-0.017324150406535992,-0.028571443417081146,-0.0317943243386743
2021-01-04,-0.03879662077969119,-0.037537190668440176,-0.011723292098521814,-0.04815665890309452,-0.06285864892768214
2021-01-05,-0.047217761372682625,-0.03234519097529479,-0.014674960891269169,-0.03964883702376981,-0.05644940033943093
2021-01-06,-0.05440326666309298,-0.03954959270579878,-0.028311555207817706,-0.035371552113400366,-0.06236710380406005
2021-01-07,-0.04871698519473265,-0.046165770297412125,-0.027586946921675532,-0.046200042925976986,-0.09186840022461784
2021-01-08,-0.05125336798287629,-0.06494135868380753,-0.04182906217316351,-0.05997891737940505,-0.10584966647952952
2021-01-11,-0.03271570422942743,-0.0456660543110453,-0.012821039562326601,-0.03832375646048681,-0.0719798523303089
2021-01-12,-0.03199381354876224,-0.03092362162516688,-0.018046283277069326,-0.023460875127448346,-0.06058360882119316
2021-01-13,-0.024973841639507836,-0.014211934435005954,-0.0048445385515597595,-0.0178381152064117,-0.034047253979481946
2021-01-14,-0.011126188739189993,-0.011072934686662884,0.021360058791999058,0.006511502533386543,0.003979955880920627
2021-01-15,0.006774582364949053,0.01403544564116937,0.03735465202750356,0.03288339819029083,0.006463434989518036
2021-01-18,0.012594100613457473,0.010948696017597478,0.02474224457466782,0.01702699515562308,-0.022506990760638508
2021-01-19,-0.0026439212609563226,0.014645759675067508,0.015945707352884548,0.01220686926950679,-0.01105100405727307
2021-01-20,0.0042795859468195375,0.009053962277918614,5.102440572518196e-05,-0.0034695897733991185,-0.046091105144412614
2021-01-21,0.011995578106796138,-0.0024152608247969636,-0.018179353955965167,-0.025242822818669415,-0.061691920410576695
2021-01-22,0.01596776868686022,-0.002212107793062645,-0.02133431800751679,-0.03750657675062552,-0.08590559772799075
2021-01-25,0.03734745912784541,0.031459687848393154,0.002732613151751374,-0.015275144642629765,-0.06249958746551209
2021-01-26,0.037455545866184534,0.031348287083256134,0.011950895947651355,-0.00932686857264475,-0.051043841873123545
2021-01-27,0.0484914325847461,0.04286735077312087,0.029883579478186265,0.0018860489478544709,-0.03664447779002127
2021-01-28,0.05787973115218366,0.05151801493447418,0.034247780315372824,0.00953593664741035,-0.04070310373148388
2021-01-29,0.06821950522381327,0.06479713525479688,0.057072162133601834,0.02058119151910073,-0.01841491136354071
2021-02-01,0.06565279078473092,0.05066882149218757,0.0323573894883067,-0.02100537908931439,-0.03811978889620217
2021-02-02,0.05824085630653387,0.03479932629100703,-0.005806174127277161,-0.055538581195137,-0.07946239661115773
2021-02-03,0.05199863911989618,0.03765980602735389,-0.0031011052131087024,-0.054162146872101934,-0.06031087105231068
2021-02-04,0.08704855976204547,0.07842208221479866,0.028409826406616018,-0.00568074053837826,-0.02060859864156089
2021-02-05,0.09884133542616746,0.08258974913930169,0.04778965384929257,0.0037397840867445377,0.01186252661032315
2021-02-08,0.1034277774330539,0.08012962158785633,0.0437853890490431,-0.024352423657397013,-0.009832965218768894
2021-02-09,0.0960775667464001,0.081821340358362,0.03045385878734066,-0.03180829593491673,-0.042737475084372575
2021-02-10,0.08494494133858564,0.0779819408950056,0.029727018415902022,-0.04168751996065152,-0.037179426301865125
2021-02-18,0.06698082782901091,0.043131694875088646,0.004402379281976643,-0.04491387757892693,-0.044421283584248496
2021-02-19,0.03692515674592438,0.007857735800657068,-0.030099662979935198,-0.06352337049313239,-0.077216291271644
2021-02-22,0.04168855373704938,0.014069975746146787,-0.020539031138760534,-0.038966989175102426,-0.06078334647939174
2021-02-23,0.03817254664732766,0.010308282941053454,-0.021035313718041963,-0.050364342065117626,-0.07693612359541104
2021-02-24,0.04051237615458765,0.0045927511822811485,-0.030347494634760983,-0.05243781687224009,-0.07993333230096593
2021-02-25,0.026737134154279286,0.002658718929942198,-0.02633168974035625,-0.044350271784277674,-0.07321378604698905
2021-02-26,0.04257039924478491,0.023446565325320832,-0.00014939667113895568,-0.009148745873115113,-0.03229295281362967
2021-03-01,0.03763420766254165,0.009819612291784586,-0.012145549206385796,-0.03153078831504736,-0.059079280465956605
2021-03-02,0.034132986241234044,0.006527991282303898,-0.008757841000043636,-0.019431455803286025,-0.043522849160041836
2021-03-03,0.031220514229082896,-0.0054945695563234555,-0.021988289236658538,-0.03263722756463796,-0.07432289953807573
2021-03-04,0.031000149696621702,0.0012784662534146476,-0.001399649124322809,-0.009459610561331912,-0.03237419018840202
2021-03-05,0.0171713516376003,-0.009539257027933937,0.004419534591865301,-0.007758926717825421,-0.02058783605685539
2021-03-08,0.021047989569864957,0.00288421328496598,0.033580739036855364,0.016733589338068445,0.02598110173177695
2021-03-09,0.03778150567534097,0.027255473350599174,0.05893969098767786,0.05320055559856042,0.05525112866896253
2021-03-10,0.043078424087545836,0.037676196895927536,0.06595821821194618,0.05215763508371114,0.05156457524696248
2021-03-11,0.029097658580605992,0.015484729911189118,0.04419322207715896,0.022098800711250352,0.01651752503374712
2021-03-12,0.017514801795794635,0.009481373892557573,0.02720665923841587,0.008027966563058717,-0.013868788812488249
2021-03-15,0.004490999920219687,0.0041995753412286665,0.021379071989684903,0.011359675254651142,-0.0040031163753859
2021-03-16,0.0022507210125857734,0.006314136951783479,0.017001725015020216,0.012786939727200575,0.016291894549928562
2021-03-17,0.004323224466621501,0.0006155309981252987,0.01963247115262217,0.0024194684134580023,-0.0015267501309452424
2021-03-18,0.016461558072273653,0.021295964347846294,0.02956523751164751,0.0077651305417370305,-0.006279059979198912
2021-03-19,0.024586105308015183,0.03884626808907863,0.05051065092838786,0.03128736928507048,0.03756249704920661
2021-03-22,0.00658998273030011,0.016455612824813177,0.028463308481526856,0.019508446103346243,0.018367836384899434
2021-03-23,0.009872346968623234,0.018178977170649497,0.03574204156403749,0.03178441784927198,0.0457472301417578
2021-03-24,0.009971847348008238,0.024478377837337018,0.05190239035469135,0.051585935563998105,0.07500768492805576
2021-03-25,0.004922118440458665,0.016056209697592524,0.04337155607268563,0.048141936359386364,0.08486874750087264
2021-03-26,-0.004319840562121868,0.0032199899606203584,0.014434037947627208,0.031232806463861035,0.04710282634803755
2021-03-29,-0.004852433556909071,-0.0004360297143929173,0.010364152237819174,0.021052781425528414,0.03794939976059036
2021-03-30,0.0009400186629036624,0.010394927400087095,0.016758363527411294,0.0286053068035184,0.04154915723654274
2021-03-31,0.0024762895575888124,0.006292880855429036,0.01549052980516564,0.033850167749814815,0.039270098389774924
2021-04-01,-0.0030779232111243595,-0.008501553325739715,0.011562568053051864,0.01646430347256264,0.019665235709697117
2021-04-02,-0.0014730095719885095,-0.0054008706088109325,0.005872765985989875,0.01851858083954097,0.02370469735554392
2021-04-06,-0.0058201973737481,-0.012832399517676214,-0.002502551159952397,0.009958712599514937,0.00303240109966545
2021-04-07,-0.010207849062889142,-0.013645629046066548,-0.005549867514705655,0.012528281992035753,0.027111078492501977
2021-04-08,-0.0010504598247698417,-0.0030343317682033854,0.00316616692372081,0.007258889492748964,0.02400909501977308
2021-04-09,0.008538544486596808,0.011024172955007011,0.009305684222923894,0.02680225225245804,0.03918861065635475
2021-04-12,0.01716782093889231,0.015119119644248044,0.023520160715484285,0.023154473293035018,0.04564700870507264
2021-04-13,0.03755243115642315,0.03443773866901442,0.04422473406494506,0.048898236688674386,0.05911776124787546
2021-04-14,0.021743736280374796,0.024450477560805647,0.031036843763044858,0.03923747129142021,0.04623035017093073
2021-04-15,0.02896431796924188,0.029032298443680632,0.03741679992394893,0.04024136968079136,0.06010396191104195
2021-04-16,0.004110825638266441,0.011545428626978884,0.019440367941881732,0.038457653970464585,0.04980089190564942
2021-04-19,-0.0013590724807774966,-0.0034771451562404564,-0.00726130384577015,0.022506733020574238,0.019397754260441293
2021-04-20,-0.003711592001807514,-0.0043846370120428965,-0.01743398899074637,0.029769986625923464,0.029961134666220295
2021-04-21,0.0016961496822036437,0.005318180022865489,-0.011642247592775809,0.03676825264874124,0.038426189818206224
2021-04-22,0.016521342884554934,0.013012892415895759,8.515693039489678e-05,0.04177099989274846,0.05068082969624553
2021-04-23,0.021829650656983442,0.03302156935750715,0.010811004306526458,0.03580801574776799,0.05868976542705101
2021-04-26,0.021329543974031865,0.040971550274122595,0.022802265295830435,0.059216894483346806,0.07558600592681927
2021-04-27,0.024232482157298337,0.03701739646419472,0.02084836425701771,0.05953066781594224,0.08621687340617223
2021-04-28,0.025461113707601804,0.036391424037682724,0.03313285039568824,0.04927667810937773,0.09625616311545039
2021-04-29,0.018690952748318425,0.03302127305737251,0.04790190597289465,0.05122722074623186,0.11150966221131776
2021-04-30,0.021000862863386618,0.03506429151811819,0.03867715965516356,0.053369324519667125,0.09395725603727484
2021-05-06,0.019473938962565673,0.034638598615789225,0.029222585200239924,0.050638061175288615,0.08763218486742719
2021-05-07,0.01715498874753442,0.037113219058278,0.04800257778380703,0.0603918440958321,0.10200576303213416
2021-05-10,0.020196825037533433,0.0402111188547379,0.05024778511864574,0.07221124082918601,0.08426545891854849
2021-05-11,0.01594646937973922,0.03652346665103329,0.048195330366181455,0.053075316531505046,0.07730718445845815
2021-05-12,0.01102334003126667,0.026033469749696482,0.03668553664041235,0.05721485355298019,0.0607553075035174
2021-05-13,0.01079216283629128,0.045836308192838,0.042706065090473526,0.08272743469563876,0.07178919548553381
2021-05-14,-0.008268408727521525,0.02154595426843702,0.01258626541742511,0.05545498418324705,0.06507645942165692
2021-05-17,-0.011053557757827254,0.013758878959019937,0.0010009510636621584,0.04521183248220888,0.050382361136539454
2021-05-18,-0.015117240865396836,-0.0049794863881757485,-0.011968307819364792,0.016350620353276,0.021283876955042132
2021-05-19,-0.012126093743937532,0.003046505978938613,-0.004783009830604027,0.027109561029158208,0.04021019770680343
2021-05-20,-0.005562740757467647,0.013158502168287239,-0.0007604088436335505,0.04824381654911263,0.05031915235001685
2021-05-21,-0.003901335592971163,0.02485354389427815,0.022380796973211048,0.049749312684762174,0.05726836281108422
2021-05-24,-0.004656736373694906,0.021220834795297894,0.025725335914675993,0.04766912892910776,0.056046991673040565
2021-05-25,-0.006638028979060135,0.016691651565783013,0.016376933720092246,0.04526829591682888,0.0462941481582365
2021-05-26,-0.008580868962339285,0.005160687447932148,0.00831640812329653,0.03838848249118491,0.031369383808504715
2021-05-27,-0.012487372452746854,0.005737713410129434,0.002202426589819615,0.035854846647841776,0.03826715694544317
2021-05-28,-0.01044014430186203,0.01335214400208035,0.00783190182757566,0.03821041942366303,0.04056279624568147
2021-05-31,-0.016793949931594724,-0.008041115307796992,-0.01082611043598182,0.016337374716067558,0.02241558555740386
2021-06-01,-0.015005965255466191,-0.008103440651148331,-0.0035402520915238265,0.01835975651840355,0.021184995631134053
2021-06-02,-0.01921489424397348,-0.010378177526512523,-0.0048070490902885525,0.012706889269591579,0.019070345976694485
2021-06-03,-0.026629308051992585,-0.019297494935668784,-0.016738070047737728,0.0065024533802449744,0.016241414741449568
2021-06-04,-0.022129400146600392,-0.014658073800449575,-0.01783017425776107,0.012174056169308747,0.033572802182839985
2021-06-07,-0.022009845013114995,-0.017420506703213316,-0.025536791910424964,0.003745535162215758,0.024333509778448725
2021-06-08,-0.02468639145570766,-0.013512286162718757,-0.018107404142648605,0.02563888119898025,0.05550906541125428
2021-06-09,-0.03334060693917138,-0.02166302380339376,-0.023375198952959416,0.02185654517864833,0.0491681133839528
2021-06-10,-0.026852528320360124,-0.019201398470923996,-0.017212830296553478,0.01373523999635965,0.04933274552855252
2021-06-11,-0.023729861533214307,-0.004968148370064016,0.008022159805708829,0.03286384174737846,0.08887399575774808
2021-06-15,-0.00870883802091027,0.006569345994589886,0.033001586066071016,0.051507898215780834,0.10129168780091967
2021-06-16,-0.01258545684226302,0.004270438926753885,0.03544130305950478,0.058032978000615965,0.1255952066235547
2021-06-17,-0.010338892655076532,0.005153042726927793,0.03132434025090605,0.05825859200889766,0.10031508858398593
2021-06-18,-0.008534203871929118,0.0052733806128993895,0.021428263415138635,0.05291362797214904,0.07810017833541238
2021-06-21,-0.011213736204571086,0.005090874980695617,0.019313878849777467,0.032544951958059565,0.060200785781099185
2021-06-22,-0.018615836055214392,-0.006087987824463359,0.006413534764321281,0.04131411575674712,0.0639375318651101
2021-06-23,-0.01998612451460146,-0.0047047990436312305,0.001676946440109598,0.051055609511275975,0.08345087821134281
2021-06-24,-0.018502756455835937,-0.0013278692033807788,0.019748197881427166,0.05680697325659279,0.11615562170587396
2021-06-25,-0.025842239139746287,-0.016313493096344864,0.0069903562802194254,0.03751327712532902,0.10250743363339263
2021-06-28,-0.03616031618432579,-0.03291057127515075,-0.016350258129573463,0.02222493936655785,0.0747430934407827
2021-06-29,-0.04285180813114331,-0.04102143643224172,-0.019212325416184325,-0.004680221459841681,0.04150994465778376
2021-06-30,-0.058682719198610234,-0.053205975951502275,-0.04013432904868311,-0.029035145574813563,0.004174571124491342
2021-07-01,-0.052811706375724056,-0.036340441533313034,-0.012196926352190685,0.014776417249938762,0.07470890490239235
2021-07-02,-0.04383283888632072,-0.021579812871670122,0.007550516350517546,0.018894733263107363,0.0954049103477707
2021-07-05,-0.03195410182735323,-0.00927225140432016,0.009684846186016099,0.03898858918104825,0.08346565544639419
2021-07-06,-0.026146625067337798,-0.009178090946053229,0.0015184424390473903,0.024566262747113172,0.06661846857790896
2021-07-07,-0.0302335481108001,-0.011768858450606061,0.007748194981896862,0.024515342656540616,0.0884378951077162
2021-07-08,-0.024837912563832273,-0.005423983377991933,0.01131249400608071,0.01837122964831953,0.07846117067675792
2021-07-09,-0.026046003342904512,-0.013284493522735875,-0.002960689784380136,0.011473125203886301,0.08220481052117434
2021-07-12,-0.022213873361055007,-0.0067547740910944495,0.0012446267562264053,0.0077729084957454415,0.051739906999229805
2021-07-13,-0.021174864600639425,-0.008886780400336282,0.004346459938322957,0.011780845384985202,0.04545058016089485
2021-07-14,-0.0074882907621564325,-6.326747835860523e-05,0.020272026773393768,0.019082396197234487,0.07816441588618277
2021-07-15,-0.0024623053490149915,0.0034771713393742646,0.015837697751976094,0.030974867893036453,0.068054137864439
2021-07-16,-0.004098767286619118,0.00632343712121495,0.017453414330177625,0.03005212844055718,0.06280939728564361
2021-07-19,0.008067839665246955,0.013944336591328132,0.01864795337863424,0.029543295455205346,0.04913092631104834
2021-07-20,-0.001276081557979127,0.001703150090357839,-0.008691456964965734,-0.0017894998178741457,0.01777517430249613
2021-07-21,0.013025658617735114,0.012123490348018018,-0.004067279978810911,-0.011409061736969737,-0.0036396751836543038
2021-07-22,0.0014579942384500652,2.3026624032824132e-05,-0.014242399767325937,-0.012611364973515836,-0.006931208304266216
2021-07-23,0.002228791946765206,0.006458115438513273,-0.01608408512205185,-0.011609549224621313,-0.0003800157126654388
2021-07-26,0.02392688176567561,0.037619655668843614,0.027024708944556393,0.025345016496697074,0.038525870578100564
2021-07-27,0.0383261217852616,0.0567373550486358,0.048923068898230476,0.056908292388281934,0.10742545538675287
2021-07-28,0.05867477381331062,0.07766540916120869,0.07959614627984982,0.07346710829633951,0.15407114009038098
2021-07-29,0.055646510226300856,0.06860043330428223,0.05466487215492974,0.05035418611108208,0.0765388982579327
2021-07-30,0.055154370970490495,0.06416658432443696,0.045909792734379534,0.05456243379158181,0.07862397383028402
2021-08-02,0.04036025759021898,0.05355273861006045,0.029902570027831983,0.029554396205587898,0.08532626256931601
2021-08-03,0.05022037307471036,0.05053480223064421,0.042895361134283085,0.037002563009662585,0.12272097169231422
2021-08-04,0.06994066922087616,0.06096437367616932,0.03494385872622276,0.016723010867446583,0.05028743723635671
2021-08-05,0.08292372811941097,0.07268644328761381,0.0566039500614455,0.042322255685257264,0.07479156027729221
2021-08-06,0.09483328952941263,0.08281974669083629,0.05406058660780809,0.03793453892726645,0.03308754657876811
2021-08-09,0.09427115246142036,0.07883450405080834,0.04865913311501744,0.037087214114152105,0.04871980191771156
2021-08-10,0.1003550289905781,0.07818888416958353,0.05760195740246954,0.04866782239380874,0.07045987080329025
2021-08-11,0.10679488785274825,0.09950072091723759,0.0610368085986431,0.048112981699840435,0.05705565197722569
2021-08-12,0.1188989459983925,0.09625066547148263,0.06427912431112158,0.052636849521414106,0.05509126246038395
2021-08-13,0.11218513365025518,0.0875376914881669,0.05688678241898989,0.05803963200269086,0.06554352649710715
2021-08-16,0.11458359177119742,0.09093618722567874,0.06786562854007358,0.06292695721164789,0.08876529681852693
2021-08-17,0.10222648385998245,0.08852842675783357,0.06357059917844649,0.07883681539781043,0.12194446695495866
2021-08-18,0.09507689524151425,0.07773897829837177,0.055816154002966446,0.08077427278809685,0.1208093377378607
2021-08-19,0.09192111051427461,0.06758138498762985,0.05355763846949108,0.05925658265035401,0.07219218644262895
2021-08-20,0.09454903311130526,0.06990578842040004,0.05100910087262009,0.07111865149056643,0.0716044088260396
2021-08-23,0.10829961024056838,0.05705417471678153,0.04095494218738603,0.04759946987183692,0.05977231808688734
2021-08-24,0.1162885353340133,0.06381544814671276,0.04013130702902206,0.05158172615508306,0.042059313822933944
2021-08-25,0.0930422926795558,0.044419442611366655,0.015150915395660885,0.02618438696126745,0.00958535647848124
2021-08-26,0.06647325705312856,0.02799040227757232,0.007102532864881567,6.296931986295458e-05,-0.009572547851280208
2021-08-27,0.07188655490394615,0.04356647425781942,0.020865102433654813,0.004976989882171748,-0.0315066167982494
2021-08-30,0.04883968907887441,0.022394091728321953,-0.005237707468768408,-0.03380561980150215,-0.0780147323458529
2021-08-31,0.03832152161951248,0.027726974373754248,0.0016865121739739256,-0.013566164722487142,-0.05267185015884397
2021-09-01,0.04102788814060635,0.03644290595328641,0.00898473485644851,-0.00023834253632386607,-0.04894167863555319
2021-09-02,0.030062873802659946,0.026253837980290445,0.00886284740641109,-0.01930193362436834,-0.07109534873825414
2021-09-03,0.008661403715940954,0.0034627062261032336,-0.015395759433107876,-0.027072989427654556,-0.07471176429533999
2021-09-06,-0.004283473862545071,-0.01870188242688751,-0.017747459984599385,-0.04954836664713912,-0.07016190714109574
2021-09-07,-0.013047813464948241,-0.029784261895111314,-0.029958972062880677,-0.05832790335453794,-0.08909098075662956
2021-09-08,-0.03421190392710621,-0.05146424395023488,-0.04199178159569875,-0.05972509601343772,-0.08483333889281894
2021-09-09,-0.03895252050932868,-0.05026580007200542,-0.04345889493427226,-0.06575824821362261,-0.06806387160863564
2021-09-10,-0.0355050145494358,-0.036080442371605584,-0.036893011412138445,-0.0505504564997553,-0.06935143653165546
2021-09-13,-0.04933023408924342,-0.042118228489905644,-0.036385403721477486,-0.060009401349600165,-0.0713077545708663
2021-09-14,-0.0316638084576129,-0.023025457050148457,-0.02483233696035748,-0.05154011687451994,-0.07553238421377491
2021-09-15,-0.0367259387692299,-0.026310457664464517,-0.025588789673611403,-0.06981439361006977,-0.09975640469791158
2021-09-16,-0.03099038748221433,-0.020844681034479888,-0.0017275479103076254,-0.0390950170426239,-0.049091115453947155
2021-09-17,-0.030487050939502325,-0.018520027071708856,-0.012585852064800356,-0.044855784167492495,-0.04616069867757588
2021-09-22,-0.04646572127477443,-0.04058600797992321,-0.02920423360138598,-0.05917349640208515,-0.06354484765111379
2021-09-23,-0.06508756747589207,-0.061445252511697,-0.045693533313988226,-0.08464000220008906,-0.08714291955985053
2021-09-24,-0.04237747059411172,-0.03621502794783173,-0.024700506864577726,-0.05191418469265355,-0.06137550660378033
2021-09-27,-0.01666504045139076,-0.015160558546550709,-0.0016735680815964228,-0.023307424681441574,-0.018597519857745666
2021-09-28,-0.03142655277648753,-0.02101257929438361,-0.0056415691279972265,-0.04080971697562407,-0.049195183718108826
2021-09-29,-0.00802560138676971,0.01040846322417854,0.013196050287151592,-0.007335416955178231,-0.006846528892913104
2021-09-30,-0.0082188194396348,0.016265377050900715,0.01831602476012008,-0.018008914860637326,-0.030559905136715408
2021-10-08,-0.02762027204238207,-0.0013939012855845887,-0.003856136993157407,-0.03062730447889973,-0.04335625504057108
2021-10-11,-0.03159301902250611,-0.008852403396325977,-0.0006618959908702246,-0.02351240369925518,-0.020501292282050745
2021-10-12,-0.01669572810972466,0.009355559637595458,0.020731429314636573,0.01555559327804407,0.0067317225938393534
2021-10-13,-0.015557408926912111,0.007666759871541779,0.01000184014588677,0.010896479412817706,0.00816991096516677
2021-10-14,-0.005582621815764169,0.01868249419954435,0.014445851921454015,0.016358083721491612,0.013607483723412523
2021-10-15,0.0013185209053610202,0.03169387918214791,0.024923640367646764,0.02974138066636202,0.011464232744183454
2021-10-18,0.013159951430980693,0.03527885224869096,0.029918374402204656,0.025644961773365643,-0.03126977372035999
2021-10-19,0.008938207951771757,0.0241456592656547,0.020212642386390305,0.012208277760094892,-0.05038932852181758
2021-10-20,0.016302468376155378,0.031310589328551526,0.03164344449372378,0.019088087338647388,-0.028546490697043653
2021-10-21,0.004208749968596092,0.025653223578920744,0.027288720636787948,0.0206049006803444,-0.02041289021518616
2021-10-22,0.01586706863728444,0.0403421191683404,0.04115457439254844,0.04096383529396679,0.011624019249578538
2021-10-25,0.02445194662282414,0.042846991372323215,0.04588027557760099,0.03144126792590441,0.009184391262327715
2021-10-26,0.0248010147880188,0.051602760958767806,0.05151935616687903,0.04171709500723462,0.011581776872532774
2021-10-27,0.04147957317230138,0.08104100131560844,0.07137208187845853,0.0570065244780786,0.0064112946500117785
2021-10-28,0.05014981772445834,0.08261817465113022,0.09341223901315583,0.06952333759658018,0.031449252597712175
2021-10-29,0.025137084448513213,0.06659557694991596,0.06669683950874686,0.06167198758765656,0.01609127052624146
2021-11-01,0.018751953392042525,0.04153218480413957,0.05839814331193395,0.06274723798418849,0.019280326689889778
2021-11-02,0.04063125418119452,0.06213789700150896,0.06654612972273839,0.07111143463217996,0.04630629673803744
2021-11-03,0.03803129103169435,0.07384829385792703,0.06852372353571153,0.06328933559501422,0.04411700358285166
2021-11-04,0.03195716458290481,0.06452128782597759,0.05042594727298951,0.04309524608990074,0.019375715038896388
2021-11-05,0.04423075786258176,0.06656047224784006,0.06498160654584681,0.06495817619414661,0.0617609338375816
2021-11-08,0.034038901991292336,0.050415800152233264,0.05974555071023827,0.05242377375421118,0.04078238267390696
2021-11-09,0.0321079874051671,0.04907222708982718,0.04897174691727375,0.03789228237663656,0.022539405757919028
2021-11-10,0.030973716853084064,0.05600095395593205,0.05304807519589464,0.05990636137155943,0.04541309997170654
2021-11-11,0.027444653363522004,0.05092087933989497,0.04277900106952287,0.06038694761145742,0.04592724228292242
2021-11-12,0.02439116872837562,0.04467435791197546,0.04842458339347349,0.03788624811217793,0.046980176417373495
2021-11-15,0.022476839071083162,0.03851566353772534,0.04733590969240083,0.05138210840292951,0.06497040806599884
2021-11-16,0.02359823216402417,0.04003440815737169,0.04890316914307141,0.05123078666101712,0.0746097677040291
2021-11-17,0.024136020820045366,0.040443723377982244,0.040349992041630554,0.028412734450420137,0.05471059611563418
2021-11-18,0.041851710908976346,0.05333755515370157,0.060251838229111725,0.04054134559313522,0.06099606405470083
2021-11-19,0.02787058565705631,0.03625895620998439,0.046710149520232634,0.015718405724052836,0.0361765490984293
2021-11-22,0.03336325452087002,0.02520604115899015,0.023971861171039995,-0.007201037373711007,-0.009034982837672841
2021-11-23,0.04819997426746344,0.04060339511465968,0.03103842018230252,0.008505719230982698,0.0010669813513496504
2021-11-24,0.04414019965378764,0.04349458231525901,0.03778845840608193,0.008510904117919956,0.004069499980454928
2021-11-25,0.039457154834974466,0.035763024611155825,0.043202032553163516,0.019921006250717344,0.007021940907015536
2021-11-26,0.04193041537528593,0.04602549743493046,0.03529075337544703,0.004699138016071666,-0.010680626676593525
2021-11-29,0.05472242472570864,0.058494908606753764,0.04320235392591878,0.0005805322894089194,-0.024522516220425356
2021-11-30,0.05229771413382061,0.05283301669283472,0.03444072760656789,-0.001420170321291984,-0.01754390248536654
2021-12-01,0.03988747894817124,0.03761654405614343,0.017336689399512724,-0.003279261194441913,-0.021159113760675554
2021-12-02,0.04579366722721221,0.05124580936790556,0.03133744970472725,0.012424780641540222,0.003422715520560724
2021-12-03,0.05067694071811044,0.05447129916318493,0.02169009505581641,0.014524140363552804,0.001990919622626812
2021-12-06,0.07821397389547925,0.0721213978777966,0.03805782266637617,0.02142842124214579,0.008366499539882548
2021-12-07,0.06805469098938023,0.05771299062663183,0.024187964691284775,0.009204056533212537,-0.0048081426645615825
2021-12-08,0.06494992188728169,0.06091230757207552,0.007282147934274935,-0.00875607741521029,-0.013551791224030444
2021-12-09,0.052784284844480854,0.046395711447974816,-0.007487623262907882,-0.02101589413226928,-0.036518451365095426
2021-12-10,0.0643899320408454,0.052705811604806654,0.004664492685457663,-0.02072682481123421,-0.03856750884820533
2021-12-13,0.06644779915878384,0.045869267821398996,-0.012967696788477562,-0.031169114107620646,-0.06292098835749987
2021-12-14,0.07030158844113162,0.047403985187468585,-0.004062937027752831,-0.015605195653416937,-0.039154455600033035
2021-12-15,0.0641688669182084,0.031149440438407238,-0.013732683052867973,-0.026888299373063706,-0.055970477848985525
2021-12-16,0.044686984434388434,0.010545523446929984,-0.0271546009197689,-0.04374552705505788,-0.05679973139592298
2021-12-17,0.04915451352705902,0.030658242187560508,-0.00803337486430168,-0.023145889490681325,-0.026330822160873797
2021-12-20,0.04471580975115076,0.03459502186168527,0.0036003748871374476,-0.000865162100449011,-0.01656923655312531
2021-12-21,0.03241180565865447,0.011715256701240639,-0.015736451450776383,-0.018130239021056132,-0.03870786114607311
2021-12-22,0.026825459112770473,0.004435495859842816,-0.03522251712477314,-0.04154138917286421,-0.055731901766654435
2021-12-23,0.017405305557126112,-0.00895079727914146,-0.0456678635573238,-0.04598622570766981,-0.07683072673152151
2021-12-24,0.008035740059260736,-0.009652199177812662,-0.03786461673772401,-0.02965215609524602,-0.05461385059780706
2021-12-27,-0.030157138323993603,-0.05078944640106376,-0.07151556861904251,-0.0725926488345831,-0.0859153437934957
2021-12-28,-0.024074493596111458,-0.043930373532321945,-0.07095115444505543,-0.07568754362177388,-0.08102058976572608
2021-12-29,-0.04297976445355998,-0.06248638437634617,-0.09194301479907976,-0.09870329727453804,-0.10489101414934054
2021-12-30,-0.04071378276196946,-0.06844333529897988,-0.09996435585449165,-0.10849284203020192,-0.11649547986960639
2021-12-31,-0.026739004768450585,-0.06292373809769955,-0.09218082716347321,-0.103588176959966,-0.11739129169051513
2022-01-04,-0.02386082041061961,-0.055738803624672414,-0.08354735445057053,-0.09547587707557116,-0.11259609776728732
2022-01-05,-0.012696386159183962,-0.03591543926844028,-0.053495136251095914,-0.06612121244591017,-0.07237072044785543
2022-01-06,-0.008532905455852623,-0.03159696226238892,-0.05711725777539784,-0.06746487452856303,-0.08752096195588295
2022-01-07,-0.019537114133091213,-0.04259614314766473,-0.0549053006653505,-0.07157283395062114,-0.09144004303148907
2022-01-10,-0.029951476477048784,-0.05769888082698419,-0.07040274234200203,-0.07883724984047516,-0.09598559138122638
2022-01-11,-0.03033254667427112,-0.05128065191048932,-0.054593192027741586,-0.06213286268224861,-0.07067607138340082
2022-01-12,-0.0256626979738982,-0.0503968100250247,-0.05817001843751525,-0.0655796819372536,-0.08040067796694297
2022-01-13,-0.02560300300585987,-0.0475110611241329,-0.047324778231415836,-0.05112151176804403,-0.05037645188442776
2022-01-14,0.002942744312685622,-0.02301154585805522,-0.0221279235765241,-0.044506225772294745,-0.055675225860260955
2022-01-17,0.004067558133718688,-0.023509215539468376,-0.025040748437134948,-0.049861980279582545,-0.059934809590837204
2022-01-18,-0.007318380914995223,-0.03345046830692502,-0.0371560678267257,-0.0562677927091123,-0.06717180906701385
2022-01-19,-0.00686904768816561,-0.021883479953629315,-0.02023389862781897,-0.03374223950216896,-0.03621273533483987
2022-01-20,-0.02298245238806241,-0.03457481051484579,-0.03394389465936232,-0.043606220675349035,-0.03304224493363959
2022-01-21,-0.017510416413827633,-0.014730145104986759,-0.017444888412556245,-0.020429205189120406,-0.005247722622720804
2022-01-24,-0.0035150164997641824,-0.012202103691107417,-0.013808444967399058,-0.016822601395711515,-0.010766364606387212
2022-01-25,0.019649399666398136,0.028699434331563894,0.03661663507522086,0.025127786984216405,0.03913985724697517
2022-01-26,0.020025754860289777,0.021027717387075817,0.027123259743666132,0.020629823014405052,0.034259784678879614
2022-01-27,0.05054157827767034,0.05141885794230192,0.05576481821063025,0.04389198458933226,0.06071059125117939
2022-01-28,0.03432312467584032,0.03638071786470437,0.039864761752817446,0.036004594003312816,0.05711579384134647
2022-02-07,-0.0028000955860352423,-0.013486165827447619,-0.0012699943512446876,0.00927791051580452,0.03291033118428584
2022-02-08,-0.0497294829557185,-0.06261404785782616,-0.03891933333835947,-0.03843578326643569,-0.004706647212416314
2022-02-09,-0.07569314848904907,-0.09164723284810378,-0.062369254938820694,-0.06402233537126491,-0.035018106784799184
2022-02-10,-0.06913726702062328,-0.07859917275154582,-0.04630306406519523,-0.04328857703292161,-0.009131132044520701
2022-02-11,-0.05317824273039201,-0.05805242030077277,-0.029910687980319064,-0.01883767037910941,0.02017136270871594
2022-02-14,-0.06262392468513617,-0.0752668122807364,-0.04606331237717353,-0.043494071260993486,-0.006877091884823882
2022-02-15,-0.10990803833529925,-0.12709970841013069,-0.11522651128936232,-0.09830023483166421,-0.06469723401868008
2022-02-16,-0.0894231762167651,-0.10294717042653287,-0.09159229754627587,-0.0799477521158699,-0.035043892997115335
2022-02-17,-0.07520395266978878,-0.08490489680606775,-0.07601206813758445,-0.062425076722035455,-0.019216029063078535
2022-02-18,-0.07124763810811328,-0.0789932776651925,-0.07236805797696139,-0.058638128242351505,-0.023396106729596557
2022-02-21,-0.07343406806766278,-0.08202716492433873,-0.072994737836198,-0.05214430378969049,-0.031851706313774646
2022-02-22,-0.05615175377569526,-0.07053704137088346,-0.05875419869697053,-0.04484416650777682,-0.034847270028586536
2022-02-23,-0.05797486488499784,-0.08041023235842988,-0.06635725508034643,-0.061394607597112384,-0.03808991678817974
2022-02-24,-0.04609772712276803,-0.0648954603932685,-0.052642330122725865,-0.04945467812326808,-0.025851471839788358
2022-02-25,-0.05359500679807315,-0.07858553714043143,-0.06839835366515525,-0.07165399844609867,-0.04532815341968642
2022-02-28,-0.048968112099523335,-0.08019344655258763,-0.07560081270745383,-0.07987067518448071,-0.04970870011958872
2022-03-01,-0.0584489938146337,-0.0744957625157436,-0.09081385616276094,-0.09078332861466483,-0.06406992641400497
2022-03-02,-0.05773834384289571,-0.06202897031771988,-0.06602545785227223,-0.06579987974965783,-0.04429953435210579
2022-03-03,-0.06197905267778971,-0.06375513109382264,-0.07580238519258269,-0.0791873402792684,-0.038569222513387166
2022-03-04,-0.048083708111978714,-0.052323018032657105,-0.055308969220309014,-0.06231838609583811,-0.03114647040046343
2022-03-07,-0.01774582222767905,-0.02326348722919889,-0.028799628192988442,-0.04344796738954389,-0.01808405065023977
2022-03-08,-0.004066236001401605,-0.01038298651512695,-0.020686542238677254,-0.036669334130228284,-0.005135657752731163
2022-03-09,0.02700056419870228,0.012338904233393589,-0.014190102736931,-0.025638827094073502,-0.006088680646714005
2022-03-10,-0.0037814157744180147,-0.035547613397390695,-0.05139780388910321,-0.07852691576813059,-0.06478446295186703
2022-03-11,-0.0010318225697936616,-0.021460989052165313,-0.05045024870363504,-0.060250882690226694,-0.061414210879515416
2022-03-14,0.00956866288880545,-0.009432133233663348,-0.03936976744425862,-0.055143659057774935,-0.05676212208886736
2022-03-15,0.05290663282154324,0.048976348775121414,0.03686190339720719,0.025777952394919496,0.029383495120270556
2022-03-16,0.020075206013522858,0.012788685045865299,-0.005921337967743606,-0.013563247601295073,-0.0312855764901337
2022-03-17,0.009014308376975009,-0.014413376754993821,-0.025707017936043554,-0.02661608866259801,-0.04974562267478373
2022-03-18,7.31481671540806e-05,-0.0215473288747866,-0.03457588804335163,-0.040136711423936176,-0.05781035040010482
2022-03-21,-0.017269437842861755,-0.0385169678971865,-0.05340937811528313,-0.06237887053003337,-0.08638669698510508
2022-03-22,-0.0459198460339243,-0.07483730955500766,-0.0872153989911724,-0.09620416331068983,-0.11836326526113633
2022-03-23,-0.0543651670982516,-0.08905175315289252,-0.09124537309310903,-0.11083182479848953,-0.12403407814545245
2022-03-24,-0.09441272507205035,-0.1454485765335251,-0.1461950646230705,-0.16399236244484278,-0.1759200952020274
2022-03-25,-0.11786778048269243,-0.15825944743295503,-0.1710428174602423,-0.16510738638172248,-0.19511148853821586
2022-03-28,-0.10749746392221361,-0.13079374715507158,-0.13706887046042787,-0.13260882270432248,-0.1632115589258474
2022-03-29,-0.10718603448521849,-0.12892272718732586,-0.13561979152212686,-0.13156540627619306,-0.1661075510751298
2022-03-30,-0.09093429760628952,-0.11484618475224223,-0.12290484814919453,-0.12100230120776675,-0.14307260840157676
2022-03-31,-0.0813593122661585,-0.10152743195134528,-0.10098641483258465,-0.10416517052117234,-0.12790036954679404
2022-04-01,-0.10475709532332153,-0.1199339849665621,-0.12459190992526768,-0.1246858673245714,-0.14681292087211414
2022-04-06,-0.11424366968645633,-0.10661080052287396,-0.12674941436777976,-0.10761838611535857,-0.14025619190567137
2022-04-07,-0.0836349635928492,-0.0762770808006469,-0.09965119383487578,-0.07128113565447115,-0.11285071043574793
2022-04-08,-0.08757201996259133,-0.07247746463968364,-0.08092664249608485,-0.0682881953174453,-0.0990521148063482
2022-04-11,-0.05112272786789351,-0.04720320217100832,-0.04479431879618133,-0.03926096350416086,-0.06568505010594072
2022-04-12,-0.06260659791906242,-0.05920518727868505,-0.06368174961442202,-0.04176025144605569,-0.06678926903446701
2022-04-13,-0.05333513680518369,-0.043027337984520686,-0.04878235340395411,-0.028584462395521894,-0.041539098470948714
2022-04-14,-0.05488945927670563,-0.06411080794810964,-0.05738325056538236,-0.038163126077547425,-0.04909986700174142
2022-04-15,-0.05151471536494427,-0.04731348539018046,-0.03489103104651929,-0.029396234800346407,-0.051306012677303385
2022-04-18,-0.041156650390907566,-0.04718175240731679,-0.039517112019767764,-0.030827320787229617,-0.03821020842664995
2022-04-19,-0.03742042048856523,-0.03392068627663281,-0.033289751111824105,-0.011692596087764847,-0.024205697997204022
2022-04-20,-0.015593776931168412,-0.013492856996040085,-0.012842959489015258,0.012494583806337405,0.004280789151449492
2022-04-21,-0.024351662933028175,-0.008115820007588242,-0.014736241892674213,0.011948499334893918,-0.0011103241427608908
2022-04-22,-0.010588421107871825,0.011620055280568878,0.015647068272557695,0.03704709332832822,0.02409489449472959
2022-04-25,0.054927088645839194,0.09069706681451388,0.09970553698939812,0.12098203262290291,0.11481037008354421
2022-04-26,0.08754043724978557,0.116773464271186,0.13077335978922228,0.15335880621071954,0.1431887661672253
2022-04-27,0.0644235003399132,0.08190622571589995,0.09625371942255297,0.12426799146108505,0.11963252338329518
2022-04-28,0.07860033811807747,0.11198260446721406,0.12857734242546182,0.14663210367137877,0.1263359728377867
2022-04-29,0.03624173407114964,0.0695143926554453,0.08996720588026924,0.10193065611019624,0.08471318037594122
2022-05-05,0.03898337770611439,0.06154112494792701,0.08203853362140269,0.0971511098871116,0.07423074850185031
2022-05-06,0.06437405698877706,0.09100970299666754,0.13117768610705585,0.1360225988337211,0.11667542523145971
2022-05-09,0.05797765102849011,0.08412315404560995,0.11622200065163306,0.12355160261925133,0.10527604936053772
2022-05-10,0.049228199972955876,0.07441153998030628,0.10010731041712652,0.10251071117000676,0.10048836639280692
2022-05-11,0.04325871966451074,0.059446315654960044,0.07133330388698206,0.06607121168070249,0.07079144483055942
2022-05-12,0.051807040598401265,0.07211949215397452,0.07958666637892307,0.09055312944987702,0.08011489535607036
2022-05-13,0.03688158108722846,0.05624707738673415,0.07231023780218702,0.08437783738016029,0.06959678766795561
2022-05-16,0.0536170197086094,0.07140806587663288,0.07246559685427593,0.08663806764825997,0.06613527200445762
2022-05-17,0.06518806134971612,0.07614027340081915,0.0754987763500069,0.08461122795890244,0.048596672298491815
2022-05-18,0.05622847928004071,0.07680811153498304,0.07564496203673642,0.08573628945565259,0.05633206657407503
2022-05-19,0.05455390372902703,0.07830223683660505,0.07433194003490888,0.09082489072670767,0.05404108679827881
2022-05-20,0.04136175549881296,0.062240142387893986,0.06482491624668903,0.08928970028736377,0.05310526766313747
2022-05-23,0.035306733845857,0.04884718755575746,0.05411945298216243,0.06282869322007442,0.035077731112417763
2022-05-24,0.04739314770519731,0.07134551575252399,0.07963439935690567,0.08713290945522473,0.07415484075461311
2022-05-25,0.04117507505218072,0.07209568663137879,0.07481325039460747,0.0899498989515143,0.0846481312563869
2022-05-26,0.03670620669803791,0.07419718440186437,0.08299042149780592,0.09176825831305013,0.08327471255942265
2022-05-27,0.044414445311952606,0.08366262811581986,0.0929570957152103,0.09620719469180214,0.09801544684712793
2022-05-30,0.06026929943896103,0.09152208812095082,0.10321902336156802,0.09614409670415022,0.0831282553644629
2022-05-31,0.030892958558873324,0.060498145295780736,0.06006865007563787,0.061676177309720574,0.05058020343674695
2022-06-01,0.038871402946357866,0.06594574894504902,0.07421647310001343,0.07092435827021004,0.060489601481694286
2022-06-02,0.03486491800546369,0.05853677254429218,0.059455673904666086,0.06009540063680228,0.06163885909153313
2022-06-06,0.02788682045860859,0.047640647026836264,0.06028679907347808,0.052015540509124845,0.05668705331537143
2022-06-07,0.02520464783137648,0.0465723939223363,0.050912458835593345,0.050205848243665335,0.04432417479436303
2022-06-08,0.011234627865671854,0.027582491000800444,0.029222284257966375,0.035544258501028006,0.028260873395889043
2022-06-09,0.0139185391168893,0.04757954852447483,0.05558282168169359,0.06493901024661591,0.05849451305014451
2022-06-10,0.0011987568257094295,0.03522315221077693,0.029318192867557696,0.047714400083295215,0.033311088716291376
2022-06-13,0.010198057981557956,0.01640600058483398,0.03197354860300416,0.027025667168879337,0.014192128299333924
2022-06-14,-0.0002210055696045777,-0.0013828461107346444,0.015233772306721556,0.0044545829836909944,0.0007064270704090774
2022-06-15,-0.0036153622734260782,0.0029691631416432687,0.01224573477201157,0.012209726113468978,0.01552556632617875
2022-06-16,5.729304238963666e-05,0.004817345134195208,0.008970428363665555,0.01099395277074319,0.02069221684587596
2022-06-17,-0.02706758204648146,-0.017788909311939962,-0.014460495505332757,-0.014994037594070612,-0.004764262791097583
2022-06-20,-0.014359761734171717,-0.00533798274861906,-0.0064098898264681094,-0.00016255980400018438,0.008060758883081958
2022-06-21,-0.012559275648287587,0.00777525916472361,0.008748521203591096,0.009475306737337055,0.023035789550942685
2022-06-22,0.014952535639856272,0.02930421427906393,0.041249995463720344,0.03157391085665061,0.04411512690154472
2022-06-23,0.0015213687079355595,0.0068309723345800445,0.015378133852972807,0.005142410843265102,0.01227272768423145
2022-06-24,-0.0006974958338643913,-0.001844197706922727,-0.003877221649905787,-0.010844127227412993,-0.0035568309788714405
2022-06-27,-0.005415647081142141,-0.016196244970313103,-0.01986968760452048,-0.02621134688209159,-0.025765397747935098
2022-06-28,-0.016734307505452777,-0.014881802659688456,-0.019709235679764278,-0.024803267572357783,-0.0247926173455237
2022-06-29,-0.01059927576565618,0.0012874949652968504,-0.013197029607176386,0.005159697454641153,0.021274008481257635
2022-06-30,-0.015515853994668998,0.001954583088409196,-0.017215272703176798,3.555034492129172e-05,0.012207509879438206
2022-07-01,-0.024974667277564845,-0.006123234944834017,-0.01844379058868255,-0.009484361174066744,0.013088125572806458
2022-07-04,-0.03162408373710658,-0.009028336327216266,-0.019464272139586295,-0.02295521279854291,0.015055392949195364
2022-07-05,-0.059440783945939615,-0.040979965063136996,-0.04429433835147812,-0.04693309290743889,-0.011852933654705031
2022-07-06,-0.04556807736598647,-0.03194886966192566,-0.038805641939708514,-0.04205102438832618,-0.017282747721319384
2022-07-07,-0.03659796757078752,-0.025067285860722103,-0.030867066564738435,-0.04457459628441098,-0.026106343522294972
2022-07-08,-0.02453353722263335,-0.013349292984335348,-0.010689467976920886,-0.019043073804478276,-0.00529575442556098
2022-07-11,-0.015351496949674718,-0.0012151085093200494,0.00992377686414038,0.008387362459352612,0.02029312130254678
2022-07-12,-0.016473323606182887,0.013363714190705447,0.02231115753754337,0.023748239104608618,0.04448027556538291
2022-07-13,-0.028186320685839625,0.00802416269083468,0.014150629770523638,0.013721891514110464,0.03621238436003741
2022-07-14,-0.002152609024525163,0.028053336842632552,0.03444929823635494,0.027276862763248186,0.02722072992630706
2022-07-15,0.030611220158730496,0.054940562331725326,0.06101936258535974,0.03609266670924739,0.025454417806385916
2022-07-18,0.006755045845667081,0.024210204424214208,0.033539055717742426,0.02959811203717548,0.021968136546338796
2022-07-19,0.0015253204712534969,0.013185775535922985,0.029738973275178604,0.02820933438041118,0.03331516180572792
2022-07-20,-0.0005636601382641087,0.013183561741148936,0.03210254909385851,0.019493153443266378,0.021688071292680657
2022-07-21,0.0019110912364441158,0.005738142760178783,0.026205715712017328,0.02206284336363598,0.03563534707788082
2022-07-22,-0.0008092324403819678,0.00960171740707461,0.021738121126858162,0.02321561367766655,0.02234631312648194
2022-07-25,0.0068696553852128995,0.020913198090531788,0.0361562905124065,0.05147405740533578,0.04561698736051805
2022-07-26,0.000449083912341644,0.009094724206286339,0.025795520146796376,0.0398539463514349,0.03448000793734582
2022-07-27,-0.010936129236664004,-0.015502954038040239,-0.00365993081427194,0.0029348612329590097,-0.011823349312723169
2022-07-28,-0.007357855405233529,-0.012066269050303167,-0.008173244440847383,-0.0039549672242196725,-0.008696176180123959
2022-07-29,0.001069236008361623,-0.003264686049824526,-0.0006574807437872818,-0.0031862557466172435,-0.010092911831127831
2022-08-01,0.005554953683363214,0.0008420766438903365,-0.0035973109830686367,-0.003135711827006795,-0.02027697327449463
2022-08-02,0.03925647185113083,0.03545797601805523,0.03164198849926492,0.028718935025749803,0.0028018358033901655
2022-08-03,0.04163726081126877,0.03425328229859542,0.021505709076080355,0.006173606446681643,-0.025998373545536285
2022-08-04,0.02905549306291898,0.02059047616996017,0.0051802237033181,-0.011043544227284314,-0.03749325290720255
2022-08-05,0.01617173916832215,0.005458784031746299,-0.005315920252470483,-0.021553367702345522,-0.03783620728243542
2022-08-08,0.018489320349711555,0.008901939460704097,-0.010000994604020978,-0.027930474546750707,-0.04633404736722914
2022-08-09,0.02792839929063365,0.02111477649714336,-0.0009908667220919294,-0.013340228325573371,-0.027768722701783963
2022-08-10,0.03019712117472167,0.020800565690481866,0.0015899441837182097,-0.008265353055830984,-0.01790598869653757
2022-08-11,0.007596933689602805,0.001694814237458303,-0.024081546020857457,-0.02798467505122312,-0.04292075496617109
2022-08-12,0.011802402915610586,0.003823729747408394,-0.013910188108016738,-0.027740979458186023,-0.02986264684467277
2022-08-15,0.017951994860022885,0.009585586830878843,-0.02094494178992244,-0.031060215092018714,-0.04575842398861742
2022-08-16,0.011054820181200433,-0.00705305391230854,-0.03061213775568924,-0.04090297788163369,-0.06215621451773491
2022-08-17,-0.0026500124972796495,-0.018330605555707022,-0.05146855124786132,-0.07073234387660536,-0.10029811811230999
2022-08-18,-0.01602067522937135,-0.04303361614667612,-0.06665227474406606,-0.0923840657194506,-0.1238106852441943
2022-08-19,-0.024069334435035172,-0.04724853434803199,-0.07060508669318503,-0.0933187071808785,-0.11738471061491423
2022-08-22,-0.027634017756735785,-0.052271144304579,-0.07815138677636992,-0.09181625535479455,-0.10964419636380862
2022-08-23,-0.018270959974181145,-0.045837055649107485,-0.0720815090664908,-0.09302714456378022,-0.1190678820135241
2022-08-24,-0.012957163707687125,-0.03743556683030496,-0.04944634363834632,-0.06753847515214781,-0.0837136243263699
2022-08-25,-0.02917345813796118,-0.05286577292437661,-0.07215434253551248,-0.08166707364874586,-0.09682805814329609
2022-08-26,-0.05108758596087211,-0.07550215044151351,-0.09111544227348538,-0.08528652749301624,-0.09265683018474667
2022-08-29,-0.03570641223429674,-0.06371852893580265,-0.06501933643612784,-0.07107631282000551,-0.08612909622940317
2022-08-30,-0.05628636553192375,-0.08197423194080478,-0.08844352195876068,-0.08703362399429723,-0.10662957706542411
2022-08-31,-0.057912073769221695,-0.08335350642167333,-0.07293598404310835,-0.06941407421034343,-0.06760713316350153
2022-09-01,-0.05815241090957531,-0.07704004694443393,-0.0721403528810049,-0.07540360368585411,-0.08263134813398453
2022-09-02,-0.06970682463990373,-0.09022774628778363,-0.09519065739659843,-0.09603146724061358,-0.11546653650360768
2022-09-05,-0.0720781938423667,-0.08989040864716609,-0.09546157084935114,-0.09751880926759757,-0.11222006373052758
2022-09-06,-0.06265296463887444,-0.07904260514822403,-0.08940291191688415,-0.09012504917976107,-0.10627664556539439
2022-09-07,-0.05735121118509235,-0.06906663649541904,-0.08094880764643382,-0.08525458259220858,-0.11986386057348142
2022-09-08,-0.043865763449142434,-0.04148568612518098,-0.05323823380668958,-0.05852427890690994,-0.08672455578056351
2022-09-09,-0.043523444322298634,-0.04343715165972837,-0.04795977509911351,-0.05450755661406654,-0.08081149942984323
2022-09-13,-0.042198879590066234,-0.04457508219846491,-0.04361385070535239,-0.05789116772814721,-0.06945233131512421
2022-09-14,-0.042052247171348076,-0.05051822692728251,-0.04571544466898229,-0.06193594934649301,-0.06521877303803651
2022-09-15,-0.03788640754529045,-0.03689879049792919,-0.028046809160362264,-0.03562404410533387,-0.045013592733636115
2022-09-16,-0.011252071424271004,-0.0065598941078196735,0.003919658044674865,-0.016939596565549678,-0.016899542231397446
2022-09-19,-0.022861377273731002,-0.012236111484046663,-0.007037147220896755,-0.021704562027141522,-0.017636132769516942
2022-09-20,-0.03006207012771476,-0.02614628729254787,-0.02228723496144205,-0.033205266821179705,-0.02998008988320178
2022-09-21,-0.023752420528013213,-0.006828975699436757,-0.002617364266912653,-0.016682797259761142,-0.013645663172545805
2022-09-22,-0.0028292515650382376,0.006871994411517314,0.00469331004594988,-0.013982645336046864,-0.02927441852831633
2022-09-23,-0.026909030395203065,-0.015868665392933308,-0.015063167474232064,-0.029352067693772507,-0.04223462262912397
2022-09-26,0.004646670818552141,0.012730058047817275,0.010147542457461259,-0.014730015667242339,-0.03876045819812496
2022-09-27,-0.006379255666226585,-0.002162981950016986,0.021959152028138487,-0.005757864062186216,-0.014650880388600417
2022-09-28,0.012649341812203984,0.02824723078368647,0.060483842208283636,0.043332856268335954,0.0299626902408128
2022-09-29,0.014990695996350853,0.02837137596457325,0.07355716269186577,0.03949525538908706,0.031600386471073
2022-09-30,0.03015545185985978,0.05171736600896401,0.09762095469905493,0.07907944425589881,0.08232859899077775
2022-10-10,0.04816939515418282,0.08546915151280597,0.11483824286462108,0.10134322170123262,0.10860941626832626
2022-10-11,0.041865152607355065,0.0784328721566442,0.1057017629142913,0.09218929131618446,0.11137221592659671
2022-10-12,0.011828447606596602,0.056622534372442385,0.07121706637730371,0.0778880033191304,0.08009654171788469
2022-10-13,0.013089858038841082,0.05066835188984908,0.061941921784341804,0.06324249365217095,0.06403948551236595
2022-10-14,0.011632595528366573,0.04138578208527614,0.04375339630935925,0.0489286646235666,0.03918419608401159
2022-10-17,0.010168644936360592,0.032739328117164505,0.033053956764145916,0.036510062668362694,0.02537048198791041
2022-10-18,0.023591046335565517,0.04882842125029803,0.055311500015549464,0.04757688525876245,0.044456358344941965
2022-10-19,0.030998747448372353,0.05588819793284078,0.05905977324545945,0.05692798678842189,0.0492600784318145
2022-10-20,0.038916324211418954,0.06305426364628303,0.061688949674060606,0.0630774935677099,0.05228976909831766
2022-10-21,0.03753028499656966,0.05419254614274078,0.06406088201188803,0.05487570708459884,0.040807906084603156
2022-10-24,0.05027967681754307,0.06378430236174985,0.0826530370458842,0.07052700226014236,0.057705318851925605
2022-10-25,0.05375739616012162,0.06669582386677642,0.07947610425206508,0.05598652240291072,0.04673341681387032
2022-10-26,0.04743972878164692,0.047135076155724966,0.05547686520353462,0.02771261217099063,0.021082645194638407
2022-10-27,0.039711427822098196,0.04083112632383538,0.04898118669545966,0.035175179707343414,0.030979152872548512
2022-10-28,0.0811543815432446,0.08732830684397275,0.08727342110646477,0.06492435368586931,0.04634286635299411
2022-10-31,0.08102347570721888,0.08469375903049457,0.06829721202434617,0.06579385125839116,0.03864065636744168
2022-11-01,0.0820910937272236,0.08506915713295793,0.06652461111611127,0.055745356411055574,0.026351738440793648
2022-11-02,0.07184186773028547,0.07514631661901627,0.05135688994583622,0.04391804277367433,0.005593650344051939
2022-11-03,0.07707558948056717,0.07953136826412252,0.061373563297431856,0.05303146845078066,0.011066207565428943
2022-11-04,0.06029161445768626,0.056974701370268915,0.04557532015600856,0.020468059242028984,-0.013752586976344868
2022-11-07,0.0783629692346523,0.06968527145545304,0.05428318368011753,0.023912253286729183,-0.011881653806985188
2022-11-08,0.075587168144128,0.06341223671713005,0.050768801575590355,0.026328876948013256,-0.009881652870283841
2022-11-09,0.0714433789508068,0.059025385807200466,0.05131249613842398,0.023427677468015672,0.0004331813754967816
2022-11-10,0.06707577791946334,0.058573818384990727,0.04724243252316879,0.02567415404533193,0.008957116709604246
2022-11-11,0.046976338082691825,0.0416483139952614,0.03943839161159493,0.01793311315308588,0.014398832318252598
2022-11-14,0.03289192276428512,0.02971041829708734,0.027894788862136595,0.017267051370168113,0.014346328154159442
2022-11-15,0.030824800890357607,0.013987383754902159,0.007246419990808247,-0.00926760876205828,-0.014895464951278178
2022-11-16,0.028117953323659642,0.013325543805133282,0.010250309054528294,-0.008324015541563654,-0.01104936284173718
2022-11-17,0.01842295684752717,0.005916614858716443,0.007138668572472642,-0.006155419530496464,-0.009858650484388335
2022-11-18,0.0286019458454491,0.01201921456928464,0.006273809650613841,-0.010488188261946566,-0.012673556049694544
2022-11-21,0.01104592867813906,-0.006448344801892728,-0.01399273910515441,-0.028435194274526617,-0.03621318953029137
2022-11-22,-1.1083857561020068e-05,-0.011962338852309849,-0.016051593692675403,-0.024011677210762868,-0.03115209946270189
2022-11-23,-0.006825540074970302,-0.01627032112224669,-0.015399905333490511,-0.021935391817992506,-0.036913111795612345
2022-11-24,-0.01152792724104889,-0.023859001049894663,-0.026804854681426286,-0.0352591958075786,-0.04788389369942018
2022-11-25,-0.022335125530378006,-0.02929798299889497,-0.02200276929427716,-0.03953889815734669,-0.03948437177750556
2022-11-28,-0.016421396151296994,-0.016704171529237137,-0.013224107288258225,-0.018259158057001262,-0.024519275997741806
2022-11-29,-0.024796431110292335,-0.024347666696237006,-0.02960299193259071,-0.025161091220789362,-0.049858013855462006
2022-11-30,-0.025574951714000146,-0.03105759812882869,-0.03814711016658382,-0.02978046543387204,-0.06335788964196137
2022-12-01,-0.036481469272010805,-0.04727952585335372,-0.04372214472513707,-0.039134878343212436,-0.06964679280363775
2022-12-02,-0.028442011410861945,-0.04185247760877051,-0.041477782060523646,-0.030513977722308176,-0.06867766621025063
2022-12-05,-0.037284038279872325,-0.04290672106134397,-0.03945692166123262,-0.026619171235591974,-0.05649281897157653
2022-12-06,-0.03512094410862565,-0.034022271368519756,-0.03355843089946673,-0.033159731821841475,-0.045809845244755676
2022-12-07,-0.03169142523095147,-0.02719568016085426,-0.022643810548152062,-0.019098547725869736,-0.039595649397629294
2022-12-08,-0.033525188705964354,-0.02838871911802809,-0.02031215456105905,-0.01353590141410909,-0.03999802888251164
2022-12-09,-0.02883692587638765,-0.024425099885333604,-0.015512264032047212,-0.004386035823251925,-0.04240736123921779
2022-12-12,-0.020866105543579025,-0.015613021267913845,-0.008280598672240447,0.0002631382720889514,-0.036851241663579004
2022-12-13,-0.02852219910524717,-0.01887101004172151,-0.011014531265675755,-0.005789568037391189,-0.039125411017066486
2022-12-14,-0.02358961471370509,-0.017101349364988142,-0.013008049682298895,0.0018322501832674645,-0.037663653854800826
2022-12-15,-0.01343768943604408,-0.009045351933151539,-0.0007943463063955113,0.004160111883508689,-0.029772246986437132
2022-12-16,0.00019913503165791354,0.00955641299785635,0.015649615924335045,0.024995182904939614,-0.020766575531935817
2022-12-19,0.0298679064750356,0.029051011751720812,0.03781708389221501,0.04870074179869662,-7.0603664186921e-05
2022-12-20,0.03686945367724143,0.04050781505333653,0.05332286464739713,0.05647225636276152,0.0182248726823162
2022-12-21,0.048848374716414046,0.0579265254077918,0.067500646718377,0.07245570722385587,0.024890158425993368
2022-12-22,0.06648501136551628,0.07434493046572214,0.08529895220116239,0.09257716771899023,0.050904820860200505
2022-12-23,0.07468508242063564,0.08392291295377886,0.0903455839161874,0.10586249210324768,0.05930881367323988
2022-12-26,0.06345360162732491,0.07766611744235308,0.0793162135816057,0.0853823741125423,0.05246685601296614
2022-12-27,0.07113452822724275,0.08030333301734371,0.078840780408447,0.09243126983770573,0.06549523285407777
2022-12-28,0.0731239059058855,0.08769978252814453,0.08963918616220123,0.10249161575050932,0.07595571407868228
2022-12-29,0.07909851472991654,0.08671030574714488,0.09764135407919625,0.09843361644409428,0.07045676883627715
2022-12-30,0.07126978629703509,0.08094720996739653,0.08187952942790477,0.08646069502973248,0.05609994710562551
2023-01-03,0.05436669646095328,0.06989034617896686,0.08078613550688818,0.07510455085966808,0.04336846604634218
2023-01-04,0.04526182829610632,0.05737316643043375,0.07836864429404469,0.06395500430803833,0.03346673964274896
2023-01-05,0.05120951697280647,0.06800816905345113,0.08691608390988308,0.06325284769581767,0.040549586593546204
2023-01-06,0.057150614950984106,0.08946579846611197,0.07675321254318473,0.06370358431800302,0.035192295193954205
2023-01-09,0.05721556924060513,0.10113228028259455,0.08003082520532108,0.07195856872742717,0.034660706493534324
2023-01-10,0.06278086543284037,0.10841829111884461,0.08161177823813102,0.07463477765515009,0.03155824713042915
2023-01-11,0.06763990293466333,0.11324354022670179,0.09075946088747314,0.08099936447338306,0.0432651694787874
2023-01-12,0.05213770498961414,0.06972341917572117,0.07309553861202653,0.06434023286211449,0.02714398610024699
2023-01-13,0.03727171926416104,0.06004416170130048,0.04982125947469365,0.04379274601407152,0.01263803641436138
2023-01-16,0.04675220183289453,0.0684814109896506,0.06220732209690997,0.042498226320914954,0.013902237101862175
2023-01-17,0.055674781495326356,0.07707488105484796,0.06150946651223144,0.044914944525170745,0.02079072414174315
2023-01-18,0.04962815430818999,0.07212874432508531,0.05356385966286859,0.04308640799227605,0.020411700133272533
2023-01-19,0.04371276518917871,0.057691738506858645,0.04500513021324593,0.027724084731786218,0.014460752580413357
2023-01-20,0.0338230937329014,0.0435315178327942,0.030002536951814207,0.025739532809578382,-0.006802647295248636
2023-01-30,0.024690369747913044,0.03437916424543297,0.015009947020056943,0.0076054656136993375,-0.01857822704489092
2023-01-31,0.029980756849262172,0.03751331760780213,0.027211683700489195,0.017153377027239198,-0.0037920477425520387
2023-02-01,0.027630453427542962,0.03231717786561247,0.021421738442794627,0.012289881998407757,-0.006668950276830067
2023-02-02,0.03405311610504071,0.036162602131544014,0.018039197268100153,-0.004434569389353081,-0.007184501189999992
2023-02-03,0.04500200811033426,0.042988373057354014,0.027063832774560235,0.0043604717569698396,-0.012851052505742663
2023-02-06,0.04560772709070769,0.04003638829299974,0.03330059505451241,0.01450245654047672,-0.0008074255166709998
2023-02-07,0.02753669470318944,0.0172542150141175,0.005842381478411589,-0.0007741502705964346,-0.027220788270772643
2023-02-08,0.035881151084094086,0.0291465060821138,0.016556197585798692,0.004835881278429875,-0.010009407959429846
2023-02-09,0.021563718242617744,0.01591046438858353,-0.0026115760273416814,-0.004946801127198092,-0.029479379207748086
2023-02-10,0.0056854674555224085,-0.005538263792728419,-0.012682693303609124,-0.021315217015073915,-0.03223096656506371
2023-02-13,0.0036758945886347628,-0.009215141976809173,-0.014169987733219789,-0.02489955471029424,-0.033046830620292705
2023-02-14,-0.008408826487107989,-0.022114619291108466,-0.023548210097421893,-0.03974267653966763,-0.03376023349108145
2023-02-15,0.01177970258660749,-0.005312192937976578,-0.021581049857025858,-0.028699308821164962,-0.045388070860228405
2023-02-16,0.017535040977658956,-0.012238404448053962,-0.019626089399619302,-0.026524757801911773,-0.03904831364473829
2023-02-17,0.024685325123198598,-0.00043879430344121806,-0.013595604316804328,-0.009689315510370992,-0.001648327397083589
2023-02-20,0.0018932545146937304,-0.016386958335880632,-0.028356909421998342,-0.031431794067564606,-0.026842394001804652
2023-02-21,-0.0004323014970889704,-0.017579462658107756,-0.020853166507175936,-0.020468161196943842,-0.012438722080810774
2023-02-22,0.005172304168491178,-0.01403829181843357,-0.01725088543365565,-0.011014297752265713,-0.0007016574039986108
2023-02-23,0.003572665484227582,-0.009059554804201966,-0.012330732559825032,-0.004229026336231931,0.021985010979931975
2023-02-24,0.0036919297367306496,-0.006127568003750757,-0.011838342326740662,-0.006920918516916086,0.03574684331734833
2023-02-27,-0.0022170276239783667,-0.006223201901260023,-0.005436266943061494,0.0017803761091612896,0.055036203859597115
2023-02-28,-0.013208942484964625,-0.022411213028405024,-0.021339282590121335,-0.011599681657613402,0.03292582329520468
2023-03-01,-0.026309661503938236,-0.03549260690125846,-0.0319127065048993,-0.022123154696164916,0.018936952560098464
2023-03-02,-0.02965516897441478,-0.03505698799444073,-0.022873194592460202,-0.013175694952999379,0.013679693039826501
2023-03-03,-0.0313892284947595,-0.030717440481849916,-0.01912743760834369,-0.0100592816769231,0.03760474965459196
2023-03-06,-0.027725745793469293,-0.02358629010421368,-0.009063118331402756,0.00016560296612882822,0.06681631946170533
2023-03-07,-0.01712940025157532,-0.006178372923145122,0.003860039499069873,0.021288479732848534,0.09379182679633682
2023-03-08,-0.02004238795859767,-0.013883059879592215,-0.0008251745140401788,0.027725740851262632,0.0823732149651064
2023-03-09,-0.014824515406570012,0.0009054853628539213,0.01054352727763407,0.04057975634577779,0.08795035656331723
2023-03-10,-0.005877793351513091,0.010051208610133923,0.018875160013835764,0.04623662064035778,0.07254937304969018
2023-03-13,-0.0033008864833850506,0.004571616102955459,0.0146333389800579,0.04215182218214629,0.06909604700899448
2023-03-14,0.005955517078107574,0.016037002562823536,0.028716474572138884,0.05622630727344477,0.09637521008076771
2023-03-15,-0.0009141743490419423,0.007939469730079692,0.014015184725337144,0.0384784840331705,0.08124082595328856
2023-03-16,0.01020304095917378,0.023733090157422806,0.032602727511249825,0.06435977148412335,0.09807537726902052
2023-03-17,0.012371627358587435,0.02583626386623423,0.027126418303894076,0.04929366576660935,0.08329834643069413
2023-03-20,0.016495006387869767,0.024282068865234704,0.02502527007960209,0.06037474546287515,0.07994594906371413
2023-03-21,0.003928998549690007,-0.0002713096185236343,0.013558317838282295,0.03553845973098364,0.07071325387906736
2023-03-22,-0.0074418913181362924,-0.00933131631046028,0.0007303482555806442,0.03121014672101259,0.07404245471636216
2023-03-23,-0.020949681598648965,-0.030192344164546695,-0.02697075595210456,0.00018178096181269192,0.020290611309158834
2023-03-24,-0.025536766089229307,-0.03844379160139054,-0.029779242419546,-0.006299780538393419,0.013035946058414636
2023-03-27,-0.02682558003507601,-0.05100495007523461,-0.04194321945594232,-0.021127567658327333,-0.003166068514012221
2023-03-28,-0.022053466965425674,-0.03295868508443293,-0.030965807860064292,-0.015051293885595673,0.0012250817676029496
2023-03-29,-0.005476661329709265,-0.02053143615917435,-0.031570489500446504,-0.013192175561327927,-0.009546619123598521
2023-03-30,0.0033165677092082775,-0.011433634160771323,-0.02036845502528391,-0.002342022158831395,0.02601387906457309
2023-03-31,0.0156755581990085,-0.007996960767273026,-0.023325024985275597,-0.004003707713985834,0.0085236222973316
2023-04-03,0.010991036103045146,-0.021176505882468413,-0.03573496751670743,-0.019916272746695086,-0.03249033471490691
2023-04-04,0.02152989642303517,-0.013534679701163444,-0.022102321118561287,-0.016272777480686125,-0.030078377174494696
2023-04-06,0.024426299248374386,-0.013339119916618096,-0.03251182908548423,-0.04290883765719389,-0.04441851074147679
2023-04-07,0.014612970431528469,-0.024789018269489427,-0.039384926062493886,-0.0506518611823909,-0.057675859261692164
2023-04-10,0.02315751983051862,-0.015492690510035633,-0.029839949936209864,-0.052762969112216285,-0.038143811314447905
2023-04-11,0.01502836171086957,-0.020559980761709475,-0.050707379988824075,-0.0644403404281682,-0.0660423061901126
2023-04-12,0.01648186444479631,-0.015194611418290172,-0.04263176374956572,-0.0590413467997039,-0.07943230169436001
2023-04-13,0.011912591747686607,-0.023281220415529606,-0.04737063305121162,-0.06104521533347351,-0.09174068146528003
2023-04-14,0.011059995042964454,-0.021159369508434892,-0.05532998164055937,-0.061374977685410954,-0.09255369836500572
2023-04-17,-0.006395892517616249,-0.028710685745797413,-0.06403742360693421,-0.06625345948580397,-0.06963510374482754
2023-04-18,-0.012767671262460019,-0.03477728545371554,-0.05751306914302014,-0.06903553210333224,-0.07009353557757483
2023-04-19,-0.0015225586369215281,-0.02394486992645475,-0.04575925855247714,-0.05659877333313112,-0.08524218027782955
2023-04-20,-0.004883507048116716,-0.025776181553991334,-0.04503363433984721,-0.061182417259039605,-0.11958940753759033
2023-04-21,-2.3827435158748798e-05,-0.021096977101297827,-0.03273719575155284,-0.04350535201289713,-0.0852987998068763
2023-04-24,0.006644211325288053,-0.017238362424777935,-0.03407594354141672,-0.0348472690971368,-0.0855001424403813
2023-04-25,0.012860833399253067,0.002104854860929913,-0.012461285426058311,-0.022597048532240954,-0.046338721734033854
2023-04-26,0.008594961658431738,-0.01657451685696111,-0.02419429279104108,-0.02892018778441878,-0.034212290994235436
2023-04-27,-0.0031074671363368156,-0.01817205153762429,-0.02889619703107619,-0.024412626947212225,-0.010060575073551773
2023-04-28,-0.02847182679234942,-0.03566587664509904,-0.04115077344442037,-0.041200576186017066,-0.027280230638179834
2023-05-04,-0.04338385618008666,-0.04163593558406679,-0.05174549034885742,-0.03556086000683459,-0.011624455574140866
2023-05-05,-0.03548217821549773,-0.02596010066410052,-0.030805806951430887,-0.01703154535831798,-0.0017547914860879588
2023-05-08,-0.041508154053553716,-0.03927161316576328,-0.03918580136131571,-0.02849460209767064,0.0010266960401513375
2023-05-09,-0.05426721775722198,-0.04829630820792616,-0.042264595767976226,-0.026804961008147537,-0.011886283683075068
2023-05-10,-0.04814135272494855,-0.053031235610140115,-0.041377137663470814,-0.02838131675238381,-0.003519919935562017
2023-05-11,-0.0473476025521743,-0.04893057985091234,-0.04520382355149592,-0.0290049121175578,-0.02080489940425748
2023-05-12,-0.041760132252988164,-0.035943238901821155,-0.033699470191891324,-0.01588681338591005,0.02116275395747153
2023-05-15,-0.04490798483459623,-0.04273484188067127,-0.03400136178829215,-0.019693509477931758,0.018281231751239427
2023-05-16,-0.03661596361252964,-0.036577314539375495,-0.030320641198162617,-0.003337313846221855,0.0476914067277004
2023-05-17,-0.03839734014927069,-0.032775677551507856,-0.030027260169354857,-0.007963689970200851,0.04840720851799877
2023-05-18,-0.03103307219809941,-0.02329646739594593,-0.023398508593152782,0.005517695314264707,0.030137736609367926
2023-05-19,-0.025646252264996103,-0.01964250317616417,-0.022102671111069113,0.009597902456767907,0.05405575435506147
2023-05-22,-0.03930686284096267,-0.032314226238457755,-0.02875093385433823,0.0030718948038143726,0.07427887845880433
2023-05-23,-0.03917522627902089,-0.02956980322386986,-0.01628878664835714,0.007349267170645185,0.09408447442930007
2023-05-24,-0.03434769542540053,-0.03160243476011928,-0.0170680107650533,-0.0047422697384334545,0.04951656144117688
2023-05-25,-0.04070131770033774,-0.03862132749272659,-0.031117450563186804,-0.018313878107095623,0.014882636515634103
2023-05-26,-0.032117839225267376,-0.028056689729850197,-0.022535910128028597,-0.004331645010286938,0.012626544377044246
2023-05-29,-0.024611700946055984,-0.02145964402286098,-0.023890305051518557,-0.004619747093120446,0.0006950520345371065
2023-05-30,-0.028964490257559775,-0.022780608000966998,-0.017775361838228233,-0.013983787066249597,-0.0030050118963678703
2023-05-31,-0.010732788460743246,-0.005658112310514289,-0.012337678005543045,-0.00022707359703759476,0.0075294463841420745
2023-06-01,-0.004093231123879999,0.004184879227512812,-0.0025470393497100574,0.009432461614460564,0.0009234649402453728
2023-06-02,-0.012041097974467714,-0.004360421288230701,-0.01589270367205115,0.005456978650850952,0.0007866242640073686
2023-06-05,-0.013536349519368345,-0.006727686648697684,-0.011951687907665145,-0.0036498565926137865,-0.02097090009234165
2023-06-06,-0.0030875224833533015,0.012615254074208293,-0.007373149761063737,0.00899944964674547,0.0015748963227739396
2023-06-07,0.0015852939998634754,0.01174984723452369,-0.001676103818007874,0.0009370708713190827,-0.020189963794467122
2023-06-08,-5.678798921851046e-05,0.014859818527208996,0.00919064444234272,0.004512616941143291,-0.01070382181890242
2023-06-09,0.005838335416831378,0.0211634270184905,0.0099289444571464,0.00473859193046572,-0.022780595028253373
2023-06-12,-0.002208762692794211,0.004584089085046979,-0.003917768049981349,-0.01652808022258016,-0.03664401052392625
2023-06-13,0.0053066835116573645,0.013658810982771215,0.003552514839288534,-0.009937773099585125,-0.02655878180504728
2023-06-14,0.006784712212900775,0.008812226347377033,0.0016518398583437034,-0.010491321777624617,-0.03167375668820119
2023-06-15,-0.003460839455808171,0.0020702559742854436,-0.009851672644470563,-0.027254759645744843,-0.03866070910058668
2023-06-16,-0.0032759819746815554,0.004554141607641668,-0.017791605520272376,-0.029415346421883457,-0.05635477164110678
2023-06-19,0.012319850743898806,0.009425958102322725,-0.00944452079911992,-0.02581075824145112,-0.06542546287863693
2023-06-20,0.01230364400174659,0.010149535262441946,-0.011251946194717624,-0.028635826468517627,-0.08228278965578938
2023-06-21,0.02515407656449972,0.0230546984733339,0.011698914346305907,-0.008047505630071932,-0.05799182454558528
2023-06-26,0.03759882946482338,0.036030322772514695,0.02671536980575672,0.011837708466191166,-0.04083510525671341
2023-06-27,0.038808308637256816,0.03326092848351944,0.03247137982935369,0.014436135698898669,-0.03234343240111094
2023-06-28,0.04243839620853381,0.03555290967191465,0.03198413873136954,0.012652412552319223,-0.0313315218869564
2023-06-29,0.04737049735050479,0.029855748016349257,0.02961972363210193,0.0049454035021166114,-0.0469564311853599
2023-06-30,0.05732544011210416,0.040436669637026273,0.02995079276097309,0.008190933136999073,-0.047883399361558145
2023-07-03,0.05667016141940954,0.0388813869808368,0.025696974175083327,0.016857593716580292,-0.037244005742269944
2023-07-04,0.06221940350005727,0.039593359728427244,0.02452373286109732,0.010979823107126647,-0.04429844607362677
2023-07-05,0.06270447916894543,0.03716462434146704,0.023892990527551273,0.018010455886624845,-0.03454854835001327
2023-07-06,0.07452786883128049,0.045723799533383847,0.03410281508348112,0.028771125233772225,-0.03517317166141703
2023-07-07,0.0700866687313142,0.04128162350649492,0.04616794768208752,0.030626174852028645,-0.012737850991055025
2023-07-10,0.059356444593443865,0.02785980979712821,0.03019392257392164,0.015565936506147128,-0.00879233041686796
2023-07-11,0.048333156943582235,0.02224664362985617,0.017473203728428578,0.010736828172986785,-0.020682674054745234
2023-07-12,0.05245683255134923,0.025518510822245197,0.022537839294996705,0.017352616971491232,-0.01556466945783298
2023-07-13,0.0463331087846484,0.020977482933064243,0.012699306638280195,0.006460004403306919,-0.02445840641711212
2023-07-14,0.032180097433222546,0.0058821937776325165,-0.006523536449307653,-0.014307589676424712,-0.04671719272963976
2023-07-17,0.0316425989902748,0.006129417144807185,0.0014266077016910203,-0.009502822586353446,-0.03590423781640944
2023-07-18,0.03130579890751188,0.0025771606772567817,-0.004997008743664289,-0.0187511078858021,-0.037592178123677246
2023-07-19,0.02783268445834632,-0.0049798872751396885,-0.008767606693265588,-0.029665426561311457,-0.05460971161964474
2023-07-20,0.03703811803023435,0.004047552938672736,-0.0025133944830641928,-0.005573260820980689,-0.02818607779388455
2023-07-21,0.01949985431008106,-0.008832478682669134,-0.019172668355439796,-0.02729406790243472,-0.04935461263485568
2023-07-24,0.01409554483689047,-0.020669275182390888,-0.0368744822730806,-0.032203229386808765,-0.05630651293137706
2023-07-25,-0.012746145546797526,-0.03478171740863779,-0.04688494954338827,-0.0507940831626389,-0.047951195599124426
2023-07-26,-0.028117541865698075,-0.05211241957736702,-0.061192496380444,-0.07023619983076777,-0.059875512681999
2023-07-27,-0.032962939617117874,-0.04737045937590676,-0.050905809380615306,-0.05831771063935927,-0.04951097108175605
2023-07-28,-0.05377612242417679,-0.07142252657089694,-0.0720727698665227,-0.08334964220758082,-0.08005377721866083
2023-07-31,-0.05024371259438833,-0.0666922835175412,-0.07051887085280145,-0.08550811748192622,-0.07719339846493677
2023-08-01,-0.0445036671050069,-0.05208705963140336,-0.05515066613601675,-0.057198907038002525,-0.04606110121319547
2023-08-02,-0.04660951250502318,-0.050676289979530914,-0.050947837350421875,-0.05195492723256499,-0.04000707161708205
2023-08-03,-0.05668821758788137,-0.061439429634895994,-0.061165629448630875,-0.057631886050658825,-0.05677479321295508
2023-08-04,-0.04904369076069765,-0.05703201603499633,-0.06168769151502948,-0.060017994915199595,-0.06301400783767687
2023-08-07,-0.025516205137657837,-0.03647124027892783,-0.04098073078907056,-0.04198048006649534,-0.04238066781950501
2023-08-08,-0.02792793693760794,-0.040601820977690696,-0.04244497771457711,-0.0480827468332089,-0.04763188582033817
2023-08-09,-0.02244570665888421,-0.03666013150964044,-0.03229880080880415,-0.043548958891330154,-0.03999535126448409
2023-08-10,-0.041519146011705886,-0.04773426772573855,-0.04580970005124446,-0.06387935633068687,-0.05936726314687119
2023-08-11,-0.026494372078968556,-0.030660195868034125,-0.02315170803789466,-0.04660661566299129,-0.04106741960968197
2023-08-14,-0.017399298719940715,-0.020088021319583062,-0.012038334854118147,-0.03702147717318201,-0.032198653819977496
2023-08-15,-0.01383148865448502,-0.014618960286745298,-0.004466314959751848,-0.031897223890550296,-0.029090216876514283
2023-08-16,-0.01227524198424155,-0.01404266326352834,-0.00736597721661322,-0.02564836363845408,-0.03465686232138999
2023-08-17,-0.016042930397098826,-0.020588689450714154,-0.012827983668600159,-0.04105371206543505,-0.044138383855391906
2023-08-18,-0.005942245575629018,-0.003617927609657081,0.0034693250128479754,-0.018825156602581706,-0.019800236203244777
2023-08-21,0.005774173934002165,0.012281983312124009,0.013604926586223958,-0.004257206368403575,-0.007962832470378087
2023-08-22,0.00840129026270669,0.0013144268956816834,-0.00014055177008504482,-0.01504049235731031,-0.027601199639544678
2023-08-23,0.014954747582466683,0.013446731377958564,0.008394149816867319,-0.0008556639636278726,-0.010086752511061016
2023-08-24,0.011956510651157009,0.007260817487833599,-0.001134905479785986,-0.014033671337980735,-0.020157793958862472
2023-08-25,0.023247498593261574,0.024764565492432705,0.0255354780220515,0.01809711410274052,0.02725753978965273
2023-08-28,0.003922578577670932,0.009216248255900093,0.012156705434671344,0.0009958503189083118,0.0019505756777412856
2023-08-29,-0.006968595378784575,-0.017902391822940487,-0.02159904476029309,-0.01896639173899858,-0.033730567709233446
2023-08-30,0.0017834245089675888,-0.01066050317098644,-0.019995194510718704,-0.014335007999042264,-0.036095895200017734
2023-08-31,0.006411052652117869,-0.0002001160330386765,-0.004681578743694267,-0.0036196820952822547,-0.01777625423792225
2023-09-01,-0.007421203895208237,-0.010785217296095342,-0.01173655574486982,-0.0077444700608107885,-0.015954561372817602
2023-09-04,-0.024871116989378717,-0.030198955066996835,-0.034083612753224864,-0.02900971633031504,-0.03298428320737239
2023-09-05,-0.020887069107785435,-0.02411599311377828,-0.03380977917192244,-0.02007485399200466,-0.017149865767757302
2023-09-06,-0.008651571820179256,-0.011908252334996056,-0.021038414240078764,-0.01190360460572919,-0.0203256854227998
2023-09-07,-0.0005939159735112276,-0.006548909692038052,-0.007802860291558114,-0.000566538556811936,-0.011330232405435283
2023-09-08,-0.0017836110451152037,-0.012371087821662814,-0.00945151759766207,-0.014091116943620129,-0.021912048577213898
2023-09-11,-0.015904591266522397,-0.024260929867963403,-0.023177267358441292,-0.02206380473574579,-0.032719623674557344
2023-09-12,-0.026917707460987844,-0.039244929774913485,-0.038379741054507845,-0.04172862808104803,-0.04063568075699205
2023-09-13,-0.03818851323527115,-0.045143013015817954,-0.043139542510096766,-0.03972036088516313,-0.04092439471706576
2023-09-14,-0.044933275800575864,-0.04825156624418248,-0.05122365622403834,-0.040410429746372246,-0.044724192698378275
2023-09-15,-0.06402380689465617,-0.07255403757915083,-0.0769038061274328,-0.0572996113670075,-0.06572041410398217
2023-09-18,-0.05463465275615634,-0.06544581531018004,-0.06424620793048343,-0.04944677202405873,-0.0486489361368831
2023-09-19,-0.04593993366447531,-0.05622161053601878,-0.045227193754078875,-0.03690701813497185,-0.03202350005975398
2023-09-20,-0.03875485100620409,-0.044820817374936414,-0.03633252527597098,-0.02670769959464258,-0.025507668661936007
2023-09-21,-0.017344042602644758,-0.024422241538402646,-0.01576407491938556,-0.003690690457835431,-0.0005396501645377187
2023-09-22,-0.024035061448522927,-0.02895901777039821,-0.022530147401446748,-0.0038499136299819632,-0.0090897211910488
2023-09-25,-0.02426505857879249,-0.02614988221021881,-0.014390473447626555,-0.009975590437223347,-0.00022023695774535713
2023-09-26,-0.01716035645303115,-0.01927192585741494,-0.012212674209546633,-0.008942143902178458,-0.003521819756111089
2023-09-27,-0.024628497136305834,-0.027328406133682072,-0.02496019176696753,-0.021347174107033854,-0.02237722389245139
2023-09-28,-0.026221878129423674,-0.029423995096757142,-0.021225036295267355,-0.016813346425430673,-0.011323909402913543
2023-10-09,-0.011777122675312033,-0.014010116450805937,0.006717860841449711,0.0034929456118045917,0.020757111977975955
2023-10-10,-0.01252974621379759,-0.004402042346915671,0.010201310568341337,0.014440663551716035,0.02454813710925603
2023-10-11,-0.012882921802293393,-0.00022266608823576532,0.00967323658376679,0.010892536401250257,0.026884865060137306
2023-10-12,-0.021252669093369262,-0.012619293043645551,-0.004927991453219109,-0.0016768627235510235,0.010071671527043101
2023-10-13,-0.014119595529755372,-0.011018593737663968,0.0012530246026923487,0.0028806507370348193,0.004824090852031312
2023-10-16,-0.007746845652447141,-0.00043324873155684576,0.009985192680363327,0.020141522825599927,0.027787620833571506
2023-10-17,-0.009387270841520547,0.007853418717876896,0.011109101937001913,0.02440739572432737,0.03771151853238537
2023-10-18,0.008446114025864853,0.02802628256274454,0.03165124845068589,0.04827027768082461,0.0551031360342602
2023-10-19,0.017557490438638936,0.03402135731262179,0.03468956424291044,0.04737921429240805,0.05618594401503146
2023-10-20,0.021130462104202608,0.03427137046239161,0.05943848716979094,0.062105844830079075,0.07232210943915099
2023-10-23,0.04457331742016506,0.06223310013360423,0.09326507618023688,0.0948133895730022,0.10068837893189458
2023-10-24,0.034121765111457716,0.05009305084595667,0.0761681478349825,0.0730106958185389,0.07807662582875492
2023-10-25,0.018889178905433113,0.041194630135235735,0.055314607784689024,0.051321497213089554,0.04863601453887967
2023-10-26,0.022982065669426708,0.044368880689646985,0.05899426747404168,0.06087572988311998,0.05919518249277171
2023-10-27,0.008624870038760868,0.02628195988825549,0.03256288057754508,0.02273947729320465,0.025300360516542927
2023-10-30,0.006492894119697841,0.015125186806513966,0.012523932742426684,0.00841192301209129,0.008060950444913518
2023-10-31,0.00817264829516468,0.02512827088971011,0.016946785698671425,0.016058211414637844,0.020968618313916845
2023-11-01,0.0023465523823059105,0.01269624923343574,0.009871636681895576,0.010476826818518668,0.022100174194111033
2023-11-02,0.006744072703608732,0.013954860041502192,0.013919773915197678,0.01978547918837697,0.031907609122066964
2023-11-03,0.005931631167909453,0.015356151105790427,0.012278839465389808,0.010250351738776389,0.027161924645870562
2023-11-06,-0.001498135106097509,0.002030850811662349,-0.004032057114848905,-0.013950171365153112,-0.005839260972324064
2023-11-07,-0.013019730492050388,-0.014078405398375318,-0.018318910567769308,-0.030446160489239028,-0.03476441088177677
2023-11-08,-0.007644365390042236,-0.006919174825739864,-0.017320558655273998,-0.02827863533658445,-0.031452955578384845
2023-11-09,-0.00980423963275642,-0.008239855123317964,-0.011416753502831934,-0.02363077806211055,-0.023718631869644347
2023-11-10,-0.012471822419185843,-0.011263567714013717,-0.012743002441546416,-0.019674323037860528,-0.014920482841332008
2023-11-13,-0.01182668784171869,-0.012173390470700369,-0.00836919081584174,-0.013285948290932525,-0.008150547227866357
2023-11-14,-0.007549751821369071,-0.0072227315621896295,-0.009910390309643295,-0.01463221944367908,-0.019875633669967335
2023-11-15,-0.01458624236502235,-0.0218601875214771,-0.027387070521636456,-0.030233669199741187,-0.0380732353232549
2023-11-16,-0.011961505158391658,-0.011858935382616596,-0.02152936759653789,-0.02285785232765986,-0.0337474817307945
2023-11-17,-0.016927031117645437,-0.0241888811001755,-0.028413274690151966,-0.03395293181425676,-0.04352440685260915
2023-11-20,-0.0315790103484931,-0.03851686335201906,-0.049000393042668795,-0.05208478149360811,-0.061140058316149326
2023-11-21,-0.034358362847218334,-0.045924679167456586,-0.05280345161384143,-0.04593466553441367,-0.05500260548635587
2023-11-22,-0.03630727723116421,-0.05220284006904522,-0.057230790533696244,-0.04898674274643753,-0.05807616859796514
2023-11-23,-0.03688537954117553,-0.05481414618658059,-0.05966947577555219,-0.05288250988979897,-0.05854315679051729
2023-11-24,-0.0377585170940676,-0.05159931219529099,-0.057307694372175824,-0.056640925800089885,-0.05780745141682814
2023-11-27,-0.034175007259187665,-0.04592588914033793,-0.05525141091156213,-0.054848832693401746,-0.05524793683201078
2023-11-28,-0.040671298837945416,-0.056285486363312244,-0.07003945292927653,-0.06860953911952361,-0.07672129686176467
2023-11-29,-0.02940312036436426,-0.046293727428879675,-0.05464327957588539,-0.05697888793088499,-0.06526195327512098
2023-11-30,-0.022548661733808244,-0.030640284484569704,-0.03272004688438466,-0.03159314266474504,-0.042347881579328804
2023-12-01,-0.021259407189201003,-0.027667952998709243,-0.027951078085007748,-0.023792071286584723,-0.04365037508940552
2023-12-04,-0.018910913505672585,-0.021942471586332595,-0.02683577512893966,-0.02508313315373214,-0.05798765253373163
2023-12-05,-0.0020233911704877657,-0.003514556174349764,-0.006881853821242043,-0.008424444003812018,-0.04764642470490541
2023-12-06,-0.004782192208286163,-0.010163048048031162,-0.020768451772815603,-0.025880042818541275,-0.060574542186291644
2023-12-07,-0.00880714025975444,-0.016129563254525265,-0.029740611259457084,-0.044948627898917605,-0.08139095485803668
2023-12-08,-0.020134097438659328,-0.028183327422294176,-0.044344438382832904,-0.06514928743713296,-0.10294949068885283
2023-12-11,-0.021379174147579137,-0.033575649486892685,-0.052660771331752454,-0.07151400060246453,-0.1107566673908643
2023-12-12,-0.027972945995687164,-0.03892494634386259,-0.0584400158364506,-0.0781552560659155,-0.12227294277271403
2023-12-13,-0.017135486109704064,-0.021080057327393407,-0.032709337358492685,-0.05421731169784309,-0.09500215056041977
2023-12-14,-0.013380861912856824,-0.018022134520806497,-0.03095999199046836,-0.06394896030429317,-0.10210868188738642
2023-12-15,-0.007925904871957675,-0.013829521906100008,-0.03528105423588987,-0.06223941681194044,-0.09217729382123153
2023-12-18,-0.00028299974818779967,-0.0032497843740151877,-0.022980716134322,-0.046370546888353445,-0.08567020284350396
2023-12-19,-0.01245089109886147,-0.023688471128740576,-0.05077262729655027,-0.07345833740365518,-0.10768695243471878
2023-12-20,-0.01518222523718151,-0.016585928182128125,-0.03734466421869964,-0.054259111403007265,-0.08625812704967196
2023-12-21,-0.02542610818511896,-0.03370679024198156,-0.0552208004965338,-0.0738440336911858,-0.09566896802031603
2023-12-22,-0.0635751507772207,-0.07398302199200543,-0.09354047814707782,-0.11127615505543986,-0.12265437662096558
2023-12-25,-0.050682748473819275,-0.06488990401119155,-0.08184997183727225,-0.09862235451588934,-0.11047426576458276
2023-12-26,-0.019718342827881204,-0.03561954456669503,-0.05414244114486115,-0.07702392015062962,-0.08904836915175718
2023-12-27,0.0037732206738078,-0.006258130251979739,-0.030871284161074156,-0.05704222026138879,-0.061687981710603176
2023-12-28,0.001992960168356872,-0.02162118790851194,-0.05193852542055597,-0.08492717670544371,-0.08724478157666571
2023-12-29,-0.001236310263357021,-0.0400339712964987,-0.07887041916243287,-0.1179050368151872,-0.13720762226617797
2024-01-02,-0.025561879383091266,-0.065186103157293,-0.10496734524766689,-0.13230089853752705,-0.15452815199512712
2024-01-03,-0.05061851048704903,-0.09670464539262173,-0.12706396800057695,-0.15615733446392333,-0.1825541857108127
2024-01-04,-0.05742465495011732,-0.10514139789978282,-0.13479948448883716,-0.15044076745615445,-0.17605811156951837
2024-01-05,-0.06835611504147944,-0.12045177190697312,-0.14947596607553346,-0.1630184520762649,-0.1885421358533795
2024-01-08,-0.07786982784340966,-0.13056575919031882,-0.17052068088765285,-0.1791064663766552,-0.21877398173426077
2024-01-09,-0.04205890858343547,-0.08195183136271214,-0.12898129103329845,-0.13038667365932316,-0.17616584847896583
2024-01-10,-0.016712928666583606,-0.04449827820661574,-0.08746388808525735,-0.09361358505901624,-0.15108495603721092
2024-01-11,-0.0035796311941124347,-0.03548993852586305,-0.06821503099638165,-0.08915021727571706,-0.14150758049407494
2024-01-12,-0.0018470075117722326,-0.03322237556388599,-0.05596947446437785,-0.06957641246636836,-0.11139748393676123
2024-01-15,0.0018656879308631056,-0.027977367619027162,-0.05656898990723033,-0.06358717742476483,-0.10331169115522548
2024-01-16,0.005355084276037013,-0.017539235073579188,-0.05057851754731694,-0.05616200729231358,-0.09234255212035088
2024-01-17,0.026206644605378453,0.010560686653318387,-0.011243272446625293,-0.017340097227869024,-0.04561190550630934
2024-01-18,0.04124451730099624,0.0228867954705911,-0.0006684565719263612,-0.00777385013792674,-0.040737927097528735
2024-01-19,0.036845609487165185,0.027174365951985354,0.009554144413234949,0.008871390042104552,-0.02497408739524993
2024-01-22,0.10120417138710285,0.08883095117985822,0.08782897320024353,0.08228558834549404,0.052601237567751515
2024-01-23,0.07935336623056267,0.04653891412844065,0.03449302082311308,0.025152269381739836,-0.0062446542057913385
2024-01-24,0.06797066300073247,0.051840427939659546,0.04187955160177269,0.05990676474642501,0.021581962347574955
2024-01-25,0.0402776963101318,0.024278866118476492,0.01327394546838347,0.02479262280289492,0.01576476827637021
2024-01-26,0.03832402845899219,0.028684652816626178,0.012903170838553872,0.027497471606279432,0.03727236359981523
2024-01-29,0.04816282825486442,0.04064100780633711,0.026035577074402023,0.04217969247348082,0.05827292601713531
2024-01-30,0.06476150164493538,0.06609675602031423,0.06305154213495259,0.0708098825833232,0.09572902902445968
2024-01-31,0.08072217950631524,0.08870056521726605,0.09205464520831345,0.0925609637090761,0.11004109181121852
2024-02-01,0.09336604755265335,0.10510281801341574,0.11444049012229957,0.1093421498971334,0.14193899981939384
2024-02-02,0.11166666532175695,0.146991867475569,0.17533939665312942,0.1842491262431821,0.21358738485063103
2024-02-05,0.10660050937266816,0.1860970507606658,0.24609981012885856,0.2770927299774597,0.3058837154871877
2024-02-06,0.051852831582868596,0.1118071689612428,0.16811130720055473,0.21908205458109728,0.24050775201743066
2024-02-07,0.03912692902416149,0.08916635691209815,0.13530495437376958,0.15601032429844444,0.17592880956398638
2024-02-08,0.043990554047775056,0.07427021058151066,0.09125644223814111,0.13033865953597132,0.15750449613970552
2024-02-19,0.03691348312328067,0.07909438457195735,0.10001514696677039,0.12506435704014848,0.16429798997443207
2024-02-20,0.02378670211784836,0.06551755935933934,0.09005121813003938,0.11566851912620124,0.14805268266151886
2024-02-21,0.01973600170770142,0.060222605833518725,0.08720285947363124,0.11167900110043276,0.1568466422812604
2024-02-22,0.012829366364939677,0.043624081326868146,0.0741716781386346,0.10111924416660131,0.13180494039012416
2024-02-23,0.0042723650531166744,0.024577783896323736,0.0412718969619762,0.06889871848633138,0.09530432705370855
2024-02-26,0.013882111338133536,0.01680290311384846,0.018256342756160095,0.03477971642830922,0.05510388174346857
2024-02-27,0.01207009589857288,0.0013968799645938646,-0.00020360715906196221,0.0034652048225418484,0.01314048102564309
2024-02-28,0.013854584661847575,0.0004684419256223442,0.005356631388868849,0.007697596304016057,0.03487595081537996
2024-02-29,0.0008749685148371572,-0.012511362784147337,-0.012576886133673575,-0.010360594989146424,0.01840242562533475
2024-03-01,0.01318473922444199,-0.0013946081140555498,-0.0047589745486361305,-0.011292242831907105,0.00793934098387516
2024-03-04,0.02524679493105182,0.012479499708386613,0.018736273414749108,0.013653837503793186,0.025373195314426986
2024-03-05,0.022910405442024395,0.01700110363633381,0.023255286317187165,0.027934904362614737,0.030628796967031056
2024-03-06,0.028278643297647316,0.015668534613991394,0.019248206004435716,0.01921659436968576,0.011638377718365078
2024-03-07,0.021556528917617623,0.011084562238469412,0.00890698979223594,0.01885676391192239,0.006581312388186937
2024-03-08,0.013639486487084554,0.013790522069190955,0.010883758482549294,0.029117998025166826,-0.0005645050373872936
2024-03-11,0.007509468780958384,-0.009858831721318823,-0.021246752173217767,-0.016320856535206037,-0.0501873018222423
2024-03-12,0.010884212367798731,0.0032029004258800294,-0.015098627267585908,-0.03068129491407094,-0.059037113890674495
2024-03-13,0.003918121395354674,0.0037363985389465733,-0.026171680555590632,-0.03411417842340475,-0.06765387273474338
2024-03-14,0.012329250858459758,0.019126083609294155,-0.021806407495687616,-0.041971165818733336,-0.07456329725380739
2024-03-15,-0.01859580824489815,-0.02992079514448241,-0.05232348891823269,-0.09217761332643637,-0.12935061664906805
2024-03-18,-0.0007582985939325864,-0.011028598049510905,-0.03141886337565828,-0.07227213007788008,-0.10942602986343011
2024-03-19,0.009257147763374576,-0.00016377280997895215,-0.02925366883485381,-0.07156412050724371,-0.10219216990676008
2024-03-20,0.013189942136641524,-0.008922167884251772,-0.04455074280205378,-0.08390402015058206,-0.12302396701258135
2024-03-21,0.008723061014142625,-0.015845969370270295,-0.03946169415553268,-0.0925767629615709,-0.13163125702235542
2024-03-22,0.01212304137273049,-0.009329535990922653,-0.03865435730148041,-0.08655322170525033,-0.11847749154640479
2024-03-25,0.02656620136274399,0.0026286830144673983,-0.010900753831642398,-0.05797708096917757,-0.08147865579143806
2024-03-26,0.023903594945331147,0.006581120977074761,-0.012592154750066968,-0.055416690686949446,-0.07690803926284477
2024-03-27,0.042070830237088845,0.036919240939415496,0.027101074675164604,-0.002930460479409588,-0.00803720913538028
2024-03-28,0.05338609784940963,0.04418608025219535,0.03566005843451656,0.009823775878253983,-0.009197878728418584
2024-03-29,0.0411945235728849,0.028043427196835637,0.018481906939583227,-0.009037920651264481,-0.02897666315433148
2024-04-01,0.04159277806843073,0.027971856455664374,0.014719941133918396,-0.01136702960000002,-0.03555801730186095
2024-04-02,0.03285044549961946,0.0306924543916645,0.01714989420972283,-0.000714885223072326,-0.02645311335927788
2024-04-03,0.02249438186529284,0.02050296529244672,0.007695559743284575,-0.011427232129508781,-0.030934979553530677
2024-04-08,0.04330336131348664,0.042756117546502895,0.044970868672544455,0.02773537275351682,0.0012862892208438377
2024-04-09,0.039931760654948543,0.03486456197760948,0.03242327191501275,0.010637276035190218,-0.02683415194901155
2024-04-10,0.051034843451588985,0.047370949909105634,0.036074550045729854,0.021528584395231247,-0.0181135293906954
2024-04-11,0.04300376344215626,0.04517178537686927,0.040289511082357024,0.02276109237052629,-0.01403441991614452
2024-04-12,0.044339856115938915,0.042021028689841505,0.0389447965265971,0.018060728734448292,-0.011290504949224189
2024-04-15,0.03374672579637536,0.039347684301130635,0.04111347880866633,0.020783800436141607,0.008550919189903737
2024-04-16,0.06074591609053562,0.07784177916179548,0.08810509861637494,0.08564621745736774,0.08792912218404972
2024-04-17,0.037897619919206406,0.045805516102922834,0.06473781035191946,0.04836411176885263,0.036610137952066926
2024-04-18,0.03172704583669429,0.0417418546357543,0.050674341162004796,0.04332179282481695,0.026160192082369537
2024-04-19,0.029434156493208064,0.043936046574457814,0.06363901699191143,0.052617681170220476,0.044211284001519705
2024-04-22,0.020597252107225565,0.031690241834039075,0.03732949854590342,0.036621594738716456,0.02915815862901795
2024-04-23,0.02775618745766823,0.04136715862226281,0.03219261800288499,0.02209116032837846,0.01540224067615623
2024-04-24,0.03632496383690238,0.04167890730477228,0.03848184402272777,0.009532103483351111,0.003154352808612356
2024-04-25,0.02208270939769593,0.026410823470811726,0.02516524973080065,-0.0026312427552009623,-0.007953300020852703
2024-04-26,0.013387194934981802,0.003135900676554773,0.009102961226433781,-0.021857901685778204,-0.02898732012596255
2024-04-29,-0.006748402092016426,-0.018133909892516932,-0.03148883853259199,-0.04314394755026354,-0.0587727783160776
2024-04-30,-0.003328519005805545,-0.01168025933788342,-0.024877587799650148,-0.028762500948249187,-0.03936096875058639
2024-05-06,-0.02359061071401017,-0.04156585265073807,-0.05298862685076447,-0.059601534768160845,-0.06967706532407782
2024-05-07,-0.013504392457557026,-0.034684545407266607,-0.041446930643216084,-0.057731560492089856,-0.07206057002588284
2024-05-08,-0.017139765511052528,-0.035867589253280666,-0.039186504330635946,-0.056951417363389156,-0.07141256469871009
2024-05-09,-0.03854399507538137,-0.06227497815907791,-0.06988385625216516,-0.09137719198843917,-0.11403645685130662
2024-05-10,-0.03565922227129755,-0.05750119988960621,-0.06490132145772813,-0.08278835239971634,-0.0976231673015855
2024-05-13,-0.04520576236493956,-0.060957095359099114,-0.05765372394045032,-0.06543260032284488,-0.07992963748141473
2024-05-14,-0.04458172721811053,-0.06113633915163483,-0.057427745408132634,-0.06286646563436964,-0.07674916882923305
2024-05-15,-0.047282017725707816,-0.05784347810573701,-0.05654338076420719,-0.06064916917956652,-0.07893139856660276
2024-05-16,-0.04237772171882386,-0.058103542143097334,-0.05580354228143628,-0.06050417962901597,-0.08171341547343286
2024-05-17,-0.06430009648333958,-0.06792328232563596,-0.06574922012900344,-0.0734586013659459,-0.09869570825471621
2024-05-20,-0.06275970953161104,-0.06421521884305607,-0.07367437053320124,-0.056316693224720854,-0.10053243408000918
2024-05-21,-0.0669116468886139,-0.06381128762039462,-0.07718824688149947,-0.06322420878361226,-0.10090733200434338
2024-05-22,-0.07807247049371391,-0.07945044772532345,-0.09339126274508422,-0.082475124001008,-0.1224099761544313
2024-05-23,-0.06055200305451527,-0.05962979735178981,-0.07168171780111617,-0.06315138930825509,-0.1043445581834393
2024-05-24,-0.07586200216188331,-0.07780188929297745,-0.08403066943786967,-0.07835944810675613,-0.11480371201754258
2024-05-27,-0.08313283253169376,-0.09065444868648344,-0.09452725744003156,-0.10059634127655374,-0.12792578109938083
2024-05-28,-0.06580253343783053,-0.0667019341034227,-0.061368903897196465,-0.06978884272676636,-0.09420688903331295
2024-05-29,-0.07217119347519416,-0.08044938771194846,-0.08109843278491685,-0.08802010536755372,-0.12427740348484333
2024-05-30,-0.06985237550808951,-0.07394896840953896,-0.07950264068944404,-0.08236527994118759,-0.1073438187871336
2024-05-31,-0.06630288258319646,-0.06984213488111651,-0.06799035812407721,-0.07971881234068022,-0.09505921109322661
2024-06-03,-0.05385374557264658,-0.05860866490469825,-0.06684702772689871,-0.07866738880086967,-0.09013001503456321
2024-06-04,-0.060194537879860135,-0.06648259742941177,-0.08197161777020309,-0.09101298886575034,-0.09687086091464425
2024-06-05,-0.06625064111029114,-0.06977790323844366,-0.08999755416526763,-0.09910535054998122,-0.09952878326636432
2024-06-06,-0.04867986209812693,-0.05253583528910164,-0.06669605002997524,-0.06403553084593049,-0.06894743544814856
2024-06-07,-0.0684383074501834,-0.08131850812745178,-0.08751149422081496,-0.08533048092590252,-0.09965660049038579
2024-06-11,-0.05070383606676018,-0.06509680802106689,-0.06906346004376422,-0.07695353222944988,-0.08948087544225547
2024-06-12,-0.05416879680948469,-0.07195194239375304,-0.08659446164749672,-0.0883172728287305,-0.10404313500722834
2024-06-13,-0.03217425900010492,-0.04037366415057247,-0.057235743031627075,-0.056720556738235124,-0.07089073405353814
2024-06-14,-0.03474297595720156,-0.045633581565102256,-0.0553158894302334,-0.06539818106197766,-0.07056719757405874
2024-06-17,-0.032778886356169594,-0.05755825519026211,-0.05978681584814261,-0.07226691854019299,-0.06993896264012066
2024-06-18,-0.04343738317548408,-0.05602172931952293,-0.07032519955528099,-0.0684893769930676,-0.0709564091795818
2024-06-19,-0.02746580059256965,-0.05251106530633385,-0.06362201221576184,-0.06410018651331134,-0.07353432685078272
2024-06-20,-0.011882591417289652,-0.03242202043094215,-0.04029812825165268,-0.045332942395992136,-0.04826416019930014
2024-06-21,-0.01331777758442371,-0.030442083048976363,-0.03548889294484868,-0.04975005750191175,-0.041047381487099355
2024-06-24,-0.0036864625383961572,-0.0066023396751839335,-0.017934049721513065,-0.014109635833194929,-0.004504519939442901
2024-06-25,-0.02144479004480414,-0.030483378650008122,-0.036622627104029165,-0.032308186451072224,-0.009319995195121477
2024-06-26,-0.033164910051440594,-0.061543561001944205,-0.06683235978960074,-0.07305929680747655,-0.045871898570889656
2024-06-27,-0.02023759308969619,-0.039877456561218,-0.0506909047633955,-0.04558251966767636,-0.022905962153434607
2024-06-28,-0.01539421166346907,-0.02683154362014418,-0.04083569314984886,-0.0325753307829136,-0.01053368096376283
2024-07-01,-0.02567107358710639,-0.04856326027397323,-0.0550064321776364,-0.0463180222370876,-0.016122405400444847
2024-07-02,-0.021249369651165775,-0.03711209057762436,-0.053363674686689906,-0.03691815526055453,-0.009222206612272616
2024-07-03,0.006747643178980697,-0.00019619392680581108,-0.006820862403544198,0.0015115791259610156,0.027413522055487388
2024-07-04,0.012420554031135778,0.012071503121680973,0.0043329350960497415,0.025802506680977784,0.05355182393507503
2024-07-05,0.008144936778227085,-0.00571648239860383,-0.0058108547052979735,-0.00163139094175461,0.023234784084775695
2024-07-08,0.013406354460432484,-0.0008262535945353571,-0.005973680977027208,0.01049920591677009,0.02552570725861893
2024-07-09,0.004188757222563251,-0.0016544204076185938,-0.0008891958561206316,-0.001462670593840906,0.03269396938097932
2024-07-10,0.010603893002360896,0.012594654791277134,0.0029107749922294454,0.002961681611142255,0.03317123145560569
2024-07-11,-0.0010911296643124342,-0.011871054981684101,-0.02321443643451702,-0.02345130849327802,0.009666093882608652
2024-07-12,-0.0067137141998086245,-0.014734715581230262,-0.027372158584886057,-0.030666203817450183,-0.0053474442453305
2024-07-15,-0.006161661627813495,-0.010061439604480896,-0.02372496927333979,-0.02590040519795172,0.0014876468883029755
2024-07-16,0.0008602508743081554,-0.007877840251785086,-0.020754942613651635,-0.02715191307226319,-0.006063260031511488
2024-07-17,-0.007091668380254289,-0.018901740257823388,-0.02359108949467785,-0.029688903258851377,-0.004796293158682023
2024-07-18,-0.004776266826768903,-0.011133777676348345,-0.022182963390195442,-0.021460208666395388,0.004839786860360703
2024-07-19,-0.011785083133779312,-0.021173550628868422,-0.02975306565728156,-0.027345234973346275,-0.009619086243046802
2024-07-22,0.002061555082370989,-0.016287529006743535,-0.022900313170064187,-0.031881472773829404,-0.02020570317639172
2024-07-23,0.00447353789800457,-0.008293650078286214,-0.01144049230475111,-0.019237313466901048,-0.018785631038619296
2024-07-24,0.007144380650067084,-0.002305646787406368,-0.004537470372093853,-0.017124894450772324,-0.0012262317638668206
2024-07-25,-0.007583264735485913,-0.01567377839318001,-0.020781549244473042,-0.02995996113397263,-0.014937829756445076
2024-07-26,-0.01810838218677315,-0.02779841807508123,-0.031782891195340314,-0.043451921969107625,-0.03168319322005478
2024-07-29,-0.014389262023190076,-0.02255826484388475,-0.017896697735164103,-0.029167196065203425,-0.0347442374507508
2024-07-30,-0.025303499867373798,-0.02925906908150719,-0.030312851671044354,-0.04509105719270955,-0.05310607214408147
2024-07-31,-0.040518081617913336,-0.05814317226876097,-0.06429980464612957,-0.08601277003884437,-0.09118299352743318
2024-08-01,-0.04443855845787104,-0.04528418722842486,-0.04569229975260972,-0.06260202637581948,-0.07250419656207101
2024-08-02,-0.03204956528836664,-0.020494564719516935,-0.02210710639778489,-0.027943524068667135,-0.03633358398849789
2024-08-05,-0.03633847015845106,-0.022188664538884004,-0.026927663123697907,-0.021348571008865103,-0.03313045708583204
2024-08-06,-0.043697594311924166,-0.02605488037464201,-0.022095362635825084,-0.03235856629431728,-0.039004644652120224
2024-08-07,-0.04704025830920068,-0.028717283750059143,-0.025944276941820672,-0.03596388250748923,-0.04700951498076564
2024-08-08,-0.045915303687523674,-0.026097345677878445,-0.016877601283871637,-0.03370768043367047,-0.03489635883122248
2024-08-09,-0.0502026174812546,-0.028247518415563947,-0.02009949485390214,-0.0388372212764318,-0.045615560981546566
2024-08-12,-0.05215838783739414,-0.032129729641848515,-0.02362098957986246,-0.044749773853440526,-0.040727945286040096
2024-08-13,-0.059000290740982744,-0.03474039352177564,-0.028505598394566904,-0.04439461356911408,-0.04003139017723446
2024-08-14,-0.06274067459644296,-0.03232230143035854,-0.020153931999684505,-0.027338438051005633,-0.028309395443676128
2024-08-15,-0.06735010003605543,-0.04705471234689344,-0.037156831517850354,-0.04323411400248803,-0.03028120249604568
2024-08-16,-0.06408866513401239,-0.04450026497836684,-0.039677330884990654,-0.046558163848277496,-0.03752834431470088
2024-08-19,-0.068674214310654,-0.049786505394863644,-0.04227279036954481,-0.04391371977830423,-0.040241817914784844
2024-08-20,-0.04105549732850889,-0.01895496715393736,-0.007448953241176644,-0.007953350734838598,-0.011767968246133383
2024-08-21,-0.034535129930772325,-0.013608174213412582,-0.0048463409966937425,-0.007686704847605404,-0.012294860925016924
2024-08-22,-0.02618708815168005,0.00091653319737843,0.005362508442685673,0.007022277724562872,0.003060093759124561
2024-08-23,0.013842705587131895,0.0406158581615258,0.043831285149826024,0.04702055865656773,0.04686870782032392
2024-08-26,0.02481190508093361,0.04732564643582235,0.056249492763868196,0.04787969151530778,0.057451088721652284
2024-08-27,0.06949379710060677,0.10465412210599274,0.11641849839136963,0.11169519321937837,0.11895750541752309
2024-08-28,0.1273809735303183,0.14848304825131928,0.16419389398576756,0.18796894377716253,0.16924523283827547
2024-08-29,0.22905294308709012,0.23430259741384535,0.2666841021886953,0.2939820307419343,0.28438750091484155
2024-08-30,0.2605490785199734,0.28006778425251677,0.32731009272352185,0.38000887660250193,0.37756673174906813
2024-09-02,0.1682640239767535,0.20876822492502184,0.2426280290364272,0.3266306655086879,0.3144226983708681
2024-09-03,0.1759248717368526,0.2143226827945157,0.22651731792770888,0.28757379440153297,0.27163366238140074
2024-09-04,0.15415359261940853,0.17783986371617605,0.18538278756265802,0.22583707946765721,0.24186435831563083
2024-09-05,0.17313048376506615,0.19502111256929208,0.20515232398150204,0.25132403525994457,0.27307450743637285
2024-09-06,0.1512187077940462,0.18199173997354126,0.1946724739939389,0.24220341820634841,0.27186130644474676
2024-09-09,0.16484100396592796,0.19569982677305314,0.2120074569218318,0.24611282606460563,0.2706538087977863
2024-09-10,0.15207391952788113,0.18016217298886794,0.19788603959961854,0.23593153640439032,0.26095022623755354
2024-09-11,0.1844915052789598,0.22295192663174984,0.24862660655410684,0.29303658861495924,0.30944720453914515
2024-09-12,0.18492791071418502,0.23589995673383796,0.2737565017649442,0.31254675438479607,0.33431671239474725
2024-09-13,0.2006413250025861,0.2574812028250832,0.2886648020801535,0.3446626038112008,0.37507276813259194
2024-09-18,0.21488004704464939,0.26331772187789754,0.300361153654495,0.3435485109485072,0.3920970874783539
2024-09-19,0.19871461777162322,0.22198726413603365,0.25308122646051684,0.31060537975641234,0.37684600952892877
2024-09-20,0.21384190554318444,0.24855367675315268,0.281281878075785,0.3440513962737329,0.40729797930056555
2024-09-23,0.2383483534518271,0.27672152197127264,0.30745865531104216,0.36232716875361726,0.4389184681697428
2024-09-24,0.16971560543229272,0.20094961099580702,0.2393195213023707,0.2621430129043512,0.3993367544840023
2024-09-25,0.15514714443966962,0.18930340773127313,0.22986605120828654,0.2437179084624614,0.39767656275706287
2024-09-26,0.14612176459798612,0.15271223638262157,0.18272905488920624,0.22503771505067602,0.3406174144230445
2024-09-27,0.08587900641155065,0.08938987768902246,0.11208636488183009,0.14750638357872908,0.2152052362908021
2024-09-30,0.003806664371513159,0.003377800366725505,0.027343185037335595,0.07332014913683525,0.09219026750530501
2024-10-08,-0.006981239968311427,-0.012396695500855268,0.004890553330574843,0.037293708333892374,-0.0026205746253027762
2024-10-09,0.05286011701594675,0.08943892388443778,0.11162215325945281,0.11356370532894286,0.08857761712186593
2024-10-10,0.05640181319353625,0.09926094556928598,0.13293289321573556,0.1610431389655497,0.15856563820860414
2024-10-11,0.0672878988929908,0.12997462567006712,0.17949940066439668,0.2048015328178621,0.22190612714621866
2024-10-14,0.048596945265261926,0.1142835077318714,0.15876135722082188,0.19780871741206404,0.2239479821640059
2024-10-15,0.06971918625213991,0.13071367874214748,0.17117159303316384,0.2024129127671408,0.23563183775290683
2024-10-16,0.06187872306628286,0.12573751331731156,0.16924782205820643,0.19790678401987483,0.24276821113719813
2024-10-17,0.062451065999118156,0.11413024581191882,0.1531562829944987,0.17109080862669265,0.19233674167136403
2024-10-18,0.03820193648221554,0.07750283670183324,0.10051057364529502,0.10006271310260861,0.07584430478293487
2024-10-21,0.04167216018227638,0.07236459417104185,0.07818703068844783,0.06281740443971068,0.027313335554884566
2024-10-22,0.034037642348450275,0.06703888583553282,0.07291564433857599,0.07185692658620865,0.05434351556604886
2024-10-23,0.038153053389861025,0.07162370592169844,0.08071158529310991,0.08005694371910714,0.06948011045180219
2024-10-24,0.04318498462508097,0.07689698372034186,0.08737200271145591,0.08605796953424699,0.07823432307497802
2024-10-25,0.010690865314665246,0.03063928938013785,0.03414604666862953,0.01585682981759485,0.00697093432547415
2024-10-28,-0.004598764924888483,0.012047078896518378,0.010223209697542208,-0.00662619780506473,-0.004974472492798735
2024-10-29,0.004198045210486828,0.02769823245243139,0.021196939764270173,0.0010772037053100381,-0.0034575348762034687
2024-10-30,0.018298101945267053,0.03680227871419007,0.03925150119979829,0.014272048954439745,0.026342923733864324
2024-10-31,0.015831408895890683,0.028410124891836377,0.025843450118951,-0.005522332811088143,0.00036917266769357883
2024-11-01,0.01911567923841561,0.04247569212140495,0.05031599826484945,0.04922120860333804,0.0551290663780264
2024-11-04,0.01499625411101855,0.03769341072887814,0.06523902590269906,0.060807842964406195,0.05178590260535499
2024-11-05,0.009146632506033045,0.014257320295174491,0.017234988685197156,0.035331251689478704,4.596760190742972e-05
2024-11-06,0.011074635489954207,-0.004905863718586489,-0.00326286358149825,0.016679627856789385,-0.03387202107619321
2024-11-07,-0.018829155600485828,-0.029334225467151302,-0.018807147091003305,-0.007458622655749078,-0.030737744207123833
2024-11-08,0.004327250828794439,-0.00481645385565461,-0.0012070934459615724,0.007873398890183764,-0.01756338182528252
2024-11-11,0.005335980156959757,-0.011520746909426935,-0.021320744866629576,-0.028566493108955315,-0.05183147856435976
2024-11-12,0.00929602097455487,-0.0035377355229005694,-0.007056260187590979,-0.0012387131417370488,-0.025007861686599568
2024-11-13,0.016253981098256855,0.006238446669088282,0.001827282268658964,0.013121505357605742,0.0027880732380056693
2024-11-14,0.039981515361514584,0.03804479170122323,0.04419757818634173,0.06344969874590473,0.040063045080249764
2024-11-15,0.021630236734574,0.031988770001598485,0.0447850034621326,0.06962613777969708,0.05627357682173509
2024-11-18,0.015252138316232185,0.035646284130571484,0.04817480388581379,0.075850260755613,0.07178340422420126
2024-11-19,0.0025549741074558548,0.011735394084597051,0.011935129479896936,0.03018028237762728,0.00915413115585465
2024-11-20,0.00042936120680992445,0.002953660238900029,0.0015417119886056907,0.014136808099265258,0.0014057273999582812
2024-11-21,-0.004496179840769686,-0.00019377003389556863,0.004081275270211343,0.01704835096373485,-0.00200950210417349
2024-11-22,0.01983097606152699,0.03833603872166233,0.040394466973299716,0.05488573649362665,0.0540452244537085
2024-11-25,0.01855686105820169,0.014005719225064463,0.016274958405126543,0.02708531368331979,0.005758036685908599
2024-11-26,0.03233532065806111,0.030418089794393477,0.03400963432803385,0.043161535799398056,0.02415940095163371
2024-11-27,0.019564067557534738,0.007003372108742275,0.002584561093384207,0.0052523571239709,-0.020617380640406868
2024-11-28,0.016959230702351048,0.012342562578333986,0.007763587418361629,0.02452573333209346,-0.01041589030220606
2024-11-29,0.01771234417204703,0.007152124820304731,0.0014890821446837473,0.00651542253896469,-0.02818811365348212
2024-12-02,0.011254658709102956,-0.012771350640190096,-0.020370131415020584,-0.025106747785024225,-0.058172235062078505
2024-12-03,-0.00572969894448149,-0.03003882897698871,-0.04319320039381954,-0.0504292096349815,-0.09330137489886381
2024-12-04,-0.02223829564900706,-0.043581591054746814,-0.05501096138082811,-0.06933490278366382,-0.09684521866970941
2024-12-05,-0.030662195580746864,-0.06380215738383806,-0.07900078601126535,-0.10344830534913584,-0.1466943609804312
2024-12-06,-0.038998311519862786,-0.07351380277696536,-0.0919321360219179,-0.12542437396797937,-0.16563368676361506
2024-12-09,-0.04194712460771488,-0.06516617125464619,-0.08084495074618359,-0.10043811940560882,-0.13872022997857103
2024-12-10,-0.04545440774328483,-0.0763715101851965,-0.0884467878482116,-0.11548354410024607,-0.1450047193929922
2024-12-11,-0.06168394192040778,-0.08988325034306427,-0.10308833724755068,-0.12715324317982163,-0.15469231795584917
2024-12-12,-0.08088284833110668,-0.11219317485823439,-0.12938885872543376,-0.15700853285279703,-0.1857415890717883
2024-12-13,-0.061627908985101246,-0.09623928875395726,-0.1103033932560663,-0.12796038669625898,-0.17761197645019844
2024-12-16,-0.045999160974558494,-0.0643100491147031,-0.07008949207787635,-0.07844151369053633,-0.12173682353904099
2024-12-17,-0.04148776512588423,-0.06001978328396926,-0.06202905470945436,-0.06836590771703961,-0.09324500881846376
2024-12-18,-0.03935514457423234,-0.0608608751106976,-0.060931962039076,-0.07086900710057391,-0.08789678674026266
2024-12-19,-0.03035769475790768,-0.05350577744224491,-0.0623382928464153,-0.06855391143573349,-0.08343982994951887
2024-12-20,-0.03260951545268547,-0.04865951516446379,-0.05191732476584349,-0.06688407941795899,-0.08977482530270225
2024-12-23,-0.0327019719991081,-0.04146665147884012,-0.03139734545906866,-0.039552496385730294,-0.04050621105335725
2024-12-24,-0.05121488684653149,-0.06091664046558757,-0.04995641969440507,-0.060365446476017284,-0.05677512836128756
2024-12-25,-0.04751699966117148,-0.05258061199733407,-0.04263651360578954,-0.051651735306601644,-0.04439975448465788
2024-12-26,-0.03708260660223842,-0.047407212728152695,-0.038266355346206225,-0.05069583159807178,-0.04267277360639011
2024-12-27,-0.03862560464297875,-0.05605728303580833,-0.04647124949150474,-0.06427460056253896,-0.06745229606642142
2024-12-30,-0.048073548255513666,-0.05953040784171647,-0.04469094621482788,-0.04825592850930957,-0.039062286000778934
2024-12-31,-0.025314466142069687,-0.02337518807861096,-0.008574608778518233,0.004708240946115707,0.023036670885418994
2025-01-02,0.012300320204312288,0.010577228916075468,0.03680574828882805,0.05109338960117579,0.06691154660026415
2025-01-03,0.01757925725384273,0.03638472568695301,0.06976514847148661,0.11001852825823351,0.13331510871344657
2025-01-06,0.010239530231175239,0.02809541301701432,0.06050289298960072,0.10788554464646424,0.14672102678619806
2025-01-07,0.016840271865047447,0.03288896217626345,0.06265976362886751,0.11070116993277267,0.13356069526684708
2025-01-08,0.019743544386446977,0.03617014372109152,0.07208754699854972,0.10259479961039364,0.1160724728474574
2025-01-09,0.034070585889345965,0.05094451269225453,0.07716205004609238,0.1081221771963507,0.11099206419667179
2025-01-10,0.048223909908647,0.06537387038636913,0.10259966918507372,0.13643557056835418,0.1714325253346339
2025-01-13,0.03541774792835996,0.04820383574818321,0.07835409077561804,0.10904888394023067,0.1387129100506116
2025-01-14,0.011916461729685263,0.026981617199312864,0.05497554299737075,0.08897704613704574,0.11063427845181778
2025-01-15,0.013360427748716142,0.037242781344001254,0.06833037000753342,0.1015162489134265,0.12404616143805063
2025-01-16,0.008993269375663917,0.039644489314204334,0.0772876373404615,0.10699680754923778,0.14103971954264644
2025-01-17,0.008183827072812821,0.03552174050236721,0.062049271160655305,0.1145536983247383,0.1429396147137669
2025-01-20,-0.0026216756955957485,0.021222965319186722,0.04975659542567279,0.1020531454085973,0.12586258971832295
2025-01-21,0.016377528659120025,0.04004896864542666,0.07072358212109449,0.11175532237440568,0.13074095960373347
2025-01-22,0.028065594261740677,0.05173639122591168,0.08136840359774511,0.11470028146165592,0.13057947189131258
2025-01-23,0.01367121018901151,0.030907942238327994,0.06014123146724303,0.07880775174653125,0.0823696547778513
2025-01-24,0.009839891443883673,0.03199680201924923,0.05188432381403533,0.06651769224715491,0.06688602261339584
2025-01-27,0.004694434465734182,0.03817108209514687,0.0586372181508957,0.09616915711182135,0.10994470545135057
2025-02-05,0.010366003247445141,0.0351629821090228,0.049038308559969726,0.07760652546574252,0.11483620991370008
2025-02-06,0.008303751522331742,0.034977250849629264,0.044466836878649545,0.07145897702604499,0.10455480741716278
2025-02-07,0.0011063979309502727,0.014782390195112335,0.02520412223617942,0.05157319297159893,0.06277358341381029
2025-02-10,-0.0008986316159319193,0.012919804952547386,0.017737723405557855,0.040591661651430376,0.035471465423192974
2025-02-11,0.010924062434655303,0.023708293595853316,0.03213562844121899,0.04627753619697708,0.045709230226635165
2025-02-12,0.007306618566176451,0.015979213388814483,0.02662858592166824,0.028285583176779868,0.02852444963222681
2025-02-13,0.00945112977352603,0.015448939378114786,0.02793686467493362,0.02764543701262716,0.01778260092628539
2025-02-14,0.020586213909663434,0.02946152838392273,0.04468818863865516,0.04267310419704268,0.027700030455791527
2025-02-17,0.019336127528634648,0.0304346758599302,0.0490708128174253,0.042318917918366686,0.00907776738335237
2025-02-18,0.029330510012175442,0.051443868240802104,0.06716795211237289,0.07619311927062263,0.04258334364038228
2025-02-19,0.030142132927451937,0.04078241224737429,0.04968079711258313,0.043787556201784206,0.004179032290374291
2025-02-20,0.031390251733886085,0.03784409861417009,0.04658765877922823,0.026650464191673797,-0.011849866938240052
2025-02-21,0.030570380675492382,0.02667583432315912,0.031406501564400446,-0.0005811704387312612,-0.06572862926665315
2025-02-24,0.02855380652290871,0.023859416434710182,0.0225270543461446,-0.014826956512304007,-0.0722485613375308
2025-02-25,0.05207484462794171,0.039068132043254676,0.030696801606759153,-0.013000156127199939,-0.08518702066420329
2025-02-26,0.036551531185951135,0.02929344535515263,0.01754198326048404,-0.022522929204676818,-0.09223323126996939
2025-02-27,0.03059338494596473,0.02999816677287416,0.007565581929146905,-0.022862903189827668,-0.07962843428998341
2025-02-28,0.03144457219673572,0.03654179086569045,0.021875436303552688,-0.0004950704349872243,-0.038890807112319126
2025-03-03,0.021422583998852496,0.021536062675832923,-0.0032742615774108957,-0.02206944994349724,-0.040096377279719646
2025-03-04,0.033496721367550886,0.027899520261580497,0.0023476295047510282,-0.02051237111851618,-0.05982045761588853
2025-03-05,0.03401830219212423,0.030255207905694664,0.007604231946045981,-0.02078933514397737,-0.06882792257391898
2025-03-06,0.033191100104072,0.02076113974577361,-0.012628108448654378,-0.04855143681687991,-0.1028462899203546
2025-03-07,-0.0428898260235666,-0.06264926442655461,-0.10051727699186504,-0.1372877162615348,-0.19675915245906217
2025-03-10,-0.02096500214523486,-0.05096800362566183,-0.09902518193094974,-0.13275492106881168,-0.20607416907579307
2025-03-11,-0.01835626021513592,-0.04346430966132405,-0.09104519990149129,-0.11376033680037745,-0.1844926347312435
2025-03-12,-0.010308902782286394,-0.025626663368150747,-0.07286597996224375,-0.09546972996134372,-0.1643716760711919
2025-03-13,-0.017195557182111798,-0.03165247470427486,-0.06075534254448884,-0.08356748969491444,-0.12535770931987245
2025-03-14,-0.020056525215062276,-0.04577122582510007,-0.06603217909487837,-0.08502480769701688,-0.13162182866128677
2025-03-17,-0.02369609260679387,-0.04992010630378645,-0.07519787886314172,-0.08996468852393341,-0.13191719896011003
2025-03-18,-0.02355978001619113,-0.05505305718791876,-0.08836141711467527,-0.10219517526958083,-0.14630666288781768
2025-03-19,-0.02416466243302254,-0.051714191112875944,-0.079068008211879,-0.0940313392752241,-0.13876962804735024
2025-03-20,-0.02545971857183305,-0.05053017293062896,-0.0771832496218318,-0.08805676617736095,-0.13143909958352845
2025-03-21,-0.023025365523463764,-0.03843945289729015,-0.05142736190885191,-0.05731773746327316,-0.0898249048819257
2025-03-24,-0.015138926260949967,-0.036947535930627676,-0.04461298914198051,-0.0474563213553117,-0.08636285612516219
2025-03-25,-0.028816163272422465,-0.04644171270388759,-0.04440769424945613,-0.04802860257330788,-0.05823249666064964
2025-03-26,-0.028040159050624944,-0.04984141008837814,-0.04875041213833124,-0.05327989702156218,-0.07899111961817774
2025-03-27,-0.024148273694671585,-0.044790580535737194,-0.04635626130047375,-0.05985385539248412,-0.06701444718902014
2025-03-28,-0.022804998151661364,-0.043818735095026325,-0.06115400115299231,-0.0535147175570417,-0.06549923744793161
2025-03-31,-0.016704915106116238,-0.037489164007532584,-0.040227600690897945,-0.0421601782916609,-0.05097879543867757
2025-04-01,-0.03314075311856352,-0.045458945544403676,-0.04848654121535157,-0.04208503098481308,-0.04315057085986833
2025-04-02,-0.024203208440901125,-0.02875979832978436,-0.03171961579300024,-0.016238100472145727,-0.021703122511702203
2025-04-03,-0.017603499384372837,-0.018689120846077375,-0.021733933622846865,-0.00813032570661888,-0.008393981605137915
2025-04-07,0.056574903920485455,0.0852023786527168,0.08870151894235322,0.0936547474103573,0.1495349514083192
2025-04-08,0.03627471902218499,0.07103293544249548,0.07195530970247338,0.08571655142352114,0.12841844799616484
2025-04-09,0.031015785758952145,0.05865954354335595,0.0679839644033424,0.07721535296062158,0.11683458905034316
2025-04-10,0.02866620921891265,0.041794720035521225,0.04426164255231431,0.05074608444594171,0.07851083434058254
2025-04-11,0.03705163590128704,0.0515909337136555,0.04409538451818732,0.049838854316683036,0.05755406356307946
2025-04-14,0.02743556556366911,0.025531238566328825,0.020408164608316685,0.027239129306885712,0.020017234342013693
2025-04-15,0.02206815456763039,0.025578937827087762,0.02569601486213157,0.036551029876361614,0.02843836590823931
2025-04-16,0.01969495630338927,0.03879781931410546,0.04595783737636861,0.056334771292654524,0.04988528561245952
2025-04-17,0.024925079968482804,0.04151515413347623,0.04788979181173274,0.0643818115483273,0.05579006066381826
2025-04-18,0.02982147168809027,0.04414781150152105,0.04274846871819822,0.057022890716024954,0.05405820747107978
2025-04-21,0.02630127656131651,0.02384866994867557,0.025567584401642904,0.021385474482740603,0.017395745126032716
2025-04-22,0.016019424831902895,0.010427878489871393,0.013846208985133498,0.011339245663725604,0.010243058244358552
2025-04-23,0.01749586467072248,0.014326707339071983,0.01816348356744295,0.016128323511261203,0.005215350190795803
2025-04-24,0.016153080962790355,0.0186380046778132,0.02700329128005851,0.022839597604743935,0.012585067013595944
2025-04-25,0.01293653894488069,0.015838413077362685,0.02017477277288368,0.014094393247628558,0.005829916966975417
2025-04-28,0.017468739906967404,0.03506648012074378,0.04781660675237386,0.043277568668216054,0.03876174840738576
2025-04-29,0.02167057218227201,0.0282248991811962,0.035799342573724795,0.024571943950927443,0.02313124738804469
2025-04-30,0.03174801125177725,0.0338515754901726,0.03968612041925046,0.021554638010487445,0.023652573449036048
2025-05-06,0.02860719634636041,0.01956296942782737,0.0306145894622264,0.005415622403771603,0.006468485060289604
2025-05-07,0.017611910357606043,0.014711231593516626,0.015496136858224718,0.015494170687986952,0.009362292174263303
2025-05-08,0.0157330781349643,0.007066702707234917,0.010747091276591162,-0.0035429689900768864,0.007531141505793244
2025-05-09,0.02159670434160657,0.02503820257079557,0.027356560011705538,0.017012242135345027,0.031102607536716013
2025-05-12,0.010742124455553326,0.006268922293275207,0.0018849837722198282,0.005903532674347165,0.00945155359253207
2025-05-13,0.015385703765297938,0.009918852780364982,0.01228569666112559,0.005606444500262269,0.015752719113107237
2025-05-14,0.0039555859456175905,0.002705560120285869,0.006712601847729248,0.008642534407634985,0.01827914567136721
2025-05-15,0.004361755977088886,-0.0022090226981888615,0.013113265738734973,0.01043689404883195,0.006696651155439254
2025-05-16,0.004459830156146941,0.0034883316586353194,0.018529283294820766,0.013182497629305456,0.013101233773845946
2025-05-19,0.00284791204700766,0.003937138642797213,0.007555503547563687,0.0026718216638535017,0.004762987693916637
2025-05-20,-0.006987585587509474,-0.007166133943357562,-0.004164015397734384,-0.0036400161638466427,-0.003506446003671345
2025-05-21,-0.020747128815654076,-0.016823750583565004,-0.01867655835493629,-0.01806661084240291,-0.019767796733416394
2025-05-22,-0.014359371492657001,-0.013546564675704014,-0.015582413737253302,-0.012543388144925746,-0.018164411098751554
2025-05-23,-0.003890806784551331,-4.944372166814361e-05,0.008743303600739456,0.0030844462228400704,0.01385599228357415
2025-05-26,0.0020535649763123273,0.012376018204887075,0.021367042616652593,0.018888743324811642,0.02518533262833463
2025-05-27,0.008105394082867916,0.02302843730449338,0.03596364510627716,0.035021777542483985,0.04298247476867991
2025-05-28,0.008187650086032866,0.015648307151257614,0.03383495926930307,0.03758488989718292,0.045868961118143974
2025-05-29,-0.0026452683982801095,0.009502379389664608,0.021971084671727675,0.024717736481626465,0.035163719555601936
2025-05-30,0.0002035841907018177,0.019428377987557005,0.034906666989280515,0.053842348664887275,0.06573796185140482
2025-06-03,0.002319018370943439,0.016269116122901873,0.03362945091056486,0.049922001656385745,0.059569842512968
2025-06-04,0.006385868888914264,0.015517048063672307,0.025853764777168546,0.024713382782973654,0.03456855247294132
2025-06-05,0.010511231037479677,0.021240823504198467,0.023170964651948595,0.02950107739454745,0.03489313441727943
2025-06-06,0.006770215278760402,0.021310570478456494,0.016916532421278527,0.027941964693784457,0.03722349051531763
2025-06-09,0.009733234243713078,0.016561141364019826,0.008970741898068655,0.017611427544407567,0.021349620132361958
2025-06-10,0.01855828115997336,0.03944618377192599,0.03363591456344974,0.043513514487580514,0.03888795305251353
2025-06-11,0.017292840176000194,0.02767600044139572,0.026959070722701418,0.034018435828148175,0.034319344930495266
2025-06-12,0.029232864350290714,0.04114991806691368,0.03605656713145512,0.035202967765075276,0.03140632974968026
2025-06-13,0.04019095439574474,0.059914421335873914,0.05440411914014951,0.0546932505377008,0.053739263403337595
2025-06-16,0.04162813370791755,0.052948556470770104,0.05098664519915179,0.052102816622059636,0.04014621398401876
2025-06-17,0.030091047654935334,0.040518848464200244,0.04234730276738728,0.050937269002933494,0.04479171070425459
2025-06-18,0.03267655446573653,0.04637919157005302,0.048407638208114355,0.05378297559249191,0.04697608092872486
2025-06-19,0.04384195106706017,0.06428356798367757,0.07508469613560961,0.08254322027792393,0.08533907588568838
2025-06-20,0.051348158270754826,0.07308325181130383,0.08550613349717963,0.09051792095796,0.09959921542879144
2025-06-23,0.0674419650461749,0.0839693785231454,0.08569453759293305,0.09348705909371828,0.08984586224434613
2025-06-24,0.06969537496861473,0.08552581832547101,0.08378136511670194,0.07725417183709786,0.07641646062857956
2025-06-25,0.058439474647790444,0.06991125667315924,0.054956266489432616,0.057463066437768225,0.06141562301694431
2025-06-26,0.07100919975133198,0.09363495122379477,0.07932704491372865,0.0844560686335843,0.07670822615844927
2025-06-27,0.062140498522568574,0.08490127354682106,0.07359567251578536,0.08478339830944741,0.06550595979030864
2025-06-30,0.054438970433684515,0.07186878360737121,0.06342949281200702,0.07532702438251711,0.06424394015889302
2025-07-01,0.054444152642246085,0.06160792687412274,0.06411498920544123,0.07695703706085781,0.07394302311743914
2025-07-02,0.043149778693934285,0.05914412851697871,0.056830481382836896,0.07718231405582138,0.08182944855391212
2025-07-03,0.02116849742895228,0.03401030918097061,0.04170955565605087,0.04844499519814722,0.06614735068415827
2025-07-04,0.025592653664173824,0.03744506435528098,0.04208274461681286,0.05561318375906949,0.06658395782039819
2025-07-07,0.0264860370614713,0.04335490059995885,0.042069513529832875,0.06198860051788234,0.07586482689250564
2025-07-08,0.02922164818679604,0.03865295308682062,0.04060456607568082,0.056144832157474865,0.06082358985052121
2025-07-09,0.03051078362510537,0.04410799398765544,0.04752148310482165,0.0673717316824017,0.07482953146789917
2025-07-10,0.025589015309027404,0.03108933550053159,0.045334451498828476,0.056138108943636404,0.06912753532440534
2025-07-11,0.026601074028429927,0.027168442742463286,0.03264805894720955,0.045884227703349226,0.06779880301286302
2025-07-14,0.029051732670529108,0.035064963813969535,0.04490260381459448,0.05970959756913911,0.08449518017898802
2025-07-15,0.03708755060379839,0.044603304117960235,0.055575643361265685,0.06777018596555925,0.08662647845932715
2025-07-16,0.03547353596169024,0.04619573729137461,0.06484685511327615,0.07990311273777902,0.10419107352071937
2025-07-17,0.02196699357052884,0.028828035257088467,0.04128944242674146,0.05303245520522528,0.0688328048536922
2025-07-18,0.026353828250249924,0.0394701923885603,0.05343159992449352,0.07179619420070978,0.0894855677983944
2025-07-21,0.019705520986033998,0.037160043251208856,0.05020587948909046,0.06824137533831685,0.10732254846117513
2025-07-22,0.016265356197675503,0.032857368058934966,0.03999901520132784,0.06226099546725996,0.0912417939745226
2025-07-23,0.034510849933840994,0.04347169782191413,0.06387421403673318,0.08208081037194605,0.09769043791630898
2025-07-24,0.021838054907900126,0.03110699523206533,0.042785030845959374,0.0696197280084767,0.0722163989599797
2025-07-25,0.02990495721302192,0.0459603603234903,0.05650940882504421,0.08785628615622863,0.09541258209094816
2025-07-28,0.04780712375111242,0.05852846149177956,0.07940680856075973,0.09578772676056085,0.11225048709636613
2025-07-29,0.05186109345061773,0.06332544331972309,0.08370324735664807,0.09784295130939645,0.09001415286173402
2025-07-30,0.03209814801237153,0.04995084616100835,0.06383588414815752,0.0760264132803896,0.08781001666911406
2025-07-31,0.055554989182656334,0.08167450532799869,0.09291258635341411,0.10913432262066423,0.11817002226326857
2025-08-01,0.04894420331334461,0.07939671599421944,0.09237601652442644,0.11417026573495859,0.13199673804578965
2025-08-04,0.04529545157959005,0.07959088291833032,0.09337373816534711,0.12459227925902867,0.14025102610968204
2025-08-05,0.032536036005620154,0.054933619243114615,0.06980142470643483,0.09405716330667649,0.10257148219342077
2025-08-06,0.01711405415091554,0.03569948381995033,0.05386104984951397,0.05981872373824174,0.08112829379511553
2025-08-07,0.010911663959276632,0.021855596343157542,0.05019005433200209,0.042738466483081494,0.05041167268049492
2025-08-08,0.022995280325876423,0.04040776217549686,0.07728554640988311,0.07881976819837086,0.085761957630713
2025-08-11,0.027445055324314453,0.043987182049638036,0.07003610103252726,0.09445241021887607,0.07102963380749001
2025-08-12,0.020976818344547496,0.03515878597637718,0.061095754047798885,0.0842624302024318,0.06076369436392515
2025-08-13,0.016783402391899065,0.029576852682258434,0.05320947661906772,0.07434964125934201,0.04620300257408106
2025-08-14,0.03274896887283999,0.058939541907842674,0.08985322213092202,0.10436666216797397,0.09591222740729517
2025-08-15,0.019793415742618677,0.043998138013126666,0.07173201030395379,0.08045222268411063,0.08471477408395287
2025-08-18,0.011211679925689812,0.03307241777144271,0.06046635615674552,0.06937722868021301,0.062452289296390705
2025-08-19,0.01044984048932728,0.03678963760431169,0.0649995521707766,0.07875905959534898,0.06943250779814958
2025-08-20,0.0037327615952471535,0.025898151706747113,0.056685033598068715,0.06734321298422387,0.07529565303713467
2025-08-21,-0.012604555765456101,0.008209761676782187,0.03660085854800975,0.06281108842818785,0.07514071982741138
2025-08-22,-0.015843865885493077,0.0019291092958414328,0.018711027784685363,0.040631380219321986,0.044879052139530376
2025-08-25,-0.034102065402368834,-0.016093212836995587,0.005219082654851326,0.03384465664088999,0.027604099417025067
2025-08-26,-0.04099909456284154,-0.03052508139026438,-0.011243468696418709,0.026576162165744478,0.017072378113469063
2025-08-27,-0.01615034167210095,0.0041038821984394494,0.031504769825183444,0.06359344507130053,0.04735474724516921
2025-08-28,-0.020575252155844596,-0.008918554990905003,0.015979997238996662,0.05920449723676535,0.018308095263891
2025-08-29,-0.019943846999749576,-0.008536768679052037,0.0049812557089318945,0.03772362675278783,-0.0028139858953480654
2025-09-01,-0.014817056291324774,-0.0035762315935999127,0.01268441784756513,0.03409593542194115,0.003968204543331559
2025-09-02,-0.01575807144059938,0.003936018637904458,0.04152837702147003,0.07075883104440975,0.046463655703537936
2025-09-03,0.010223625653161098,0.03495661561876292,0.07501279356396394,0.10305455106021581,0.0725800328578207
2025-09-04,0.017657686906876625,0.034881141785501016,0.0822858167174216,0.09050077720917031,0.10036855901499381
2025-09-05,0.0064254221430987985,0.01426621012406837,0.03770387275281113,0.060758638122539614,0.06352704724639513
2025-09-08,0.006510562242633775,-0.0004272842624978916,0.019249875451668133,0.019182622310144823,0.02308626797377535
2025-09-09,0.011570179206975189,0.013366561138327807,0.032324460675099365,0.04823337712796185,0.05367452695938636
2025-09-10,0.012662005703323372,0.011834429980664505,0.025979027063138524,0.04162762641175847,0.03302987765687334
2025-09-11,-0.0007039768935571769,-0.01241688532623919,-0.006256397884932301,-0.015390304646386495,-0.037778649928388336
2025-09-12,0.01011990429835676,-0.004051332184616,-0.0047784258919749065,-0.006688930440712553,-0.035909290845306946
2025-09-15,0.020192996664449403,0.006308719476740254,0.005911818697618995,0.006362583602379142,-0.012850718242070167
2025-09-16,0.019710663141038438,0.004091568368230808,-0.0023316320769413788,-0.01355499002739088,-0.026525968026125495
2025-09-17,0.024548117154352532,0.009092504718129842,-0.0014853212280965583,-0.022234309171048565,-0.03501353423041944
2025-09-18,0.02755505577563911,0.022389321528723933,0.01556130494677337,-0.0005105492922719135,-0.004387683908652637
2025-09-19,0.0257220455921448,0.03433030045640142,0.020392562596266893,0.017413707159193027,0.019560047368351496
2025-09-22,0.030127812329968813,0.03495259536161033,0.028795356226021404,0.0099997489363594,0.003537996469370321
2025-09-23,0.03730749283246103,0.05016182893718423,0.04691330819581736,0.04735079125174297,0.03596876210231543
2025-09-24,0.03207909824168192,0.028917370770816134,0.02239231061946073,0.011641154543015045,0.004121793528811638
2025-09-25,0.03931740283230072,0.037368130495110535,0.02673962193256631,0.007866315822724158,-0.000426833397557784
2025-09-26,0.04194772786515551,0.047507882164927885,0.04296877793125611,0.03144721652175984,0.01755288117075087
2025-09-29,0.03761749643452874,0.039579923282162366,0.02115430764233959,0.004163903633257163,-0.022756026484902603
2025-09-30,0.04397020093908322,0.04588207531535965,0.014935307607421448,-0.004025526478240753,-0.02679363357459027
2025-10-09,0.03164568717000094,0.0363421940593858,0.003057291814304933,-0.008112803592720128,-0.025676059386711775
2025-10-10,0.0255836724124036,0.02442610407420218,0.010829180664263346,0.0007206188775776018,0.010582045497296994
2025-10-13,0.042298013572276194,0.05052954145662706,0.02737368255213488,0.013026691414320049,0.005039350792586764
2025-10-14,0.03529717256568225,0.05531828222636095,0.04060134634917781,0.032041008932349145,0.01992148251029025
2025-10-15,0.029719904806133398,0.04506542648437203,0.021139427693771484,0.009038743779504057,-0.009381236819567935
2025-10-16,0.03387381899865898,0.05901526725741184,0.04360021038747596,0.04330743219656836,0.016391510528310706
2025-10-17,0.043417876921208125,0.06336580273491217,0.060349950396738496,0.0677927992707262,0.03971769392045343
2025-10-20,0.0338660871358468,0.0556169762660038,0.05383129595908643,0.058760380860758875,0.040190341927767666
2025-10-21,0.017891730673276596,0.030396104402516774,0.0242478630567364,0.02197484581429699,0.01066202518933424
2025-10-22,0.011926301999339788,0.027685945581520106,0.018188191546798314,0.02006226037391958,0.013396434440120362
2025-10-23,0.0034580886865855204,0.010398309385997463,0.009239635674553829,0.0027412773386363606,0.012861367295304904
2025-10-24,-0.014756706778418121,-0.009920778370144682,-0.024634692516549865,-0.04020846363330551,-0.061271701444186095
2025-10-27,-0.013724804576843143,-0.013651417795804845,-0.017058121472962946,-0.04446216495081653,-0.07343744105521721
2025-10-28,-0.006638254858780761,-0.00551033985871331,-0.007870660349595052,-0.025688428526891894,-0.056321429454619217
2025-10-29,-0.006905762173735417,-0.014502388696430878,-0.021675232838766923,-0.04154085463510055,-0.0764655124905046
2025-10-30,-0.006374839673044636,-0.0070058877423994186,-0.020590263196228267,-0.034361601488732255,-0.05861041011046456
2025-10-31,-0.00784312286387199,-0.007881635197567457,-0.018595770369932367,-0.023552314345726733,-0.02998835342349095
2025-11-03,-0.00838442918944826,-0.011381417160679537,-0.015242561933582893,-0.024451655885546222,-0.01760135771196298
2025-11-04,-0.007415452489146197,-0.009489471156738304,-0.01141692170097318,-0.015683199715507412,-0.015442977995234473
2025-11-05,-0.010997534008287976,-0.01929931431996,-0.016871258211490988,-0.024913476410510123,-0.03880147704284728
2025-11-06,-0.0171045348064551,-0.028547884449825204,-0.025424182999416886,-0.036912196331955166,-0.0512755342772245
2025-11-07,-0.014743676895342488,-0.022372409764557344,-0.013181243379067417,-0.0185338367224347,-0.04329535002278879
2025-11-10,-0.027747110882960134,-0.03489526554675531,-0.021403440444336848,-0.02131801046720571,-0.02248376971152929
2025-11-11,-0.03947404758763965,-0.042005065993341674,-0.03214268813380705,-0.023871030700531256,-0.029188688815721543
2025-11-12,-0.03253181941391509,-0.039388874819211675,-0.019370425026556136,-0.009506922239263665,-0.015825899641574957
2025-11-13,-0.045192056378826256,-0.056538594891301676,-0.043423506801579775,-0.039822395326050294,-0.0534740943511443
2025-11-14,-0.04418750117199259,-0.04717200225532142,-0.03369634101801626,-0.017695873053679218,-0.03093788961972737
2025-11-17,-0.04174189709271434,-0.03746000324868773,-0.03661939657865247,-0.025700144437996616,-0.04659962029361883
2025-11-18,-0.03751892906415986,-0.038016894194111396,-0.028311139237569206,-0.031907454127935914,-0.05945949504152128
2025-11-19,-0.031096251011612223,-0.022924270070153987,-0.012085584790120662,-0.009872118131952826,-0.0314930143769113
2025-11-20,-0.025360153948495175,-0.020817009728472426,-0.0026650997180711145,-0.00120078390495145,-0.033148933640237924
2025-11-21,0.004399212515296186,0.02292600806557655,0.034275029377530374,0.04683205842657874,0.034750169219520614
2025-11-24,-2.4156300060087387e-05,0.01426859811209373,0.031783835239060435,0.04882486033249134,0.050665267332239174
2025-11-25,-0.005732642488563466,-0.0028934220629476147,0.016524037440390108,0.02975013525790902,0.03451262689293219
2025-11-26,0.0010680603291440454,0.007105457746903658,0.025582447029789488,0.04397873678785137,0.046581037203823436
2025-11-27,0.0036888421991966625,0.016478179276784934,0.034067230843160046,0.05607336088646158,0.050934749751036616
2025-11-28,0.003957965806411805,0.0086307683208328,0.022094391948694874,0.04789253772291621,0.05401600010974336
2025-12-01,-0.01001505590281503,-0.003733152790713636,0.010462764116529646,0.034872625455654664,0.03545469531578715
2025-12-02,-0.01093418099464866,-0.005064984655490012,0.01546033723577361,0.05454351889571049,0.0380300222317829
2025-12-03,-0.012825703478674944,0.0019423294480355776,0.02300847259974958,0.06621231063279641,0.046487555261760766
