date,0,1,2,3,4
2016-01-15,0.007962860111973547,0.03001121914098124,0.029334876498466937,0.0250680153491853,0.018203844128181636
2016-01-18,0.012996067839265126,0.028712609044765757,0.03732621569694809,0.03800504666085814,0.036635806629230605
2016-01-19,-0.019039523402138252,-0.016429265745572963,-0.005957108224997111,-0.020097145963766112,-0.006425726458732134
2016-01-20,-0.008338561555794877,0.0008616725987467871,0.014312686669496479,0.01403933506143592,0.000545376183380833
2016-01-21,-0.04102132272607444,-0.035741507814923204,-0.03588055206773569,-0.028876330497911138,-0.03911001318058565
2016-01-22,-0.039380204208609555,-0.056807515259940974,-0.04409714397120225,-0.040579457494241924,-0.05446321430336227
2016-01-25,-0.106161398109075,-0.1152561833283699,-0.11097887078160901,-0.10151489716448227,-0.10136171277392773
2016-01-26,-0.019162713027816174,-0.0027333915631054862,-0.001800508491603054,-2.814480765460441e-05,-0.021161512987612166
2016-01-27,0.054983975857383266,0.07030443122429945,0.05287683416649749,0.04983095185212069,0.04813448185601023
2016-01-28,0.1003694187931985,0.11191755881334645,0.12885577843666463,0.10869241376184006,0.09698183019427205
2016-01-29,0.057523489838264,0.04481875264360641,0.050157903473328595,0.034882842060716075,0.023262226714951723
2016-02-01,0.08818708186628363,0.09979303902834372,0.09610133904305027,0.0735570694027118,0.053133957645394456
2016-02-02,0.08882117959403536,0.06622837406074399,0.04234846778918595,0.03147619259217557,0.015216291377153005
2016-02-03,0.04213039697877624,0.03356581654993335,0.019351553680326344,0.001078730451400223,-0.006760916900583559
2016-02-04,0.009910845009989431,-0.017926697235915307,-0.02644930828518851,-0.02652708270748163,-0.04079015784485031
2016-02-05,-0.00501099746261583,-0.005311699061914952,-0.024206142992076032,-0.01596827959867114,-0.013219584880473206
2016-02-15,0.02740004869020096,0.03157808174501422,0.03173457504058249,0.016425121938557195,0.0008510200850842336
2016-02-16,-0.015332002376838119,-0.02938411898725517,-0.02797893592180774,-0.023624083058053576,-0.039260890285769574
2016-02-17,-0.03241881434218716,-0.047041724475990206,-0.044360047671677685,-0.05875885807313835,-0.06536367295195675
2016-02-18,-0.02385533252811258,-0.014677113929239672,-0.01280042478378106,-0.014376643842090751,-0.030985479619646834
2016-02-19,0.016975102031449172,0.019483644664704258,0.019310250355305956,0.007280690077359037,-0.007327602486713388
2016-02-22,-0.001902894091554368,0.005616403635585624,0.01908783114240467,0.016349510782969763,0.020227867329216758
2016-02-23,0.014265507612236107,0.018739579812644576,0.016777333064731555,0.006829257020165318,0.007058140342671333
2016-02-24,0.016169170912060184,0.015172775017065813,0.019731410321848056,0.016641180336300576,-0.00280587871484867
2016-02-25,0.05902108659967827,0.09711592708882737,0.09339217153386273,0.09556670271724509,0.0777512478218341
2016-02-26,0.07687754105629319,0.09813924284557843,0.10284003369266496,0.09514276385458621,0.0660671428240078
2016-02-29,0.12454049139297735,0.1792725330467467,0.1537898865801474,0.14870323599926463,0.11112452452437978
2016-03-01,0.0770976623638884,0.1123270974258039,0.11444136027923922,0.10802117121891044,0.06470392347591956
2016-03-02,0.08304615193493677,0.11121855782940758,0.0859548250850742,0.07215802976592288,0.027499991263519933
2016-03-03,0.09505453198374324,0.0967773093792877,0.0829703606517526,0.07016747106710751,0.03069025729781424
2016-03-04,0.12750537904462225,0.13042839784858776,0.12062253125872334,0.07370964399079907,0.04372969347372274
2016-03-07,0.128853033096944,0.1329014893474426,0.11163410713557097,0.09342079744004769,0.044049759814991006
2016-03-08,0.10813265339154149,0.1065171751208863,0.13128955350151306,0.0932964650991275,0.06658374564711773
2016-03-09,0.11462978300353933,0.13256680423265713,0.11021776421236397,0.12067274986242955,0.0864883724770355
2016-03-10,0.10403777076232912,0.13214376283284773,0.1288900694657954,0.13063270917673053,0.10851921926955499
2016-03-11,0.13125179969069808,0.1540186405854042,0.16438406338843764,0.16107128972799267,0.13053472606770022
2016-03-14,0.07650805306905585,0.11005142434463071,0.11682219153817926,0.11115989971222565,0.08936960016639028
2016-03-15,0.11296586905567542,0.12765410591820336,0.14237573938371662,0.13185597569090485,0.11325580639850294
2016-03-16,0.1382489200315112,0.15565830994159788,0.16115806556685885,0.1699164398909178,0.1114189359151192
2016-03-17,0.09361371426825726,0.09316990947395896,0.11539969170997594,0.12903337040635363,0.11123604828039449
2016-03-18,0.055200774985978474,0.04747318922733847,0.05907843568930533,0.05345014274275657,0.053369105680759095
2016-03-21,0.036282769444841566,0.032559855259629344,0.03517334018133471,0.03373977708028254,0.006717625735747573
2016-03-22,0.006207629691769106,-0.005200999064388984,-0.005566660118654644,-0.014540656473706571,-0.03597600320455411
2016-03-23,-0.005517347595765416,-0.013992024240251618,-0.017839977743578282,-0.03695852314878343,-0.05752858179328193
2016-03-24,0.015844904798152815,0.011385841885298217,0.010848086100147755,-0.015939992398199397,-0.03824976915244175
2016-03-25,0.010399120621727539,-0.002666754301544911,-0.014385797182302481,-0.019424011528530065,-0.05846562923155037
2016-03-28,0.019667047183095074,0.0044281852673676665,-0.006868175623160502,-0.00041891163385623275,-0.015180480237112055
2016-03-29,0.013985537218150924,0.020694696584279776,0.01827881108768324,0.010895671665307903,0.0027557781748605184
2016-03-30,-0.01713259797377169,-0.0048811186182876,-0.0253306284955538,-0.030851415952969016,-0.049519926327023206
2016-03-31,-0.011418460918395342,-0.02294673982482439,-0.020964293202020045,-0.02753156956821549,-0.06009440800742868
2016-04-01,0.008967568260658754,0.0005804890070807376,0.011238604214764523,0.012218754697763188,-0.01544325986600245
2016-04-05,-0.021362817255477923,-0.0238922307540704,-0.008093874414931477,-0.027944598948447415,-0.03495300260418373
2016-04-06,-0.02156008801304751,-0.012169580997154934,-0.016120773838514416,-0.02436904155410664,-0.030424239458702835
2016-04-07,-0.04004718841577374,-0.04027315677801545,-0.035161120755477074,-0.043817379079726985,-0.07008520010827775
2016-04-08,-0.07378556637107682,-0.07145483578454234,-0.061625717323352515,-0.07634482512369392,-0.08077515297926291
2016-04-11,-0.09101002752807051,-0.104350567268601,-0.09086411506460944,-0.09036794094401224,-0.09597680513374908
2016-04-12,-0.07121512756058496,-0.08512203803544229,-0.09402422510255942,-0.09852407998097534,-0.10401556632060892
2016-04-13,-0.10789692808726095,-0.10196954525543418,-0.10721124849586118,-0.08968238427141989,-0.12393017945189617
2016-04-14,-0.10468569663627773,-0.11447488109677369,-0.10912949506335955,-0.1212610879123153,-0.14187072317566918
2016-04-15,-0.10075825377733322,-0.10273454857609234,-0.0972889165976995,-0.11003684802584562,-0.1114840221033197
2016-04-18,-0.08685595901047057,-0.09731183244717788,-0.09469582934415888,-0.09908412041930223,-0.09426369902533366
2016-04-19,-0.11944624928331386,-0.11476689258838331,-0.12365647369507603,-0.12891664323922883,-0.11891601897473876
2016-04-20,-0.08092889197743647,-0.08803468830522075,-0.06939453168391692,-0.08126342674357978,-0.07236689990084963
2016-04-21,-0.06313626632109806,-0.049397360075285314,-0.05069910455227063,-0.056602746345398684,-0.09067273625418314
2016-04-22,-0.048173300784758025,-0.054910410407360916,-0.055133802529732615,-0.06257959038367351,-0.06446149305048612
2016-04-25,-0.056767147563532926,-0.07461167128603383,-0.051938581506408836,-0.07124280353842095,-0.060476893954702064
2016-04-26,-0.07085945700554255,-0.0831686699504031,-0.07257156962281035,-0.08303688785282903,-0.07596529726273504
2016-04-27,-0.0699613436772628,-0.07031927518733709,-0.0679847188482084,-0.0645742816964861,-0.06808795085600813
2016-04-28,-0.06824387233326645,-0.08122271578267569,-0.04701182644818111,-0.08254535139148038,-0.055826912154338056
2016-04-29,-0.08071722102525697,-0.07479888031544582,-0.07508063277763631,-0.06524887799537857,-0.06683718563046427
2016-05-03,-0.07297634413464599,-0.06889239926521461,-0.064575406821847,-0.07233123787556699,-0.03708394470625038
2016-05-04,-0.060380387497489744,-0.0684260232642741,-0.06061674085967667,-0.06431340954229116,-0.04367617862694852
2016-05-05,-0.064010649398979,-0.053384297850974774,-0.06778046954157003,-0.04162800701689224,-0.0659981594359783
2016-05-06,-0.020015369675955796,-0.011896013578776588,-0.015533189330058489,-0.02118207018074033,-0.00603762308549649
2016-05-09,0.019896064033883786,0.013386564773917987,0.035538824374100844,0.034453635260291805,0.03255410553412765
2016-05-10,0.025512236106306686,0.03291487196499212,0.015259682574592768,0.025235310731443132,0.03855086985635133
2016-05-11,0.04441638866831127,0.038495501967472624,0.02537672558055892,0.023256023084193674,0.007351781225316757
2016-05-12,-0.01544466305505541,-0.00922300992885578,-0.020271639644509128,-0.025774587798800628,-0.026237589036848516
2016-05-13,-0.004545458319749242,-0.011905058806483827,-0.02280333253831935,-0.011335935147380695,-0.00877662502029068
2016-05-16,0.006223038395424988,-0.008230157775820647,0.003959995317125068,0.00953618146629822,0.0007335117652978142
2016-05-17,-0.00437295015792194,0.00413959281753131,0.0065063374827486605,-0.006006622006625405,0.0191335638728417
2016-05-18,0.02999967708785848,0.05452977562655365,0.037894163511107526,0.03379648344996432,0.027860364650475575
2016-05-19,0.021321782487078934,0.032924792647199844,0.028462316880056755,0.04193446031413333,0.052660609001344866
2016-05-20,0.013119057510093936,0.0037042365280752303,0.010875283286991942,0.025649113553941685,0.022238430934858226
2016-05-23,0.019433054953288263,0.01823091647635082,0.0013806115699001671,0.009509018616443226,0.038201080673368096
2016-05-24,0.02413085099748856,0.03285663302283404,0.019476214886036944,0.01692283704412822,0.02231053979523254
2016-05-25,0.013230516630916626,0.010479016569123405,0.012586450714180363,0.015282687409046652,0.023695937056551344
2016-05-26,0.03397525590936115,0.029764039140136058,0.030644783852110915,0.018686952943784047,0.04887488532253974
2016-05-27,0.03630218674861281,0.044913837791464434,0.03114528850272551,0.060112350246619844,0.04627719662536409
2016-05-30,0.046587114960163364,0.05086447374165526,0.068852894077597,0.043254923068042,0.049980515188174555
2016-05-31,0.027049812051393014,0.018449709572826725,0.013977907704923893,-0.006204348153576401,0.0053605591821938685
2016-06-01,0.01601555581751222,0.007487483327548807,-0.0018496094008301374,0.004549215818485325,0.007465193752489534
2016-06-02,0.021797345621360258,0.01962970486783954,0.02428431729274637,0.026902095942013687,0.009803291963399588
2016-06-03,0.02474665776879921,0.02996748735597381,0.024333882219649636,0.022360284163796918,0.014904657810290456
2016-06-06,0.02492693584848939,0.03723097463217932,0.013020419747025952,0.024575732256408835,0.031092476018592306
2016-06-07,0.02827742993705855,0.028694180496268946,0.0393270173554615,0.008508572588376992,0.04215466870053733
2016-06-08,0.03827707224305149,0.021359807865573188,0.03740086542792293,0.02839816741015954,0.01347658990852871
2016-06-13,0.0859842266609329,0.08232124241167157,0.07279293216637285,0.07379894156024044,0.09041377622187335
2016-06-14,0.09997224702217321,0.09158194974168189,0.09989437571405418,0.09931483192054197,0.08284403169512158
2016-06-15,0.09246539082189631,0.07689436686223082,0.07006578183445646,0.07257809512026726,0.04845212577150532
2016-06-16,0.10298753817212217,0.08150834150655095,0.07579224276478821,0.08083511159691131,0.04082599708605605
2016-06-17,0.07949985931950698,0.06376132232606112,0.06516185122477357,0.06627334305630472,0.06212323572666614
2016-06-20,0.06467492503690972,0.06881173432614847,0.07487591229451575,0.043572618350648074,0.04799351770671453
2016-06-21,0.07594711650188475,0.0751875939446542,0.07251704921113482,0.07778951136935773,0.057852111457348164
2016-06-22,0.05682502589439189,0.054708597869696944,0.05852890508562698,0.04592841411946924,0.0567981022987493
2016-06-23,0.07053953184490658,0.06550972631727606,0.050330260299378114,0.06483601884895311,0.07146431333438195
2016-06-24,0.0661328455144646,0.0775296937902733,0.07603370332332908,0.06771071292664421,0.060110554694053
2016-06-27,0.05016992845228673,0.05414103896202213,0.05506753701850291,0.041502131109053875,0.044655701986816725
2016-06-28,0.04897055458571756,0.058880007625971925,0.05163639342898385,0.055566255364616755,0.04916246096649364
2016-06-29,-0.003683677102828194,0.007897009332114738,0.012159297342801885,0.020886959358783125,0.014118525727875397
2016-06-30,0.003123297310204235,0.02108660698737253,0.026711721362077678,0.010418015930140814,0.0075431262184720614
2016-07-01,-0.008039537415413031,0.016235550908915024,0.008272222266580035,0.02619394063059347,-0.00312735979239288
2016-07-04,-0.05364638337465065,-0.029700573438224777,-0.017994836209825414,-0.018319185415406555,-0.01808008255902662
2016-07-05,-0.031365094973696536,-0.03820708541178471,-0.014219737495709097,-0.012660540102122317,-0.025851866858273786
2016-07-06,-0.045836414604343755,-0.03901181720146442,-0.006209269899255525,-0.00995004241304166,-0.01855079752775636
2016-07-07,-0.029862762201758444,-0.012475627115662398,-0.019124205843852767,-0.020787607195637582,-0.023429535002305664
2016-07-08,-0.031358659798368806,-0.029089389987341924,-0.01095524056582174,-0.011262672625257448,-0.022949184148614448
2016-07-11,-0.030422375796256843,-0.011348722829952964,-0.0005284543402344306,0.001374791265854624,-0.0037521548707130288
2016-07-12,-0.03911483286535182,-0.019658113611343193,-0.01944573213982817,-0.0005555335045693773,-0.004487027035320195
2016-07-13,-0.04567779655752913,-0.03288026705707455,-0.02754610707726915,-0.015414217830109803,-0.014358225507625753
2016-07-14,-0.05547065308299761,-0.04745786762068207,-0.0339559742924228,-0.02413053224088268,-0.041648394812195726
2016-07-15,-0.04320716037856873,-0.030565677147407343,-0.018811715340513485,-0.02140389953200739,-0.011526028896174826
2016-07-18,-0.0130421415548731,-0.0029514566939864172,0.012195299554304897,0.010534443320917271,0.013085739012760403
2016-07-19,-0.004380996596839447,0.012808000508391312,0.00765827934506738,0.01644744456265034,0.003256309709891631
2016-07-20,0.011165808952065124,0.008831942579642305,0.011691382295810092,0.022641810846009663,-0.004527880318217265
2016-07-21,-0.005733012025795631,0.008267212378573786,0.011317428160494416,0.01860550512197351,0.0011116157390148606
2016-07-22,0.00968307971103375,0.019153459367030924,0.022075630173923652,0.02302056140860786,0.015611511029278519
2016-07-25,0.003961007619347521,0.007789463909520781,0.015283798970735389,0.004493177704413058,-0.012230333183992822
2016-07-26,-0.02231613770168882,-0.010117340742415973,0.005526159080306265,0.010234550653104253,-0.021439947112197336
2016-07-27,0.03257497432436662,0.03754335053912334,0.0400020648813374,0.03354327516921103,0.021880799750133663
2016-07-28,0.034780544253484744,0.034449660323698734,0.026485234092534133,0.019289934666640994,0.0043268427477195235
2016-07-29,0.046129219851723406,0.03185744407131565,0.038704155811127856,0.03631148061995082,0.02069755016344676
2016-08-01,0.051154504544117095,0.057098876458727695,0.057693120327666,0.04831413578688493,0.04847895729391341
2016-08-02,0.04229196356782546,0.045065640726134115,0.04211895984525239,0.04391727943986692,0.03919541128829311
2016-08-03,0.040562460222829756,0.04312436375741789,0.04212753521315365,0.03789056132605281,0.030864548063689032
2016-08-04,0.02482846314425079,0.03375919697330138,0.02926214615500702,0.02144261076420232,0.015427334133013497
2016-08-05,0.025782685843464503,0.031148240182751114,0.029469501530777983,0.027750353420107076,0.020605737006196317
2016-08-08,0.01446613944413319,0.021633844809047634,0.019979440538310963,0.023717519889484992,0.015198035034512386
2016-08-09,0.021307995994601956,0.0248766758042632,0.021028608210258225,0.024967915398911928,0.023490987122692944
2016-08-10,0.02576889259300165,0.025593747981244048,0.030397737997130133,0.028162152290970785,0.021110577963566125
2016-08-11,0.04321689891940569,0.04518356255964062,0.05795556877654703,0.03966987691569437,0.030360066447517133
2016-08-12,0.027392824873698474,0.02603145283687004,0.03235895540714275,0.025661370295135166,-0.00031319398671683787
2016-08-15,-0.02755747671623907,-0.03035939466547234,-0.025279452147627165,-0.01794742556568007,-0.04594353959822641
2016-08-16,-0.01901887795116289,-0.022554111808311808,-0.025694539313911507,-0.03915185307409652,-0.03826530832984891
2016-08-17,-0.029117426094123648,-0.03757828123441287,-0.03893883350892755,-0.028975183401596355,-0.04340692461077803
2016-08-18,-0.02285938656654073,-0.01842123632807126,-0.026504088207512266,-0.01942181891856647,-0.04153454246937436
2016-08-19,-0.023261718396621854,-0.030805059737033465,-0.020554816359810994,-0.01610907990281785,-0.04742419612056245
2016-08-22,-0.01608020178973158,-0.014690694053646206,-0.005610445584778638,-0.012393103365331844,-0.02179296721063641
2016-08-23,-0.015496641532879128,-0.004242143551676995,-0.009126647495305232,-0.007037152164375132,-0.009532906818236387
2016-08-24,-0.019561218345252727,-0.01916088510760306,-0.010291769448984217,-0.005077872105161018,-0.013885739622962447
2016-08-25,-0.03132290750209158,-0.030723949912205156,-0.025188173993247902,-0.020837973730837032,-0.030048053717833534
2016-08-26,-0.017795461532642647,-0.02632064875261106,-0.021794799221628282,-0.019859004553443072,-0.03502331233786054
2016-08-29,-0.032473179941608955,-0.029141657405141946,-0.027117803732079195,-0.024749253112096446,-0.027098964940781362
2016-08-30,-0.031029920096430283,-0.029119654231141663,-0.022054504520266572,-0.01928997332588646,-0.019884199738413277
2016-08-31,-0.02490604550538257,-0.022026534909288346,-0.017197728126700736,-0.024715055824257325,-0.01728372652312529
2016-09-01,-0.0025479579986685628,-0.001408880050044613,4.9078874751202266e-05,0.014205461408160187,0.013221159778573657
2016-09-02,0.014768268972596532,0.01003738544413286,0.009599899799635988,0.010286781264585767,0.01770053529290952
2016-09-05,0.01000483156774649,0.0034843801812644306,0.01054318958116961,0.005580720163417464,0.007468928873112747
2016-09-06,-0.0017041317737777097,-0.01291930385554396,0.0024391449283686487,-0.006930293167133406,-0.006413409048589459
2016-09-07,-0.005320889312471448,-0.0055441684092678595,-0.011071358351332513,-0.0022911158791759354,-0.001871074758235704
2016-09-08,-0.01656913535850527,-0.012462452229746018,-0.01762581609859434,-0.015146271483027753,-0.016231140475137892
2016-09-09,0.004219383269319507,0.005491078931105695,0.011292264494618403,0.010484907278712432,0.0055414766752374415
2016-09-12,0.03526562531241179,0.039060119934385094,0.03667396378825812,0.03273816137903264,0.033058065184643104
2016-09-13,0.023979130186741554,0.03840045698477107,0.039479157167701465,0.02815207885159154,0.025476778352372307
2016-09-14,0.02416902357848812,0.039265215232377054,0.03752207818315366,0.03202662458874246,0.03158175710755611
2016-09-19,0.032086586113878275,0.03594419070885979,0.025672890498759374,0.038248881409813175,0.03335836672218602
2016-09-20,0.02362821898868942,0.03381108894694576,0.03745395635347682,0.0441797146783149,0.04299416921620854
2016-09-21,0.02345221789223571,0.025343177814519353,0.036122037433961314,0.030887516359575103,0.030655506588858416
2016-09-22,0.016424686142948865,0.01449641804372463,0.02774021185661049,0.03266963284813717,0.019819371734259135
2016-09-23,0.01627725986362726,0.020080165061042418,0.017985790284050063,0.021622726621859618,0.007917168031936416
2016-09-26,0.029769686223556115,0.038793456709093635,0.041125844151740226,0.04838316667700493,0.03881011570422802
2016-09-27,0.03416996311817694,0.04454224133901284,0.04416856570642,0.04321435877233267,0.03546682925131822
2016-09-28,0.03174678952352689,0.031290047848915654,0.039623703108311085,0.03989400181001639,0.03156101397182203
2016-09-29,0.03164478677037706,0.04092367846645239,0.04044919405425105,0.03867992680513131,0.040285942898855474
2016-09-30,0.031606636255238865,0.030113852532967052,0.03991166493195534,0.02863654297139809,0.03192025872437249
2016-10-10,0.021303496114822667,0.010873618461984053,0.011389308446759713,0.014428273478853905,0.020997567942614873
2016-10-11,0.01652512930431372,0.007514351302004388,0.0206206543961244,0.021900237256180233,0.009740636881035526
2016-10-12,0.0071516646186502225,0.016278523616315103,0.008825381319209657,0.0018186749943577783,0.006318020131215789
2016-10-13,0.011421073670880012,0.019714562862281345,0.023022262286789136,0.0283532932303039,0.02378575509659774
2016-10-14,0.013063697441604632,0.039183633778645435,0.03532443738556408,0.03673042199078737,0.028891161135882564
2016-10-17,0.03143785405777173,0.04093904758857466,0.046391105159488924,0.044445499766480094,0.057099580024626014
2016-10-18,0.023158385741495598,0.019431018563956355,0.026569977334033153,0.041989525547914984,0.03621283681680648
2016-10-19,0.015693663768803327,0.031020563618896616,0.03210250864237016,0.041444057232043856,0.03311862904531703
2016-10-20,0.02074582378712667,0.03701510916281479,0.03579319516429455,0.030929415633270976,0.01822415415357145
2016-10-21,0.012858621728010234,0.027563606935078217,0.03200501789401394,0.03371746255720248,0.024924590826635316
2016-10-24,0.006950795117136343,0.010359252676295772,0.02275426556913115,0.022826338758655678,0.03364234310679057
2016-10-25,0.01052048314605638,0.025488535014768273,0.02862596123460041,0.023695134152435095,0.03589649350967857
2016-10-26,0.0181767294295345,0.022739329182974274,0.02808127320451784,0.032812090033460355,0.02258296887981608
2016-10-27,0.018845887189193496,0.028560059614135876,0.02180107363129173,0.03114537401665603,0.024356697376723437
2016-10-28,0.03078098816271059,0.028450578118273707,0.04142247188082195,0.04781568201740538,0.04418732795735084
2016-10-31,0.04530760877037655,0.040401816820967315,0.038182542777700605,0.04817956116890757,0.03332120576878671
2016-11-01,0.03556691416708927,0.029793665621958006,0.030868674450224145,0.016648070108100058,0.01877638510872286
2016-11-02,0.030727829039435838,0.036847860393340905,0.034878821401071035,0.02761768115695454,0.01047647273319044
2016-11-03,0.024343767104229863,0.035792295023923046,0.03096484229085505,0.027111728903457102,0.02293559722306775
2016-11-04,0.02826203785204358,0.018860652753112078,0.0140131509130842,0.011555984242803179,0.005857617136846412
2016-11-07,0.01021157789629108,0.008570559511429114,0.008972659434961904,0.003960819478070062,-0.0019139385372286784
2016-11-08,0.00903746598222817,-0.002847218154900824,0.006837444730808581,0.0031387782291522125,-0.011814472759009416
2016-11-09,0.0180731913193107,0.022169695486312226,0.020714565947597994,0.03188192294117257,0.002437451221107205
2016-11-10,-0.004407339631099951,0.0002216484811022701,0.007851640649077868,-0.004764937725989208,0.001396728739443731
2016-11-11,-0.014560158211742473,-0.0031706312916252566,-0.008402409594252879,-0.005193409940622375,-0.013086259698635624
2016-11-14,-0.0631585965029104,-0.05851525796330738,-0.05222938825088461,-0.045467508560327614,-0.051824080875628814
2016-11-15,-0.052856388155490396,-0.0540759608810973,-0.05452934926934839,-0.038417745263622904,-0.06294722784413517
2016-11-16,-0.05096625516029261,-0.05173265823939123,-0.047140394845226995,-0.0703568270712794,-0.07432453032756597
2016-11-17,-0.046330733966060404,-0.05660756803868809,-0.057759472927922745,-0.048420365487243384,-0.05699190091501688
2016-11-18,-0.037391858854985555,-0.04384261431573471,-0.04528439640475731,-0.043287865294350414,-0.03639317084035112
2016-11-21,-0.055323269632222144,-0.04696714835463664,-0.049110865741269195,-0.04183489162666494,-0.031922192079659864
2016-11-22,-0.056753660031981006,-0.06426943646336365,-0.060473085600279974,-0.05875999151737291,-0.04540669963725016
2016-11-23,-0.04943109037628138,-0.05341245801502053,-0.044599186624055404,-0.047128292047307875,-0.03213445070135716
2016-11-24,-0.040871594582113986,-0.050328158407793706,-0.04122939251274293,-0.04478505182070627,-0.04537221327281424
2016-11-25,-0.05274722154848327,-0.06453802127227388,-0.05276386739570201,-0.0570726064295585,-0.06462878701165292
2016-11-28,-0.05982098098175701,-0.06140594789934461,-0.0589973486320253,-0.05476294936250942,-0.052176337182330064
2016-11-29,-0.045563807571013984,-0.0516288864226099,-0.05570453634295121,-0.057942489920110606,-0.0500343535151328
2016-11-30,-0.050255654409288614,-0.04467871381981022,-0.051197998126165795,-0.046389884107779215,-0.056866337028547986
2016-12-01,-0.05263652749433694,-0.06240817093214774,-0.06823880556694754,-0.053623084807155746,-0.05544965825976108
2016-12-02,-0.03224174379037345,-0.04089517097446858,-0.043177784441495705,-0.046329955972209035,-0.04947690686975435
2016-12-05,-0.02732485438451076,-0.03046902819431707,-0.028648439731349295,-0.021952511193295356,-0.026135332630290175
2016-12-06,-0.015826285815593512,-0.014807269013201355,-0.015471270390450733,-0.02004171106201381,-0.017360047253907468
2016-12-07,-0.0263367407096366,-0.0285036958524904,-0.027966655117888744,-0.023758559890527258,-0.025439219402239862
2016-12-08,-0.0277674537332804,-0.029105480399820617,-0.022688487496966003,-0.03210078691969915,-0.02027335018098066
2016-12-09,-0.015940965523288945,-0.01966776711260552,-0.024206132266516866,-0.015376182176495515,-0.020649784841719518
2016-12-12,0.01872168746091893,0.029948875552781005,0.028280509144891424,0.018342482534996398,0.013414894241633616
2016-12-13,0.006880538670056127,0.008246497635569542,0.009869936536409525,0.018274161574254703,6.016201935534455e-05
2016-12-14,0.004636513066499819,0.00916681534026555,0.006576638023112732,0.006921828989879416,0.004798613551402971
2016-12-15,-0.011522035205071992,-0.0049305067129444885,-0.0025426960245752517,-0.014993434790066743,-0.01930381798404211
2016-12-16,-0.02796222469911655,-0.029869395280669356,-0.04317250217144324,-0.0402910906537246,-0.06470235923686264
2016-12-19,-0.027720397091614078,-0.02460069031655764,-0.027016741064500673,-0.030058432067282027,-0.057397977287837194
2016-12-20,-0.030435752784034494,-0.024404644315614572,-0.025428335495517377,-0.02738346095174472,-0.045543865380686235
2016-12-21,-0.03658975538743346,-0.04351437934833368,-0.04776879160504773,-0.04098016522236126,-0.04598746468399669
2016-12-22,-0.02079093915241136,-0.028029126845097806,-0.025169798308964167,-0.03360857186979231,-0.04364343929234881
2016-12-23,-0.0076393701137600105,-0.002907972873416287,-0.010170486850608054,-0.015527598563113065,-0.022762195243808177
2016-12-26,-0.004964141849188165,-0.011368420654650569,-0.01769035252244804,-0.02458710365969943,-0.024820535295911092
2016-12-27,-0.007732744964741107,-0.003542599235039309,-0.01778708417152827,-0.01854488145824242,-0.023060374353279057
2016-12-28,-0.0006573346644894222,-0.0006893011420774502,-0.001421619105263579,-0.006182067271393797,-0.014722179529576893
2016-12-29,-0.00105706812480056,-0.0006653776289384893,-0.008132232236113974,-0.005291625641422,-0.016117053048842946
2016-12-30,0.004583874574411271,-0.0036151467839403884,0.004776616442654852,-0.0007138426615707307,-0.007260584331373172
2017-01-03,-0.01572825369641746,-0.005342337930318103,-0.01785887982015433,-0.002440982293381857,-0.008030560550843176
2017-01-04,-0.01442532880532944,-0.006187272863641647,-0.01589299622468077,-0.019409648373648936,-0.017095017744118847
2017-01-05,-0.005337592741343348,-0.016964414217539713,-0.00538710377583144,-0.00489573126740729,-0.01095331611132373
2017-01-06,-0.002230442087229559,-0.0027890836143422432,0.0010882414089936527,-0.0016475268727974522,-0.005122520338089315
2017-01-09,-0.0016417404681940224,-0.00100717239762393,-0.00027733688189700403,0.006385148812107985,-0.01577714589279506
2017-01-10,-0.002780577417649281,0.00310786471355442,-0.00502493092138192,0.0014089579246502264,0.00880343448320701
2017-01-11,-0.0013618868572587988,0.00012099856750088747,0.00223636881998534,-0.00016801733662749055,0.007095032015366025
2017-01-12,0.017123942547435392,0.022737833203873407,0.01828071741778227,0.027822402275237374,0.00883080054133559
2017-01-13,0.026885782290065326,0.02492493538801856,0.02583224359201753,0.019907498576583128,0.019183211497357723
2017-01-16,0.07487052802375821,0.06886536682366466,0.07152331511049062,0.06370722295856479,0.04087606112355866
2017-01-17,0.05643348727361636,0.06790538920122077,0.0726926613291868,0.06749572049822328,0.05418332520273192
2017-01-18,0.06337678483414123,0.07066705594531628,0.07286965566746999,0.06969913732373109,0.07339825976457096
2017-01-19,0.06402670590804121,0.07170223927136557,0.07550261592360169,0.08158137604721341,0.07199423251194861
2017-01-20,0.05501585198903604,0.055750757504545036,0.06737055458383008,0.06240044015389544,0.0613045420679743
2017-01-23,0.04115583387053151,0.04065374693570154,0.04155029872528946,0.04707196125084041,0.04760602806720382
2017-01-24,0.04413440508103863,0.054209900279681054,0.05316431846959073,0.0496058857797975,0.050855354181563006
2017-01-25,0.04667614264550123,0.04486388648776709,0.04994411396413691,0.05156338167038076,0.06212676299652771
2017-01-26,0.034391862050674855,0.040709360233904056,0.03746779116274431,0.0398835899453144,0.04235987348075017
2017-02-03,0.04299298716703579,0.04664110338316928,0.04676659413209624,0.045617674039458427,0.03847383793301566
2017-02-06,0.041670249729616776,0.05640615731757342,0.05259055681630174,0.04609269306839244,0.031184484704803287
2017-02-07,0.045106398377882786,0.04683424350175769,0.0545417282176943,0.04755690246863785,0.04104663002339532
2017-02-08,0.037275291849490425,0.043197640477424956,0.03956306445603078,0.031134198068818213,0.0315464839239687
2017-02-09,0.02140898164586801,0.022312344406155732,0.02067899481145778,0.024731837566331048,0.015142370005656833
2017-02-10,0.030473120319503173,0.03738089359139709,0.01551173980123431,0.0226364561268161,-0.00571312231727267
2017-02-13,0.031070302494349375,0.02443662132205178,0.03538753590355599,0.012279327065437499,0.011344403611391373
2017-02-14,0.035311741032465566,0.026123038991324246,0.019481694987134313,0.009596779327266327,0.0094050656793603
2017-02-15,0.03254171125658154,0.04277983247808718,0.03288363319872966,0.030044938519048915,0.007772888825913197
2017-02-16,0.04217298391892116,0.04098107970251293,0.028563821979829058,0.023067600622797793,0.017364063308401814
2017-02-17,0.03157744077446487,0.03343085641641497,0.042766356582503454,0.027878793813040117,0.009911204696747921
2017-02-20,0.02087767787668892,0.02778457514167563,0.021147828741086484,0.0143899608461558,0.011392510514736753
2017-02-21,0.011909257874014933,0.011571082267309468,0.010110283130688878,0.018647919360096063,0.01203366952527771
2017-02-22,0.006637599386743828,-0.0028129876596999313,0.004708438719050428,0.006628636188586378,0.005117816878331956
2017-02-23,0.009854460087725444,0.00412250871522535,0.0071372662790938415,0.0023286327129101807,0.009910155183927651
2017-02-24,0.011489463178496742,0.01343595618921998,0.009125977839029523,0.009489889648666075,0.007624092454483534
2017-02-27,0.014639397658130243,0.012700867570351581,0.01048631435341747,0.0169425465731952,0.01301261178213435
2017-02-28,-0.0009582014300565511,0.004482780607067689,0.013846814085690981,0.005414488609594239,0.007335764959712898
2017-03-01,0.0007731970073124847,0.0034590794362623183,0.0014800234904945597,-0.0018824423587373031,-0.00699024261991116
2017-03-02,-0.004963316097069173,-0.0020872312857785,-0.01967107831194356,-0.018183265822594517,-0.012962611624979975
2017-03-03,0.002647749748266628,-0.00849697280191167,-0.00933058171742034,-0.015047945503319077,-0.01638438355339749
2017-03-06,0.010979040647907345,-0.0016179377965247275,-0.004149919835612912,0.0004795357239870451,0.00584831177374719
2017-03-07,0.02058409072739142,0.00535860115606789,-0.0022574000085284892,0.0024901217150010923,-0.002991261989906825
2017-03-08,0.02906408510977585,0.007202609248648366,0.005889511472357678,0.0009143205241676168,0.0032462129295625316
2017-03-09,0.0406977755550423,0.008625349446944815,0.0037582453572373603,0.008659502721988396,0.008610485152078587
2017-03-10,0.05134731867604802,0.017419777324063863,0.017678269956715998,0.019335278109613906,0.0070956670132805355
2017-03-13,0.02514154939298976,0.0016740456120467784,0.0008299772564258423,-0.004107132600272849,0.007402061265494933
2017-03-14,0.030998864586112753,0.01609051776447232,0.006256665635969984,0.01345512488172993,0.0020953676306535436
2017-03-15,0.0039558578343017025,-0.00548665588803557,-0.0010669192742096298,-0.01046996301307029,0.01256918887788062
2017-03-16,-0.004176268153209513,-0.021453739110549753,-0.016344470342858918,-0.027173384870008303,-0.031558739534385774
2017-03-17,0.007298733347203872,-0.012056291991383567,-0.025724351142838598,-0.027878914205614832,-0.03431101165408161
2017-03-20,-0.019789222742413272,-0.03440481217067582,-0.03484963530685079,-0.04374853038134663,-0.03726660417848264
2017-03-21,-0.03771176740500902,-0.036026016841407486,-0.062306686786657614,-0.033452128535333796,-0.015221134188894774
2017-03-22,-0.031145605215778357,-0.041862712513543815,-0.04996871833849906,-0.03814459589551437,-0.024283934731338358
2017-03-23,-0.0570482527607833,-0.07191168530390249,-0.0655693729337937,-0.05820028733621329,-0.06248381655394514
2017-03-24,-0.08141608305270732,-0.0829925132065562,-0.059883179798880366,-0.055007734068028245,-0.04864894886320328
2017-03-27,-0.08002829782416883,-0.07715902965152409,-0.05642233807356141,-0.043951913486284404,-0.0469098857562084
2017-03-28,-0.06063639412145569,-0.07315791629146713,-0.06380071435861254,-0.03545914904721679,-0.048945725849763234
2017-03-29,-0.041609117448518244,-0.061218981552762855,-0.04844494060617656,-0.048168826154632395,-0.054964490795642244
2017-03-30,-0.02300092506366399,-0.018300963627556642,-0.04353627283534923,-0.05637509507287426,-0.03641152162439045
2017-03-31,-0.03886689586748147,-0.05579811948973359,-0.03382819691746384,-0.05184897856603898,-0.038647972004187695
2017-04-05,-0.07075010660642068,-0.07462143650311563,-0.07024583728442309,-0.059329169602824805,-0.06311932343486591
2017-04-06,-0.08087627365393568,-0.0852409919989019,-0.08074465386679494,-0.09029916714523324,-0.08009179865078862
2017-04-07,-0.09606015545610948,-0.1011140076454761,-0.09437060607898694,-0.10144158301046258,-0.10546039467087324
2017-04-10,-0.07272628037144145,-0.1009509827728375,-0.08502434326813124,-0.09243605406270725,-0.10198400149252873
2017-04-11,-0.09941761300420301,-0.09993539243479381,-0.10585662634965291,-0.11717473019117146,-0.15277857104622247
2017-04-12,-0.11098065514258974,-0.10126285797796865,-0.10825707700864794,-0.11178561309025944,-0.1391780650610356
2017-04-13,-0.10586783021052945,-0.11118441948805272,-0.11478627306847063,-0.12132858606677543,-0.14843915559959486
2017-04-14,-0.0796574914523786,-0.0916624108239238,-0.10430148945960575,-0.1222468584331975,-0.12815726875206276
2017-04-17,-0.06679135808439497,-0.07669896951500937,-0.07678846615377607,-0.09125588235314201,-0.08370917245107164
2017-04-18,-0.06376727339787348,-0.08606058392635395,-0.07453419169207294,-0.06709233815107196,-0.05871422935789323
2017-04-19,-0.06841465343300508,-0.07848259906347266,-0.06327757493199303,-0.05509666046551237,-0.06340730591090285
2017-04-20,-0.08022146862105207,-0.06548861072058358,-0.05785735739727369,-0.05505726428356275,-0.06531586724221866
2017-04-21,-0.08536521579779882,-0.08384871613052532,-0.0830954408324346,-0.0574484636047124,-0.05701285523091867
2017-04-24,-0.07368279838221052,-0.06992343322691108,-0.0877740624725882,-0.05704395344037887,-0.0523055474870383
2017-04-25,-0.06018966696942576,-0.08233546545325182,-0.0628192815260911,-0.06888587592824208,-0.058608897851748956
2017-04-26,-0.054386277784246914,-0.07009946035873627,-0.06977250203957551,-0.05215566383165757,-0.043886280053193616
2017-04-27,-0.052514501489209664,-0.08252957886651159,-0.059197021610146346,-0.06402723442739189,-0.05805828447118114
2017-04-28,-0.07463587778480041,-0.07692300333660237,-0.07674674089654134,-0.05847297809436886,-0.04664344260721387
2017-05-02,-0.08439919923992535,-0.08546130030630764,-0.08632341754958411,-0.09075254001174798,-0.06664591758840545
2017-05-03,-0.07944614993413479,-0.0768833433009225,-0.06896500785325613,-0.0708327475379478,-0.06907560143142376
2017-05-04,-0.06177525548802254,-0.07050887109638962,-0.06813965236225575,-0.06988446722998848,-0.055374241787588784
2017-05-05,-0.057654051132450534,-0.05341736927937663,-0.056238682055642635,-0.041211951685901346,-0.038500851829757425
2017-05-08,-0.01668230548350574,-0.020817440749696874,-0.01864677936216144,-0.005261344080962066,-0.016421404658420572
2017-05-09,-0.008964445802886684,-0.027560476948366493,-0.021646806180706385,-0.023977964995282056,-0.02926527184108523
2017-05-10,0.00634386525337251,0.014334772779365283,-0.010575776263271403,-0.012336082199550668,-0.0129085576921144
2017-05-11,0.012590989621264375,-0.005821159197995883,-0.010934597004153545,-0.018101515492396376,-0.01867466998539042
2017-05-12,0.002279678227819876,0.010176537335769377,0.0023662775132581733,0.010682634800643156,-0.003984765738000285
2017-05-15,-0.00341452761198938,-0.004847062082631721,0.0025124797551493894,0.011569212539716201,-0.014388860227355567
2017-05-16,-0.012235768014768944,-0.002533334862570721,-0.003949822657492355,-0.012360381423136068,-0.029850336422021614
2017-05-17,-0.01751948822394665,-0.007805060758707122,-0.011610475743072866,-0.021128022283928568,-0.027877298041162367
2017-05-18,0.0026366082196938715,0.0042736242060484415,0.007282047100433421,-0.01245329238766034,-0.015555391825507388
2017-05-19,-0.0025023677585938758,0.007194220941224114,-0.0006227389115651727,-0.0007561202138798998,-0.02035825545229979
2017-05-22,0.019056668441505095,0.019604500072500145,0.0244883768705747,0.011148696215618927,-0.008518703858321017
2017-05-23,0.035466534604615796,0.012368112148453382,0.02852991176844643,0.026345556891598513,0.008524361073907883
2017-05-24,0.02565751426810233,0.01656588374666289,0.017077885079406083,0.03632841352579412,0.0045754027061370535
2017-05-25,0.022472961464170747,0.036663504344604206,0.022951507945721785,0.036903618919819775,0.004862088884321031
2017-05-26,0.03456108224942867,0.03464998154000922,0.04030752172546219,0.02976093378488933,0.0099642540309465
2017-05-31,0.03031964438188615,0.03834931404362553,0.03733125407244474,0.01991533234335348,0.0013294040162916412
2017-06-01,0.047585903859953066,0.06258237077337142,0.056389722554458156,0.059250762653644436,0.03393564364456508
2017-06-02,0.0464010538091129,0.05490805920053442,0.047078482440550386,0.05321964587690171,0.02501875495516901
2017-06-05,0.050443153029020305,0.05109476070042054,0.06908363647370952,0.047107070887260884,0.01686188387092866
2017-06-06,0.037142134665202435,0.05876077593321213,0.050271219773403444,0.0442360573925776,0.004486070176577813
2017-06-07,0.03744146534498165,0.03864500509437165,0.03839051898981804,0.02359171085982795,-0.0011686883666078643
2017-06-08,0.03097271778521561,0.048332170765592104,0.037512000160118075,0.029699394479747704,0.0029000995735950935
2017-06-09,0.043680445228153154,0.045228594725859085,0.044227034060798316,0.017982404815032566,0.013841959039525786
2017-06-12,0.0324358888752801,0.06244030863901714,0.06506103797917574,0.041028793907430236,0.019052435950205344
2017-06-13,0.014820155122433395,0.019383478741550234,0.012251682012622509,0.017896191925144796,0.03732406021736944
2017-06-14,-0.00036542766302700286,0.022451734237907202,0.014776187434364468,0.017621565838215777,0.057433433153540596
2017-06-15,0.01132434126740651,0.021913254982313026,0.01733531127715497,0.02829676169440445,0.003816963081429142
2017-06-16,0.002599392716547287,0.01669819936332973,0.02388445885231956,0.02513112749569037,0.015550621413529501
2017-06-19,-0.03453580263679505,-0.03362702998864994,-0.03011185350107632,-0.024911828480292074,-0.028012413786718208
2017-06-20,-0.018197927669401124,-0.01838665885333171,-0.0207163608823023,-0.03262893237384629,-0.008199085417417552
2017-06-21,-0.023822253596886788,0.004447118171809528,0.0023511040039448238,0.005966205954902258,-0.0022306533865316266
2017-06-22,-0.01777135248311458,0.01472914714929052,0.02989407107920233,0.0362579381276664,0.017907028104842487
2017-06-23,-0.01948893729290243,0.009865976741896598,0.03137396519957432,0.03916255252668572,0.017435256442750062
2017-06-26,-0.024093195534241545,0.0011834793346595996,0.004624023377590404,0.02411035719722515,0.021611498715890715
2017-06-27,-0.03321023956070558,-0.006161422459477086,-0.0011892342026083547,0.015309814651040166,0.024535189917934297
2017-06-28,-0.024882490923925367,-0.007778584289645727,-0.00783783283694222,0.03024089589299565,0.03870297485642399
2017-06-29,-0.015834889619311916,0.007314959600492743,0.0034216719669964827,0.016881755594087396,0.02323539526343298
2017-06-30,-0.01145511016893674,0.0043706617773602,0.014024903812236466,0.011564100680026472,0.02687651876363714
2017-07-03,-0.013639647133771754,-0.0023138065342222457,0.013092389658101873,0.026591915903220704,0.04744023634545818
2017-07-04,-0.015635323046498707,0.014180752264300166,0.016456297025319512,0.03426008256175635,0.04373873747360037
2017-07-05,-0.0175544246663886,-0.01572064139537235,0.0025919187907845354,0.009972490178891893,0.04404283318884865
2017-07-06,-0.010938378642959974,-0.0161511904494444,-0.011889231470868218,0.02400161816769698,0.04636248105140402
2017-07-07,-0.025032951858858784,-0.024245218065828394,-0.012671812715242481,0.004145053070402026,0.049301241432699816
2017-07-10,-0.007000583820281834,-0.018200240111869433,-0.010741914092599449,0.022859321926119957,0.05842450943213408
2017-07-11,-0.00560651682912819,-0.0014733323354277122,0.02645879082133861,0.03710384589439588,0.05443826009348532
2017-07-12,0.000895653268343162,0.02464164207499635,0.03791560868623595,0.024725264125694337,0.0550040763791771
2017-07-13,-0.010253749653456802,-0.00531892884531517,0.011954083691920624,0.03880976614278723,0.05243594619041266
2017-07-14,-0.008013121388653253,-0.009067928524842343,-0.0007298323839893954,0.011314491028975507,-0.0010421524483197647
2017-07-17,0.057256990513029064,0.07264972087248248,0.06520164703312177,0.05918058895724285,0.04746076310774355
2017-07-18,0.05007030986461078,0.0636745807427553,0.05005129704785094,0.05576450168622847,0.04161906721228224
2017-07-19,0.04394131481590015,0.046144925920004375,0.04294657935749339,0.036828858473499655,0.003144065800845037
2017-07-20,0.04786631768528204,0.04880696129117966,0.04994453627688922,0.022503345919839882,0.019767213497826532
2017-07-21,0.04274191920068876,0.04577834389647279,0.030633571105550574,0.029162615328729692,0.02342370783882289
2017-07-24,0.04904466134274356,0.04683312523884609,0.033266290703927955,0.03303527936311684,0.02073463730273641
2017-07-25,0.044154372916701906,0.03938847225549607,0.03807108471950332,0.03009687802806381,0.02434792284569362
2017-07-26,0.04654530289661032,0.04333185842783813,0.01893314807332036,0.01475083517197223,0.020030021730392217
2017-07-27,0.015813817627211776,0.009195886164735488,0.008036489544964274,0.017587294821271342,0.011947448531029593
2017-07-28,0.023006424912497995,0.017727036314902824,0.03107469855654746,0.0240292510917388,0.011320671478512578
2017-07-31,0.03685476521458237,0.03256756626849985,0.027523013035792212,0.0075738235695578665,0.005433125976429336
2017-08-01,0.026059615477495537,0.021982267821020283,0.014800031842492407,0.016329404457612145,0.013722104355017216
2017-08-02,0.03796462750955556,0.027792239221305092,0.03164944604692387,0.03140978684732704,0.026229004953493798
2017-08-03,0.029924372940561463,0.029799841748509172,0.029702121831770133,0.036058333768916775,0.02899931926053045
2017-08-04,0.0364213976879131,0.04515241072927809,0.051916721517082924,0.04405042909317078,0.03592322301956431
2017-08-07,0.039604398267663966,0.045107874136483095,0.04822819250565845,0.03773641635341931,0.024865106040568002
2017-08-08,0.042590713584366204,0.040661633967749765,0.039227852257067874,0.04992079502080056,0.01813012330255564
2017-08-09,0.04631020329118388,0.060051532904784995,0.047619530652624004,0.03007320361341158,0.013557133137890615
2017-08-10,0.04614983865369733,0.05809962754746384,0.043584141927695004,0.040815614166873765,0.015110200703983894
2017-08-11,0.0706602920605355,0.07601589670607337,0.06362101359939752,0.06523449434396476,0.04560221011894259
2017-08-14,0.057033632631862216,0.053642241808769094,0.05965099283269933,0.0507615462337453,0.046973710183377065
2017-08-15,0.056009367437985215,0.0561918076258854,0.047410689915845024,0.046181829998604866,0.04386426505105171
2017-08-16,0.06134796734090651,0.05785253007940814,0.05217281154466619,0.041174700220289066,0.0456454618011427
2017-08-17,0.06131163278729738,0.04558243266845088,0.038368433721669294,0.03410343993601508,0.026035646599642356
2017-08-18,0.05665135098733371,0.04705826962436562,0.03504443645008005,0.02831004270842467,0.023243235860657595
2017-08-21,0.058897013273369145,0.032664042171836986,0.02707306601271719,0.041751125608610974,0.024666554724046743
2017-08-22,0.03952624182842405,0.0317931681536053,0.03752448449900009,0.04017850351182136,0.039595009838354366
2017-08-23,0.06481219639084064,0.05351269272914529,0.05224859636881168,0.052789747510330366,0.04535493934832174
2017-08-24,0.056131967030474954,0.05228064275235031,0.04677084098154261,0.05441493811716644,0.04452989546362961
2017-08-25,0.038618155440304745,0.029892812741955186,0.0328328913148569,0.033723201542232885,0.030470968205691278
2017-08-28,0.0071266025434510655,0.0007625211108074471,0.005299035030732373,0.01096825770955637,0.014297627936181981
2017-08-29,0.019366174731421795,0.01009661346165474,0.015883298909643122,0.009795262109786046,0.01622661960608344
2017-08-30,0.02037243906296297,0.014633960882468097,0.021191204505193732,0.01723467426752284,0.003963913536316004
2017-08-31,0.006264052468129943,0.010519172546487886,0.006679331153613944,0.00911734164370108,0.01810880342214703
2017-09-01,0.009004785807235243,0.014555063973690495,0.00829719007562373,0.015789097436130904,-0.002770495946922476
2017-09-04,0.007052794203528219,0.018091214220870004,0.0048188072151536905,0.018718780746101362,0.026908793580590402
2017-09-05,0.011040288002021423,0.011013992776706762,0.012627690990430799,0.02640412165475312,0.03771510364809539
2017-09-06,0.01579513067832504,0.0061229601650898136,0.009281786797962802,0.012539737526976092,0.017635340945372557
2017-09-07,0.01736232049014708,0.011329503942937021,0.02378401958356094,0.015560513079661886,0.013067952532623685
2017-09-08,0.014812644466002275,0.024681678171390897,0.022051129426542578,0.018587053607877962,0.014916033647924659
2017-09-11,-0.010252111524618485,-0.0072634735611334525,-0.0007734317595173541,0.0019880570765302514,-0.0022629959100867723
2017-09-12,0.006749576051394318,0.0026561388663976816,0.008085143597822794,-0.009611502692883354,-0.026781750521928466
2017-09-13,-0.01690358947001448,-0.0016706383629447302,-0.013697261513691512,-0.014408295264752076,-0.019062640067038797
2017-09-14,-0.01240932043263152,-0.026001170425370194,-0.01822595042937781,-0.014536065636466967,-0.03613916786696487
2017-09-15,-0.006884433257184923,-0.0017915653139858763,-0.002853012799406057,-0.00375265250797191,-0.02175702695964749
2017-09-18,-0.0263617864400036,-0.01115617433075152,-0.009309961381908417,0.0007790858175257113,-0.001843515518733416
2017-09-19,-0.02766382062973742,-0.006012686806985045,0.003283281831053461,0.006807586488729353,-0.007452592966246508
2017-09-20,-0.016275484390396534,-0.01106050864476216,0.003664275687245276,-0.00042289670014207753,-0.018423878907818898
2017-09-21,0.0015447264089427852,0.0016510231041888402,0.0081733171293994,0.00783241758522392,0.003593980300532503
2017-09-22,-0.006729400315954875,0.005101472261233872,0.006177070177401029,0.006140504858133013,0.010998466972094164
2017-09-25,-0.030745941221278786,-0.010961127413202935,-0.005617861346951046,0.021002997412531036,0.01944139693606395
2017-09-26,-0.02573634738031763,-0.012971403858682139,0.01203020383339533,0.01941302118248566,0.01245909413165912
2017-09-27,-0.02474497825905896,-0.021478714441539513,-0.004565852522800602,0.012502900616576492,0.01075885625414314
2017-09-28,-0.034791167889336956,-0.011595919066942158,-0.007067663587702223,0.009681296109893723,-0.006220140544353792
2017-09-29,-0.04490834737581738,-0.0341487210562274,-0.01222261635388997,-0.004767691018494064,-0.01750355652110824
2017-10-09,-0.05853973021238835,-0.02606748817237113,-0.027487117314853867,-0.011455156649335229,0.006505275556540407
2017-10-10,-0.04697990336346751,-0.02739754585950368,-0.0241977555990056,-0.017184415748332592,0.005900941969597511
2017-10-11,-0.03653194631152266,-0.02874379940760481,-0.015259728133393474,-0.0018939481191827315,-0.008163027505110469
2017-10-12,-0.010742195033100675,-0.020896526092520382,-0.004071604139272049,-0.012175825110912732,-0.0028305362165220948
2017-10-13,-0.032170626656837745,-0.018817477486621947,-0.01154273375812218,0.00018103470960249767,0.00026901739658018794
2017-10-16,0.008893822010138285,0.004660692135377346,0.008522411642057236,0.0014557201964074523,0.0020662281690630438
2017-10-17,-0.011552643416951655,-0.01300512098345159,0.006005636900819033,0.012821225167667124,-0.00042990359216758025
2017-10-18,-0.003995602278360888,-0.013069284634101149,-0.004804013661285539,0.0004173400788576527,-0.004490018687155878
2017-10-19,-0.001393294253578143,0.012257647279911972,0.005857063289104159,0.007676755505380067,0.0015226995779796019
2017-10-20,-0.039069346459173315,-0.03782687252333863,-0.02972432790071257,-0.012756643864927947,-0.03661713060285056
2017-10-23,-0.04896224345651734,-0.035535509212596295,-0.022721137289782457,-0.026331041635057364,-0.014076541624719817
2017-10-24,-0.04692071728744504,-0.042492814856640956,-0.022215977957095272,-0.005675979253961625,-0.003996288795038993
2017-10-25,-0.048431966937831805,-0.03634158888237001,-0.03370961054133246,-0.009093790641876515,-0.02205458038129461
2017-10-26,-0.07941379433941997,-0.0662033354475743,-0.06174479441497195,-0.04094268128841832,-0.04092669036016158
2017-10-27,-0.05484295417350665,-0.06149572119555358,-0.05259946674674788,-0.04786668703116084,-0.03847955671030231
2017-10-30,-0.04454118434145477,-0.049372738993416855,-0.04676619602432741,-0.04017125036257143,-0.037382621415573095
2017-10-31,-0.042946614440531626,-0.037983626569803516,-0.03108782389712789,-0.03365081555203435,-0.03462556252252698
2017-11-01,-0.051358910950715916,-0.043943136205610814,-0.030713750273624513,-0.02039485712574161,-0.02030909182457803
2017-11-02,-0.044706940801222644,-0.033666553722940064,-0.02481697342405086,-0.031819592314103376,-0.029351984523445337
2017-11-03,-0.0330431645558931,-0.03333242268230865,-0.02397244331396149,-0.0015782627527349466,-0.002426945451186696
2017-11-06,-0.053015118854065714,-0.04472362251137694,-0.03309092338449724,-0.030764102330657846,-0.015703358934143874
2017-11-07,-0.07776188571594711,-0.08475463320304004,-0.052204337608083844,-0.05279614700844144,-0.025765208553469927
2017-11-08,-0.068474956528448,-0.05677360333141997,-0.05608108499981569,-0.05451902563566053,-0.03877933407922244
2017-11-09,-0.06483527991059916,-0.07379752209107616,-0.05800868986975183,-0.07497449103187279,-0.051284738034268175
2017-11-10,-0.06424892963375049,-0.05932610931125795,-0.0657370206492622,-0.05458672636436909,-0.04886526523325215
2017-11-13,-0.05654253774916169,-0.054089641559820725,-0.055351938029388564,-0.059026315801763735,-0.029199703149478746
2017-11-14,-0.05565453474255564,-0.05906072627693062,-0.05840755532680464,-0.0556000354963121,-0.039471633087053544
2017-11-15,-0.05286473060350504,-0.03525090593295769,-0.04540164471137816,-0.030105455270284232,-0.031425334216453014
2017-11-16,-0.040238475942051134,-0.037883708554147334,-0.03576961885517339,-0.04348667817932841,-0.038703503389894825
2017-11-17,-0.02227413166227305,-0.011882284085307613,-0.011876284581632058,-0.02604494496574701,-0.020566357456871135
2017-11-20,-0.020776806338808317,-0.033061951156227495,-0.023691679833092984,-0.024654096997169816,-0.03851467173002454
2017-11-21,-0.014436530414275504,-0.01687676877688523,-0.013500375930436197,-0.0385155527774216,-0.04068462954232574
2017-11-22,-0.03066165744758028,-0.02286254225344574,-0.03798543326251122,-0.0437879792536528,-0.031018413747852122
2017-11-23,-0.006803269302919556,-0.013888224712389213,0.003916876212550035,-0.002483061994044217,-0.007901493342441503
2017-11-24,-0.011039716919521764,-0.002339374370084963,-0.004118274438759722,-0.007482410337127967,-0.016109672433719628
2017-11-27,-0.013540867365952189,-0.013432355139330315,-0.0051665737998527785,0.0016492606771312983,-0.005197558781195821
2017-11-28,-0.017368818249759648,-0.01237950273381298,-0.01572023875462078,-0.0036500877702735296,-0.027782842674021924
2017-11-29,-0.02067498611776442,-0.019948043060404392,-0.023942647584634685,-0.024709739195780806,-0.02827525806782877
2017-11-30,-0.010352095011527156,-0.01196744136252698,-0.01171331365822356,-0.013729959794842426,-0.015340347701248962
2017-12-01,-0.014373502644052471,-0.013957717320465617,-0.002784809563193157,-0.012847593454052822,-0.018233485645202493
2017-12-04,-0.0036813878162370124,0.011555108501184639,0.008112341324413502,0.009402782858674553,0.009667984743907237
2017-12-05,0.03715376153201727,0.04649901315907327,0.04510962015296667,0.03467224941851343,0.024829185236519932
2017-12-06,0.018072235408164775,0.04468264109904747,0.04164465551172569,0.03712017242856406,0.03239440238952317
2017-12-07,0.02750570283263391,0.04495231429500576,0.05051646380480985,0.04438379533173015,0.0292996694955605
2017-12-08,0.023332882861033653,0.04557527568052678,0.041387117859592044,0.04012759003255255,0.019846485541917078
2017-12-11,0.021507457748976937,0.03026335708071747,0.02627794314192133,0.01590471637931016,0.015094705005912949
2017-12-12,0.019679301355653427,0.03935633812195762,0.04153785393778024,0.019549337484360576,0.010788587281315326
2017-12-13,0.023720782361024016,0.02761963751027072,0.022139831417048835,0.019998647533139395,0.016248186401489832
2017-12-14,0.02297434385502269,0.023963790262110086,0.030011305319802277,0.01651810835564185,-0.004874497783889495
2017-12-15,0.011051946121048,0.010776554150265585,0.0019373112232492534,0.003542708953567355,-0.01761564733576171
2017-12-18,0.01752159911458864,0.01860423490578915,0.0212368478166139,0.016825569565490674,-0.006551854110229027
2017-12-19,0.008699150191785259,0.00825738032853209,0.013155360238783607,-0.0029233326444480204,-0.002684276853789355
2017-12-20,0.00464779702604851,0.021121410175288544,0.031598892372068595,0.020037656111361796,0.005395288756369802
2017-12-21,0.020546079728307326,0.006254306674852078,0.0017952957384377553,0.02419459575992064,0.005525031543862453
2017-12-22,0.025887056115284832,0.03860311579443006,0.027319569559485554,0.012911986035266899,0.010424947494840232
2017-12-25,0.042884481128243584,0.030022319609738037,0.03247550038255859,0.036102353285878026,0.044285565590699696
2017-12-26,0.03561347526369451,0.04753434325680541,0.031226012598074067,0.05206946323017688,0.020777112111970142
2017-12-27,0.0298083784653547,0.0422799024206072,0.05737846313291281,0.04469750975353433,0.03289366136520324
2017-12-28,0.027370715399921274,0.03856826919924217,0.04612625973975022,0.0452256524150726,0.030116733703599737
2017-12-29,0.013186968333974484,0.0289014796987878,0.011488515418922072,0.026594417965295103,0.005200511610492335
2018-01-02,-0.013559173749325778,-0.017308653168313922,-0.0017935557247660305,0.012594173654839337,0.02786725397194376
2018-01-03,-0.043320582681815274,-0.03159328889916445,-0.02300206826276899,-0.017489361242419257,-0.013342926936090887
2018-01-04,-0.08046467616681274,-0.06321192361788742,-0.05742656233693806,-0.0404749984729002,-0.06449602175006555
2018-01-05,-0.08263530725097527,-0.06591422032546698,-0.061424146929798765,-0.04717637955631871,-0.045621139291411865
2018-01-08,-0.09308900549470484,-0.08686317129926828,-0.075768688879646,-0.0540053393798784,-0.018652377049214228
2018-01-09,-0.12750793778829458,-0.12197503987427498,-0.10590284818258544,-0.09060484554598214,-0.1017349205178471
2018-01-10,-0.11025969275825873,-0.09876763928100031,-0.11545639256115191,-0.09467560265513368,-0.11104078030398333
2018-01-11,-0.11268027108971629,-0.10374710469911894,-0.09496749545849029,-0.09028815040304133,-0.10891231709235004
2018-01-12,-0.12919849172294817,-0.13983056701740665,-0.1323284804275555,-0.12434435361232908,-0.1356650865430869
2018-01-15,-0.09140741490441472,-0.09119836435259007,-0.08089434402811531,-0.0873954460491823,-0.10796507810670508
2018-01-16,-0.10149553933700879,-0.09097202533944371,-0.08707620312830963,-0.09177080572708683,-0.09656704448325552
2018-01-17,-0.09723587448625172,-0.08535252637370723,-0.08176585199944807,-0.08970649777031335,-0.09412368619690815
2018-01-18,-0.07815759936746933,-0.06987325268123319,-0.06784854269307017,-0.07613111560679096,-0.07783475299401854
2018-01-19,-0.05973429344656128,-0.06361003610668789,-0.0744434083838015,-0.0735261070561874,-0.07871821713207437
2018-01-22,-0.06332215796805273,-0.06013384027309969,-0.051627249489797605,-0.06843060924888891,-0.055911341703073394
2018-01-23,-0.0491887601034407,-0.06590122530971614,-0.05917107295982178,-0.0728479369896236,-0.07418209298752748
2018-01-24,-0.05106862876477825,-0.07283933531746942,-0.06857012189550654,-0.06663387992950515,-0.0894359265491969
2018-01-25,-0.038045905061291845,-0.05640333636195572,-0.06664018145477237,-0.07150872536397125,-0.056228383698794335
2018-01-26,-0.05486582365841962,-0.06552057274447669,-0.06604381011816714,-0.05554493628037209,-0.06924145712600882
2018-01-29,-0.05534554785581744,-0.03602096780986857,-0.04389027334941375,-0.046178017854404174,-0.0539270662901817
2018-01-30,-0.02859116954084013,-0.025988974124083113,-0.036755535320889716,-0.03521193743600289,-0.03571690080466108
2018-01-31,-0.010418647879384818,-0.016353702545680054,-0.024530466286599398,-0.02767022056439279,-0.027176407148193606
2018-02-01,0.035661426814905806,0.020207044397815496,0.016489979297188217,0.014421233673998004,0.014812084761594981
2018-02-02,0.03272097998414943,0.03867699051201563,0.03236855550033809,0.030893233589348618,0.030181897547296842
2018-02-05,0.059889174703983854,0.06442168623247108,0.05626009342344644,0.047110683219583414,0.021717236524288502
2018-02-06,0.10177839647454172,0.1189902605407717,0.1029883511283216,0.08138163380198807,0.0847532094047794
2018-02-07,0.07442393601657322,0.10295663735469314,0.10414049067793717,0.08240156083807161,0.0759313833146588
2018-02-08,0.052619367264586554,0.07465434217469905,0.08840175112492149,0.08432525809573183,0.07700857557293138
2018-02-09,0.10868470471946691,0.13011040806680657,0.10835110089408331,0.11175616237254582,0.09855840752555721
2018-02-12,0.05811086056853778,0.08241431449055044,0.085391349171285,0.0993677457652348,0.10295983128729408
2018-02-13,0.05339718966503817,0.0721389438638888,0.08300134077344307,0.10701101615776296,0.09902283785179636
2018-02-14,0.058107203335008774,0.06839085388396629,0.07312682236501829,0.08715174143643882,0.0732914855123717
2018-02-22,0.037897495429678664,0.041169791481089096,0.04903109835648324,0.06000846170825075,0.048471994176931696
2018-02-23,-0.0037740274160544675,-0.007497224742297147,-0.008944936020125558,-0.008064076853209255,-0.00675475973604471
2018-02-26,-0.03428483832498389,-0.022663160555480844,-0.018278874192212847,0.0016430375102800504,-7.229089915010387e-05
2018-02-27,-0.020513261331535727,0.0021032011535758346,0.006417417606556039,0.011945186191912205,0.037690170313217905
2018-02-28,-0.02915803638369779,-0.017822094293068795,-0.001689191347526297,0.0061648155800527425,0.022115859482171568
2018-03-01,-0.027881520796180254,-0.019808999308098825,-0.0027924726191673644,-0.006990412356607266,0.024421620475406736
2018-03-02,-0.01732964960006012,0.0026897525471815662,0.0021422634272547396,0.025966241327353198,0.04287349091461468
2018-03-05,-0.010930527829247402,-0.0059359689789015456,0.007954458203863724,0.02111566268062267,0.04220914670014234
2018-03-06,-0.02897575396832554,-0.01634294248890327,-0.02404490843183561,-0.0021376819802824826,0.013793507040593877
2018-03-07,-0.02763493400667833,-0.01565923429234461,-0.004379945911464398,0.007654160016886923,-0.0034178901677576344
2018-03-08,-0.03219650367191292,-0.021109827450439485,-0.009671284651753145,-0.004157093842918654,-0.005151113470804455
2018-03-09,-0.030754905667027193,-0.028413716695016696,-0.02226475796153192,-0.014482420928976735,-0.00946829668163304
2018-03-12,-0.033113311087718686,-0.03558595207734162,-0.027090727533588738,-0.02547732477796229,-0.028985548006724735
2018-03-13,-0.029761280683396164,-0.02880556144955006,-0.02958173595803614,-0.02288438473617656,-0.04092837326506075
2018-03-14,-0.03258617615636255,-0.022888105597861214,-0.016640414614360263,-0.017876507468667074,-0.03460435170080199
2018-03-15,-0.04304475418519626,-0.03319556231629932,-0.002535476737986771,-0.02211739839107789,-0.03451057819417446
2018-03-16,-0.05013976907878594,-0.03126517017294801,-0.0407546801374087,-0.045227585198060256,-0.04258156460394533
2018-03-19,-0.050314640422017935,-0.0239627641918533,-0.03713878035542311,-0.025510041398147904,-0.02136121511362445
2018-03-20,-0.030538495996319862,-0.029437069865350336,-0.018755453058983955,-0.035643401057661936,-0.03165357634201347
2018-03-21,-0.054665467765554684,-0.04547517352311077,-0.03783971510793227,-0.034605354514258474,-0.04708260976051069
2018-03-22,-0.04985431938918917,-0.04479088759708492,-0.04233261140238271,-0.04680803906972626,-0.06397264624406843
2018-03-23,0.049324598207167704,0.03718248463410264,0.02462637027549315,0.019029592880182584,-0.01929717772685159
2018-03-26,0.01219775705756319,0.016083363403063843,0.015636910144511736,0.012066138197253126,-0.00896203915812817
2018-03-27,-0.03052673778024409,-0.03167775343739218,-0.027317683484617026,-0.017449818683642607,-0.042700246299627743
2018-03-28,-0.02214196408671508,-0.02113464509310874,-0.010911980718847043,-0.01012950842548097,-0.021355816852787687
2018-03-29,-0.040920568224066034,-0.029070869181025128,-0.0237912444156426,-0.030570253385707576,-0.018713546681977965
2018-03-30,-0.034487774653014225,-0.038242481119335724,-0.0368821876517497,-0.017963760550950347,-0.031843817424030245
2018-04-02,-0.03990363901579787,-0.035050827868144716,-0.02635003012702149,-0.04136565975656428,-0.04462554290136232
2018-04-03,-0.003800695767732971,-0.008644294378674283,-0.0060038544061064925,-0.017306352108236597,-0.02116897411704558
2018-04-04,-0.016746720272407336,0.005064602289336148,0.004515468521606213,0.007398628511139539,-0.0049861497513626046
2018-04-09,-0.008439834035699288,0.008794854583273932,-0.005336539693539969,0.005414809818580243,-0.013490000749489016
2018-04-10,-0.010170555282022908,-0.0010165277485393225,0.0022445217019110395,-0.013420192300004649,-0.006224350826172521
2018-04-11,-0.02458299970599252,-0.018558386493956275,-0.01692330123962332,-0.012424255937083203,-0.020007596970166474
2018-04-12,-0.020155054709557335,-0.011988315024611602,-0.013933400875218802,-0.014535180275646797,-0.015192753516487351
2018-04-13,-0.015281866097784973,-0.005316423272595764,-0.0016820334576891735,0.002778025877416657,0.0007669023669426398
2018-04-16,-0.02011028422795581,-0.001243473048951602,0.013412444286583131,0.01524290912391787,-0.012985462346253482
2018-04-17,0.017641470598700425,0.012938887434552133,0.01889786552237602,0.020913465364544092,-0.007594800407230905
2018-04-18,0.015108676976192564,0.003965715903878291,0.02133411632088367,0.01224086128606314,-0.011837613177695714
2018-04-19,0.01609384241318703,0.016182379422847778,0.02878130720592927,0.02923686840166592,-0.02412734920480563
2018-04-20,0.04153683216525577,0.044052279733023926,0.04305096887088141,0.03886237197855286,0.019313437775424557
2018-04-23,0.027102478489663802,0.0524663471108361,0.03152003288305668,0.027353430591387753,0.028023969340252662
2018-04-24,0.014643443341641981,-0.0007777748766846731,0.01928412007792125,0.003083121711271074,-0.002904223688476887
2018-04-25,7.424274937892054e-05,-0.0048970956530232325,-0.004963871518830019,-0.011075436819657636,-0.012336614959154729
2018-04-26,0.004621071508412145,0.0020785795436659856,0.006562434055678273,0.00794392172577774,0.014406276084298645
2018-04-27,-0.01896104947881523,0.0009704291338827303,-0.01771382312372024,-0.005098985329689199,0.011110172794274304
2018-05-02,-0.04689231434939495,-0.043970441505677554,-0.032166147267707286,-0.03343063390395527,-0.013162263364934014
2018-05-03,-0.042625028012160456,-0.039670202738315744,-0.023029552037428763,-0.010433621848316596,-0.02407846344810478
2018-05-04,-0.04433304658301749,-0.05079116009209547,-0.030989035920304817,-0.03857930794440518,-0.024346397414302834
2018-05-07,-0.06935301512640876,-0.07118642796702344,-0.04883513039896163,-0.04297725832365563,-0.04747435412673852
2018-05-08,-0.07135408382930618,-0.04756171381177607,-0.05381558598395039,-0.036799210911102796,-0.028252105382646053
2018-05-09,-0.06101593405625934,-0.04633876875242079,-0.04931679477980478,-0.026832593637969564,-0.042610539429751175
2018-05-10,-0.0639017538924925,-0.06567377517712387,-0.05187633182815629,-0.03913288700224064,-0.054631855083173156
2018-05-11,-0.07325450907187081,-0.057768351771467316,-0.05645318878459779,-0.0505638310708425,-0.05900238476551151
2018-05-14,-0.07337350507838927,-0.06130273506961005,-0.04919856973998239,-0.06454712028383276,-0.06604631644210267
2018-05-15,-0.07092047842614264,-0.07661315955593503,-0.054774113947341684,-0.05749383456851588,-0.05256437511295504
2018-05-16,-0.07794581909778685,-0.08123119510428346,-0.07101262645905435,-0.07403204524195639,-0.06874767340109336
2018-05-17,-0.08060577598374688,-0.06516674939223989,-0.07345019608282596,-0.07046056342908584,-0.07252452586867088
2018-05-18,-0.10097354303608068,-0.08631446233760554,-0.086615666437819,-0.09129723760757162,-0.10391826048508475
2018-05-21,-0.15425338624778562,-0.15653370868449865,-0.1420974044664122,-0.1646748859945892,-0.18248708098140867
2018-05-22,-0.13093483205812934,-0.14764234965742676,-0.15800825817882494,-0.16116122851323295,-0.169281123930878
2018-05-23,-0.15254902366737205,-0.16128077845188388,-0.16153464551530128,-0.15529479714656577,-0.16771932007107487
2018-05-24,-0.1445359063459751,-0.1439082994854975,-0.13351469951760653,-0.14498212089650317,-0.1553332985262887
2018-05-25,-0.11456338245795963,-0.15095177336207571,-0.14361951746461343,-0.14742676440036612,-0.15044640715844934
2018-05-28,-0.11931233035427591,-0.1341938797764896,-0.1427970799067766,-0.15061472231155826,-0.11693573399855837
2018-05-29,-0.1362288407025169,-0.14001165679856717,-0.14005184307760396,-0.12305954870541319,-0.1280605288337217
2018-05-30,-0.10466174553282488,-0.11830769304104742,-0.11277971616887505,-0.11861417999151942,-0.12971585307633426
2018-05-31,-0.10169678024126651,-0.11633655413236589,-0.08936970462995973,-0.1024750441606312,-0.11903841587985821
2018-06-01,-0.12608715957392902,-0.10798731918235477,-0.10904027289311959,-0.09394704026144216,-0.12102177048263375
2018-06-04,-0.10868191844756886,-0.09581822365475752,-0.10342681891771006,-0.09904170938191227,-0.09723396866559773
2018-06-05,-0.13889997849012323,-0.1184928798511231,-0.12258212916558048,-0.12619152089813107,-0.1346696448452168
2018-06-06,-0.15266025402382735,-0.15056363082395577,-0.1423774603011217,-0.13945222458615897,-0.16761826834027532
2018-06-07,-0.13496734230520233,-0.13363330510864366,-0.15120892154066698,-0.14264799644560572,-0.15088863763313745
2018-06-08,-0.10234693629176687,-0.11291889502630136,-0.1118256991732581,-0.1007500689865144,-0.12683642367317188
2018-06-11,-0.09729212742647751,-0.1053770819491492,-0.09300591765362114,-0.10383603524396241,-0.09951808958811544
2018-06-12,-0.12309662542330492,-0.13096422367174554,-0.11959793551519227,-0.13333713622218824,-0.12854863889208346
2018-06-13,-0.08285740058394431,-0.0813006987373772,-0.08979457681079395,-0.0829813951918843,-0.11420096449093571
2018-06-14,-0.06938710990981789,-0.08511766213548963,-0.07905726560189476,-0.08061185773611605,-0.10030806409364632
2018-06-15,-0.05097890854207146,-0.05299360720402989,-0.058515662137573046,-0.07074498348527752,-0.09714124347174574
2018-06-19,0.010837583661485583,0.022536280074656023,0.007981478548527234,-0.010270213985614264,-0.03724361220833354
2018-06-20,-0.018683704301466,-0.012255129004905493,-0.012636948708594513,-0.01377081718741239,-0.02282371174427082
2018-06-21,-0.007934410888205738,0.009784167655891551,-0.002544669927353653,0.0010112678150162562,-0.004900893333495506
2018-06-22,-0.007986710196567428,-0.005261575911900142,-0.003161624987340496,0.0170962155130087,-0.0055147460749203755
2018-06-25,0.015148684587168098,0.019376041056466876,0.02480327460074046,0.015150952063680102,0.008097830136725269
2018-06-26,0.0136258077686101,0.019772912414479808,0.02878880060426457,0.036399594931683356,0.03944031421275932
2018-06-27,0.032138552295829764,0.04289643301797002,0.038792477601656015,0.04811482165006176,0.0335477218167848
2018-06-28,0.036920759269580265,0.0435193406891517,0.04910874930626441,0.06111957880694646,0.03941363914026066
2018-06-29,0.006241373180006782,0.014746505571659381,0.016005934083026238,0.014235400241348006,0.010733490845499172
2018-07-02,0.01072357862896508,0.025213929508948497,0.025214982099616853,0.01681004010424214,0.011758244715126537
2018-07-03,0.019660704374609518,0.014470341867098563,0.009248133621536534,0.0016051392186026696,-0.006309085621648506
2018-07-04,0.007596048686636466,0.016299632053671496,0.01154381981896981,0.004283482707678032,-0.010473989190142148
2018-07-05,0.0060256714281889,0.008450516991865716,0.0199465792845075,0.01245904041294654,-0.003491313450513639
2018-07-06,0.004890565343858533,-0.00023475253645616572,-0.015350835793016231,-0.010138465379881263,-0.013608848775495978
2018-07-09,-0.03523924001478698,-0.03941763494246035,-0.04550918571974527,-0.06317848036214017,-0.06429202304590531
2018-07-10,-0.011866599608915028,-0.024003923073637468,-0.020160759598096857,-0.037080450702409215,-0.045314626415922925
2018-07-11,-0.010055729954713152,-0.0029162472935959994,-0.010094566004711515,-0.019857969487999554,-0.05045759818745908
2018-07-12,-0.008431246155724707,-0.0024776126186940367,-0.021963869493023928,-0.03120424832959329,-0.051690929208119574
2018-07-13,0.0015360359023224293,0.00011898956520675409,-0.015214468235940944,-0.03735558403361078,-0.06132206295383778
2018-07-16,-0.002533042128510367,-0.010243371920095695,-0.018239287419470143,-0.036160871845004175,-0.03463960039907392
2018-07-17,-0.009142811355895005,-0.006273492889141875,-0.029945969784425312,-0.026960757258958988,-0.04146364547787669
2018-07-18,-0.02095813664437057,-0.029715564122673937,-0.035410296651165386,-0.048075244986394906,-0.06024306769328253
2018-07-19,-0.024129072265962063,-0.0384883994147438,-0.04228724723311752,-0.03386497543335565,-0.05454188508812958
2018-07-20,-0.07087390908104399,-0.07767389002923203,-0.06397214692171678,-0.05944350387159133,-0.06777834523188106
2018-07-23,-0.08135589375191375,-0.07950318298273795,-0.06118846151134872,-0.06949781746109204,-0.06995964209980524
2018-07-24,-0.09801449522864349,-0.09182217226987746,-0.07451524404746507,-0.06554511624213534,-0.058911535711553074
2018-07-25,-0.09655266266181108,-0.09119636921113561,-0.08727020209012835,-0.08558154034896281,-0.07934887489054233
2018-07-26,-0.08843933190713793,-0.08520942857340202,-0.07209394547366209,-0.07659461450033836,-0.07746778121768359
2018-07-27,-0.08456754865727369,-0.07421275645057793,-0.0786304811978163,-0.07908705365756545,-0.07146287900396887
2018-07-30,-0.045841216946170694,-0.04946900181569989,-0.04144498470121838,-0.04880689976294358,-0.04461127883041158
2018-07-31,-0.047053020896938344,-0.04887626327574194,-0.04306344697533517,-0.04253491392926967,-0.04344628886941466
2018-08-01,-0.03606394433282215,-0.03444659947395975,-0.033898953407900084,-0.03219326216215679,-0.029341789443655834
2018-08-02,-0.024673549593182062,-0.023626605068389196,-0.02163085773524119,-0.013247613125877203,-0.03338342946256075
2018-08-03,-0.02280539784262161,-0.0017138021033759631,-0.018145691046382164,-0.02578175811159911,-0.03629000525654106
2018-08-06,0.0030143354584693245,0.007136313124895154,0.01247477335669732,-0.008735670311645738,-0.011117382751579821
2018-08-07,-0.00896500715476535,-0.012876629543795724,-0.013416976543876708,-0.013713274682706899,-0.03205912033564974
2018-08-08,-0.004880840580474691,-0.008303394302091892,-0.013408368815183102,-0.015616610901719764,-0.03754041853545154
2018-08-09,-0.048533759201685484,-0.039919694172435925,-0.04168909049494925,-0.039237069538999726,-0.04556078453829915
2018-08-10,-0.0435180650421541,-0.04111477576727579,-0.04333547489583491,-0.05420706470786501,-0.04693280115958768
2018-08-13,-0.06214985682673317,-0.06808002610311831,-0.06966983830213933,-0.05541848249330569,-0.07376954910032807
2018-08-14,-0.054848848442111665,-0.06500884652560161,-0.06101743109140096,-0.07208360627522459,-0.06375084378844523
2018-08-15,-0.036624082441976874,-0.04890781644019632,-0.05223348568650834,-0.041972332506146647,-0.03969373071224293
2018-08-16,-0.025190557544809613,-0.022261892654940968,-0.030430670256354878,-0.032752502967429126,-0.02685382440514496
2018-08-17,-0.013122769779280721,-0.01605888972498827,-0.007727285198619617,-0.019230009915636087,-0.02912438424696356
2018-08-20,-0.03808387659927416,-0.03398774396742918,-0.037241853228619434,-0.04086654624089253,-0.03682019178671285
2018-08-21,-0.029044209084542333,-0.0261134336962372,-0.03697061386455239,-0.03502722705040858,-0.04016102292138524
2018-08-22,-0.003815835436817475,-0.008550573264953442,-0.021458538723586582,-0.009700334507342466,-0.0190447923268231
2018-08-23,-0.0037414269347402587,-0.0181888430376615,-0.014517552684865292,-0.026981450025560915,-0.025520081616314427
2018-08-24,0.0013203280916404,0.0045330407433389905,-0.004192420502308377,-0.002322115380819742,0.0010498303159029523
2018-08-27,-0.01840365653157998,-0.020586276618222023,-0.03265085273155365,-0.029186452206599784,-0.024730605446312184
2018-08-28,-0.01488103972730176,-0.02705299929488874,-0.02544569952438561,-0.021148519811213785,-0.01860253247784862
2018-08-29,-0.017120932767557946,-0.03446495360731167,-0.021998427807675882,-0.02960971819553318,-0.032989333756579586
2018-08-30,0.006743698710713734,-0.0030788416946225003,-0.00890764864277762,-0.010102703840137282,-0.004458630334680795
2018-08-31,-0.025158520753620215,-0.03588385465063601,-0.027118393286085042,-0.023759563940883417,-0.020211912575172283
2018-09-03,-0.017241457794115112,-0.029517685532463405,-0.026664324818896395,-0.028895351936825298,-0.03482018614123978
2018-09-04,-0.018199281866268235,-0.03865683059270326,-0.04251941300664436,-0.03919020309974659,-0.05324073416909113
2018-09-05,-0.07531728768378229,-0.08313149247575446,-0.10194750471032366,-0.08952252558145994,-0.10946759053384142
2018-09-06,-0.07603178938781575,-0.08801062253074354,-0.08708803466640268,-0.09727385156241268,-0.10417875912563106
2018-09-07,-0.09721533173167728,-0.10000886662402501,-0.10732611306120288,-0.11480321924031556,-0.12353544085519388
2018-09-10,-0.08448677228470343,-0.11385598879368103,-0.11311597459161768,-0.1238796690829555,-0.12077122081431327
2018-09-11,-0.10067903699141932,-0.1143875782203413,-0.10658491547494826,-0.1036661568414081,-0.09355564428769544
2018-09-12,-0.1188025453500207,-0.13032233137274096,-0.13478937466180865,-0.1158335427703364,-0.14430938889476336
2018-09-13,-0.11340969613938219,-0.11343768658824387,-0.11099989828603869,-0.12215701598557642,-0.11303851496476482
2018-09-14,-0.06280978806775138,-0.06385761713966902,-0.06065566152550116,-0.057381581585732665,-0.07353369783632246
2018-09-17,-0.0622805683801116,-0.05445726584317972,-0.06378562166756295,-0.07399575133592834,-0.07293436122594303
2018-09-18,-0.08591345138583685,-0.0772784438164563,-0.08139736425484931,-0.08157673058411109,-0.08039877370164131
2018-09-19,-0.0966984803118652,-0.09807873262456801,-0.09600616072060797,-0.08451453351184858,-0.09505107463296857
2018-09-20,-0.0890251256550347,-0.09192986344772933,-0.08612721951710632,-0.08442536001195061,-0.10613038097042647
2018-09-21,-0.12024751777962328,-0.1284785275028083,-0.12005412818308428,-0.12014570561775317,-0.11241908117649678
2018-09-25,-0.10645199186553753,-0.12202214179346166,-0.10634652927594322,-0.09900913834982127,-0.09857010965025688
2018-09-26,-0.10320581664800317,-0.10248158492475902,-0.09491257540795442,-0.08784242353718773,-0.1036655172627516
2018-09-27,-0.07600800165639576,-0.07980590955658425,-0.07544076072122065,-0.08075425471644603,-0.10155140219181072
2018-09-28,-0.06296285955032671,-0.06549846744789209,-0.06939427985685692,-0.06315748760225333,-0.059119501079912824
2018-10-08,-0.03479732121061197,-0.026502411332061725,-0.022256307149914327,-0.025491754503113768,-0.03583043288942258
2018-10-09,-0.023686316281515532,-0.0251351420531716,-0.017401115390596977,-0.031153299997199953,-0.04275874306735293
2018-10-10,-0.02966163103353468,-0.022223893554384398,-0.023433651278044008,-0.031658351892757966,-0.05219958798894027
2018-10-11,0.038640414573069354,0.03267989044346329,0.038634986111689064,0.0355962942647637,0.04121556796784132
2018-10-12,0.03754330209160291,0.03179019269047959,0.030529993332252616,0.041634247342049964,0.05601383327672923
2018-10-15,0.08881016313377477,0.08502744300715467,0.08644077547115848,0.08735321939982067,0.07933852583504197
2018-10-16,0.12754703675569964,0.12266714535474582,0.12592809718694112,0.13609477931902092,0.1363271501212793
2018-10-17,0.11551483786848554,0.11250015474936098,0.11865344580466625,0.11984960834402926,0.11474484542233368
2018-10-18,0.1583535863991962,0.166978511999481,0.16076953479635323,0.1729121578829448,0.1845871940284065
2018-10-19,0.16395463820784217,0.15445878106088332,0.14328535204386628,0.14939048404887192,0.15423719401755942
2018-10-22,0.10168598692488691,0.10380607548508568,0.09276363109077713,0.09641914890318676,0.11904086774782371
2018-10-23,0.08326513005278356,0.0859062109038497,0.09404012097436588,0.07884980973754345,0.11174827345705703
2018-10-24,0.0937381349472485,0.09694247047179888,0.09713808641025384,0.09928710402250089,0.09746343674341577
2018-10-25,0.09319073657890373,0.11050506079269486,0.10091700515068355,0.09236639959570409,0.1009720418817451
2018-10-26,0.054447292893345094,0.06658588929322751,0.04844702277853791,0.04933685649123332,0.048072858948232725
2018-10-29,0.07955927304544635,0.06605324230170383,0.056889670142026096,0.07470693089073513,0.06362432181206916
2018-10-30,0.06082506683484589,0.06529064788687043,0.05697432620139039,0.06826356249552258,0.05423782701680018
2018-10-31,0.05131033569798101,0.056820038333944334,0.07018444241970548,0.06398029466588269,0.05419129002573164
2018-11-01,0.020362320646837677,0.026622734398527925,0.03701715499138595,0.03911375655896532,0.029033535193780265
2018-11-02,0.015967835988197347,0.00850784963576289,0.007970638172946876,-0.0011319630686070059,0.004856452400123099
2018-11-05,0.020930489528476773,0.03054021980269316,0.03346595610756071,0.03721340184428746,0.04428793713875017
2018-11-06,0.029897006735114737,0.03356040554461191,0.04003880520456185,0.04817558033388856,0.043198310963215886
2018-11-07,0.03251929196107827,0.030519429755978426,0.041280583662411933,0.04459667200523838,0.036949810989476334
2018-11-08,0.01120517414306134,0.01808794259152078,0.023335401801199595,0.032149844065602444,0.020495214768759238
2018-11-09,0.02149557955470942,0.027570798985220055,0.025023250617172012,0.03027505360973425,0.026765502057120607
2018-11-12,-0.010135972704081843,-0.020313163422333913,-0.017180698876521468,-0.0005949374231078399,-0.008756409748353284
2018-11-13,-0.020330524112508252,-0.023022598773637132,-0.01943925259790758,-0.02119385260340747,-0.023427052423600464
2018-11-14,-0.0093673222650062,-0.008706015095397574,-0.0221323691391664,-0.020976789896983997,-0.03058071861598953
2018-11-15,0.003736040557549466,-0.021788951210083087,-0.024673458639820754,-0.025900335438003273,-0.046120110531129486
2018-11-16,-0.03238176579296995,-0.04539488662081917,-0.052983702121536864,-0.06018290017027446,-0.08943319043155556
2018-11-19,-0.04956522752906164,-0.05623657629288782,-0.0600116360902649,-0.07078142999408739,-0.07779197178774605
2018-11-20,-0.037044327531091846,-0.043036555231057864,-0.03909981096843731,-0.03841620649835986,-0.059611159082340784
2018-11-21,-0.04135771614602564,-0.05523390582843022,-0.056141531567898445,-0.06261371668521717,-0.08976533540309929
2018-11-22,-0.03533883189810668,-0.04933628253445365,-0.060886347865348536,-0.0634351477500422,-0.08496830997909814
2018-11-23,-0.02505503566357262,-0.02522595244759043,-0.02759069490501186,-0.01630009749385659,-0.049973995497223596
2018-11-26,-0.010231078940637102,-0.01925168723036077,-0.013193354522438298,-0.014531238076482347,-0.0351011402038704
2018-11-27,-0.026978028699961028,-0.032652724354286004,-0.03087124287001522,-0.031263102841276764,-0.05338891053045945
2018-11-28,-0.043796271510208706,-0.04395623015633747,-0.04800251326872854,-0.0653346560420752,-0.05328543834690411
2018-11-29,-0.04778024394306745,-0.04248782361868392,-0.04309412366420034,-0.043708283137573745,-0.03605941131076586
2018-11-30,-0.04706994102439669,-0.052307367453728874,-0.0496828588109343,-0.04701972294669441,-0.039590168715164076
2018-12-03,-0.08314614580581299,-0.08305160393157408,-0.08236331549803329,-0.08965337789807613,-0.07572945914334621
2018-12-04,-0.08554617399366105,-0.09287936715438827,-0.09115290307932936,-0.09476780737654801,-0.09515488824190692
2018-12-05,-0.049975499760210144,-0.05520565941987138,-0.06307677166231436,-0.06674751091032656,-0.0796104748343745
2018-12-06,-0.01858596601705805,-0.016850617038209767,-0.029309454257253256,-0.02866345346870682,-0.04447247313016017
2018-12-07,-0.0183904451172881,-0.028435304885663894,-0.03133395342279132,-0.027756013412524032,-0.04307488841049891
2018-12-10,0.0013999686677895777,-0.020165996287424597,-0.015787503681142626,-0.016501539370000796,-0.022993705686881978
2018-12-11,-0.0173303966807756,-0.020687671265124767,-0.027926741443118675,-0.026409228576205174,-0.032287185685922155
2018-12-12,-0.008725753852940112,-0.019179613096954935,-0.02137317540831619,-0.02343104797320046,-0.017882489117169956
2018-12-13,-0.024700124011614057,-0.03397934481300295,-0.036710052787717044,-0.03696335211016136,-0.03359385584031406
2018-12-14,0.014035065565001023,0.003774816240992773,9.879161205671379e-05,-0.0013755574498075676,-0.0013823529090411552
2018-12-17,0.02023113294392312,0.009114341791304551,0.005336613980347264,-0.005905485128115587,-0.010523500057416344
2018-12-18,0.011451903929918909,0.002656248671076296,0.000684126941291179,0.002586861503554899,0.0020206727009578155
2018-12-19,0.03515513166403395,0.02533301309626103,0.03167094663477557,0.010626873097068645,0.030965869480561542
2018-12-20,0.032865638644501136,0.02432098116233747,0.02930305524540311,0.03140568060927119,0.0309340832218258
2018-12-21,0.02964291773296997,0.02574270149720316,0.021478904761065648,0.02406745164277284,0.025549780026566462
2018-12-24,0.023442478631494994,0.020532210391432156,0.012658028836939733,0.025212748143968563,0.011440598865327448
2018-12-25,0.038395548641639715,0.04279713842464504,0.04205218068226493,0.03160677020209975,0.025709027666029397
2018-12-26,0.041258520045884865,0.04071185935952037,0.04026758454625568,0.032726649844411024,0.023490777441751303
2018-12-27,0.054648274800063665,0.04484300439996531,0.04387941349658188,0.044621759618723264,0.028930863280941306
2018-12-28,0.031914716105604965,0.024514361457069877,0.02674165793271923,0.031089134052046514,0.020283048153831782
2019-01-02,0.018573969072819167,0.023055905719972323,0.026984963490728167,0.03079672357750249,0.017613258634509348
2019-01-03,0.00787956309695593,0.0204448015202258,0.018972806639736058,0.022421248557836157,0.01645965626912615
2019-01-04,0.022667148108673714,0.018955719091096095,0.023409856448852604,0.0199553651420825,0.0017064577569459395
2019-01-07,0.035969201480741585,0.037267172444465584,0.02667576816676282,0.018218443033617505,0.010089000534813704
2019-01-08,0.06523518515443809,0.039392891966665594,0.04542117090753797,0.03142394057810864,0.014597623131079346
2019-01-09,0.05719233717181502,0.054335145039264246,0.058977993679357466,0.0530928449512381,0.04573881811128703
2019-01-10,0.07344461170333774,0.05457893885083624,0.07019907183492083,0.06066522212772094,0.04724071596009874
2019-01-11,0.05782568225793186,0.046153445874206715,0.052644779456571006,0.05253094527761138,0.03160168362506845
2019-01-14,0.09888792565802927,0.0936531378585249,0.08662121085314056,0.09418161891494302,0.07778835091378423
2019-01-15,0.0733923969818581,0.07163453816979726,0.09717196440082172,0.07515216698924168,0.080535032349177
2019-01-16,0.08014898696722998,0.07629606964507389,0.08976653440892746,0.09686111911414269,0.07473010654588451
2019-01-17,0.09862781474798377,0.09741513975719426,0.0924171243547189,0.08136684601405003,0.074418144541229
2019-01-18,0.11283165218481488,0.11971108054822827,0.10508988936734945,0.0970815879101295,0.08590717597464992
2019-01-21,0.1618948041355638,0.17176734510897593,0.1697940176514979,0.13844157075110924,0.15121902043430344
2019-01-22,0.1793653486434671,0.17408096538723133,0.1871767019469822,0.16456738072067156,0.16428193916030642
2019-01-23,0.21017389620414384,0.17359123492174766,0.17062073483529724,0.15184295239642334,0.14490421928722344
2019-01-24,0.16982796090629157,0.16571262183398047,0.16542938380222727,0.1655450545730736,0.15926197310749649
2019-01-25,0.19074486300710172,0.1910375170857321,0.1717638380722241,0.17473500415932974,0.1784437402266355
2019-01-28,0.2387056528066746,0.21424750873070042,0.19835913890075108,0.19051747336599043,0.2071334794496535
2019-01-29,0.29530053311058335,0.23608161308577436,0.268448185509477,0.24203818781768352,0.24510828686509953
2019-01-30,0.3655532563082442,0.3139826875293498,0.2900467472157051,0.2601937842960586,0.25735386452878434
2019-01-31,0.3698251816109625,0.34669435490223693,0.28778706929847825,0.31832136447671155,0.3287728133479798
2019-02-01,0.3128320196872691,0.249646831900438,0.23171333536868985,0.2063261466812066,0.20162491082083087
2019-02-11,0.32588047951119986,0.26317987169565016,0.22784327433683105,0.21804039105304532,0.23332620751808097
2019-02-12,0.3277185861908733,0.24898889388098325,0.2345292669965543,0.24755913915820424,0.2435364906747744
2019-02-13,0.25327795309218026,0.1911279905551192,0.1887153667932295,0.19503508302155104,0.22845467507548278
2019-02-14,0.17714878806924625,0.16624818815747883,0.17807646834223265,0.16717937561892873,0.18918162496518007
2019-02-15,0.1998472669153287,0.1775358135152542,0.1958486787480664,0.20166174495022168,0.21065521938775073
2019-02-18,0.18888043160010382,0.17785627514748628,0.19360901937318975,0.18600896896338115,0.18928153980658263
2019-02-19,0.17455679697896168,0.17247414709648023,0.19552068580217724,0.20880424423322705,0.1851145777093772
2019-02-20,0.16138253022433535,0.18443949225952042,0.1834517425546787,0.18990982755498745,0.20265728859442553
2019-02-21,0.18418866593929653,0.20080590233275916,0.19174387628027328,0.20350795462922563,0.22576409257782865
2019-02-22,0.1814736275724735,0.15188802423814715,0.17778961071429272,0.18263496644430638,0.19456302681053061
2019-02-25,0.11791296617496064,0.11901878865482651,0.10585202586503513,0.08825712775254765,0.08673100977200766
2019-02-26,0.0900047383965587,0.07877069345535534,0.07909266438776202,0.06618845659042681,0.05402794733525594
2019-02-27,0.10639129188342138,0.0874587804700579,0.08822191804448595,0.08306479922817786,0.054057046910371075
2019-02-28,0.06775087139150607,0.05997659258031808,0.06608409759593137,0.0730511848978745,0.06533121812566298
2019-03-01,0.1018599607607693,0.09194885243134485,0.09362911652952915,0.0821669874952152,0.07839730766456901
2019-03-04,0.106401841645703,0.12716138139315136,0.1224843202924397,0.09576915657199468,0.09123799325942313
2019-03-05,0.09290594629285176,0.06768639959774513,0.0844862573762221,0.10147964972807068,0.09144916799090522
2019-03-06,0.09490048525172712,0.08230370315585797,0.0781181333602558,0.06867802418305784,0.07241277045334982
2019-03-07,0.09744398003057503,0.09339716127313602,0.07141788672069989,0.06695772494829896,0.040266711100981976
2019-03-08,0.15113028576017487,0.1299858316965616,0.11938523378930548,0.11881365672764513,0.07703138990295604
2019-03-11,0.09900667964647665,0.09099245707331421,0.11081745807859425,0.05836233731057539,0.040545025413965714
2019-03-12,0.0961985898306872,0.07679519736207606,0.08121959232074673,0.050010343036235444,0.007909041786848255
2019-03-13,0.08226245427486853,0.06981583884299519,0.06948595020543898,0.05228840947653547,0.0317151641178291
2019-03-14,0.08560320675215499,0.08813029695992197,0.08448798105924755,0.07744326066611058,0.08597448467765126
2019-03-15,0.05859667866459296,0.04158777861139765,0.053887995309930006,0.07323886316518587,0.07147265435215298
2019-03-18,0.049165707290510716,0.047048836175979575,0.050353483279737966,0.06272751651771924,0.05978702000650088
2019-03-19,0.053378659719665114,0.06154125788908102,0.05831621478907712,0.05053720928794627,0.06537167720506334
2019-03-20,0.05257762409309786,0.04562968327945831,0.05334894737620296,0.0625162418695434,0.04691766747489252
2019-03-21,0.04505126089314876,0.05763169972568425,0.07456861801941138,0.03856353131004225,0.025970432960941044
2019-03-22,0.027462315564516313,0.04204905909197084,0.023544932892177545,0.020079456021827924,0.02620964059396119
2019-03-25,0.037862363203714715,0.03000091270579365,0.026895919914488076,0.013393009406588378,0.0166913538047009
2019-03-26,0.08335459360490986,0.05107995509388718,0.05647839920409661,0.05712181415889933,0.05825429161314231
2019-03-27,0.030849897582964796,0.01839187348930627,0.02702149414722898,0.0031991877952072434,-0.005782142727997623
2019-03-28,0.03159932755482804,0.016925449559171545,0.020546474890724215,0.008133877303583873,0.006993626368738267
2019-03-29,-0.05598258716288298,-0.052301367284867964,-0.037156516028202864,-0.029564177273767065,-0.031061715583854236
2019-04-01,-0.07926644799917386,-0.07366984896988195,-0.06579087381636671,-0.049873700239086695,-0.06857431019682761
2019-04-02,-0.12828424992976148,-0.12793625535466197,-0.13610703930908233,-0.14696981779330343,-0.15295365714612777
2019-04-03,-0.14574243803658804,-0.13071958752434779,-0.12303517659363085,-0.13416095197432298,-0.15377088745835854
2019-04-04,-0.14936402886057268,-0.14844540859442995,-0.14123974237956943,-0.13834292612878138,-0.15796872539993004
2019-04-08,-0.15266066009949975,-0.14893934424314234,-0.14554537624739444,-0.14213450986207854,-0.18076027720590992
2019-04-09,-0.12240193036711557,-0.11238874811798495,-0.11816695843646065,-0.129075687550776,-0.1575670832240503
2019-04-10,-0.14528403144215218,-0.12808838558128507,-0.13297746584488243,-0.13726749767747082,-0.14305900045167974
2019-04-11,-0.13113630156900902,-0.13059408388606147,-0.12243015383804387,-0.12316742764961398,-0.12841167294552297
2019-04-12,-0.12185003456095138,-0.1079062046926023,-0.09379298600312468,-0.10488910082462448,-0.1111585625115892
2019-04-15,-0.10569086193026399,-0.0877817248949248,-0.09355875334745486,-0.0880728362641877,-0.094013300597014
2019-04-16,-0.1437065692503909,-0.1379634222213341,-0.1415423785295579,-0.13295775718996727,-0.15310605687488119
2019-04-17,-0.14147262189177856,-0.15287584779320604,-0.13021498246238195,-0.15059586281524395,-0.18304574706892418
2019-04-18,-0.1196017154968707,-0.10841869442029799,-0.13370954911747499,-0.13600544084828306,-0.16196613831991244
2019-04-19,-0.12421502189745341,-0.13852904594237012,-0.12665340429060531,-0.14813533573149695,-0.17838942315778325
2019-04-22,-0.13576877670919046,-0.14013485717526447,-0.1527573175294686,-0.14744268099119473,-0.16818245732955403
2019-04-23,-0.1452053876135015,-0.12322427122703757,-0.13821037985197598,-0.14419647356832807,-0.1643554500912831
2019-04-24,-0.1289868350564544,-0.12158305060419126,-0.1135716944965847,-0.128622576356926,-0.16076659617044975
2019-04-25,-0.08085402268553299,-0.09347713547511871,-0.08965639963324462,-0.09089000283771569,-0.13225646193795576
2019-04-26,-0.08874966473084966,-0.07524601822925461,-0.08891103009509008,-0.0773936414523456,-0.10235181020879502
2019-04-29,-0.08029406910448313,-0.05696016538499758,-0.05812209792171396,-0.06639085418157788,-0.07204518787763678
2019-04-30,-0.08686656230228355,-0.06878400967832021,-0.07423899686563827,-0.07676413386519944,-0.07631260262118315
2019-05-06,-0.04631897063084509,0.0027678595149849047,-0.0013271447891733217,-0.013693347420890237,-0.021227250078950727
2019-05-07,-0.04594923324487869,-0.02238483876348123,-0.03669322917304233,-0.03882126835607747,-0.06315876966385876
2019-05-08,-0.03341304223387816,-0.033143378604168584,-0.023474585583137555,-0.03684718394287486,-0.058494085764931245
2019-05-09,-0.061365256966099485,-0.03396551434766665,-0.037417137576710245,-0.05356675656607991,-0.04393796849851328
2019-05-10,-0.07085946837777189,-0.06363408149280612,-0.05274717845913893,-0.07093343078563956,-0.07957483537966169
2019-05-13,-0.022241073486696277,-0.012655441631299698,-0.020771780537516254,-0.02959756276025769,-0.038402154599447715
2019-05-14,-0.025187802849473966,-0.016058744899742055,-0.021719461026468614,-0.02154092946829965,-0.031191532321002746
2019-05-15,-0.03806904257822883,-0.019359638190526805,-0.040000459604882896,-0.03539713849434433,-0.061716520979020355
2019-05-16,-0.058829929868020624,-0.05628569887418407,-0.06521973937658873,-0.06844207109023495,-0.06977648769196503
2019-05-17,-0.02896486979034643,-0.030162989210320502,-0.02470616070335554,-0.02987882907174854,-0.04204624129396619
2019-05-20,-0.03537717217512039,-0.020477058944587713,-0.02242476093664063,-0.025779000200462192,-0.03412998243673552
2019-05-21,-0.034177678700718334,-0.022547948001702244,-0.02589295493898764,-0.033441982623631586,-0.0484733444514753
2019-05-22,-0.0065923333972853675,0.008432893046620584,0.0033269724408737864,-0.016128653710593483,-0.03546575706259891
2019-05-23,0.020589609033780258,0.03729790234662658,0.03313808668117546,0.027313089377807073,0.010899125246460625
2019-05-24,0.025519203158693986,0.04391506925818217,0.04664849507080933,0.03440500541823097,0.017120533218734715
2019-05-27,0.006965058464403546,0.016328332026473606,0.002008174584778842,-0.0023576588408564148,-0.023866309941204193
2019-05-28,0.007316763224803394,0.005974581706487481,0.011694708688531818,-0.002959855724296501,-0.02955052027077857
2019-05-29,0.0024840117754875,0.01570755902692096,0.02198175613617922,0.008084551996050814,-0.014928535100896803
2019-05-30,0.010466152995021068,0.015212499460575476,0.009595172322425712,0.0007197750345529357,-0.0292857996444348
2019-05-31,0.03384769342266976,0.04094776745015199,0.04516570418147278,0.032208738215671884,0.0034644813392591604
2019-06-03,0.043840882244549816,0.05545041892770781,0.04569974377053094,0.04317162850334951,0.030612612311131635
2019-06-04,0.04557885633045043,0.05179121830011812,0.05015136830343135,0.05266522815430206,0.04416702364661277
2019-06-05,0.04601919498782443,0.0525910225607857,0.052471740620123386,0.04776938291625077,0.03021256256695214
2019-06-06,0.08037734156279709,0.07775245927420955,0.06554704971619424,0.07638455269550874,0.05510764125467701
2019-06-10,0.032166854398887425,0.026534092630330863,0.023826219427061066,0.040974647956108994,0.005510951853465822
2019-06-11,0.008374586403076917,-0.008125623839943271,-0.009589742082145188,-0.002779679327723683,-0.018799119367629655
2019-06-12,0.013507492427420149,0.007389228591922335,-0.006233262061277891,-0.011334029614334861,-0.04085028706071364
2019-06-13,0.020311519780855776,-0.010735197975837293,-0.01281632014825763,-0.00882395992276393,-0.043827096260359535
2019-06-14,0.03418472462380544,0.021928423579921717,0.008137688039841462,0.010437727500922802,-0.018245561528068187
2019-06-17,0.02895696059848236,0.034694876173933985,0.01691650987343579,0.03275396978914778,0.0009807062975485568
2019-06-18,0.03870766885889977,0.03356615814302994,0.025826968775406054,0.0251708688152937,0.005736518412815028
2019-06-19,0.01019158715355756,0.01165108795685138,0.019217194338165534,0.013401393144107212,0.0068128946610341535
2019-06-20,-0.00817241405010946,-0.021153256629358637,-0.016717129144111345,-0.024383263107109865,-0.0368230226391783
2019-06-21,-0.018295359531119906,-0.018122373281203655,-0.03065796561037175,-0.0294133420566059,-0.045502435192299226
2019-06-24,-0.044342626912866626,-0.049729825542851616,-0.041197008188266576,-0.04752149736858727,-0.06574244216899795
2019-06-25,-0.03463969649183139,-0.02026267623638567,-0.021945898891783815,-0.029396322085017326,-0.05451920415304425
2019-06-26,-0.0270549518129882,-0.017972471167088708,-0.015564739820325448,-0.017584161762598027,-0.033257527664744616
2019-06-27,-0.03671558997869246,-0.024421633831016358,-0.024475472960858925,-0.016866714079974355,-0.03092131616962867
2019-06-28,-0.004912727105721731,-0.014588806814961632,-0.009829777546748944,-0.013886075849299968,-0.024544901613481176
2019-07-01,-0.05479424952666789,-0.044491674117203665,-0.03461497339300696,-0.036897107616612856,-0.034750948239299695
2019-07-02,-0.04265616598724459,-0.03231192950434193,-0.038474984790440356,-0.03462281464192669,-0.03858720075167729
2019-07-03,-0.03846690025890605,-0.02565727887570142,-0.03319354179876437,-0.02824016993966566,-0.04586252475780291
2019-07-04,-0.043517161075529213,-0.03433586312794795,-0.024503121234825495,-0.03423072805824938,-0.04501773728693303
2019-07-05,-0.06612288130316303,-0.04531983110152235,-0.04846350847292806,-0.050195885299636464,-0.05423131154732089
2019-07-08,-0.0374525567761642,-0.027151851038721104,-0.029801810743952224,-0.03481388542016284,-0.04145436760020642
2019-07-09,-0.061893623502881905,-0.06367097358279972,-0.05629337649836948,-0.05978594361546867,-0.055408021756789945
2019-07-10,-0.058216429085455663,-0.05475879559917922,-0.051412936480650935,-0.05159016895261658,-0.05243588386570554
2019-07-11,-0.052439056256578756,-0.059186804996292544,-0.04349653702077436,-0.0320532198880305,-0.04734170468376158
2019-07-12,-0.058197116865064714,-0.06833496592582765,-0.06039821368282412,-0.05323356848182574,-0.06635065581456348
2019-07-15,-0.061813996641047676,-0.050760166989088626,-0.061866418255836386,-0.04677589144058347,-0.05486166504111736
2019-07-16,-0.06919216618197589,-0.06529638507440896,-0.06356106606647376,-0.05041662163045535,-0.05650128455478273
2019-07-17,-0.05421155900459755,-0.060334391253453835,-0.060681407576699854,-0.05418793164118577,-0.04646967753817104
2019-07-18,-0.04720165874241289,-0.03716208716862646,-0.032136230237552126,-0.026644255274365883,-0.03792645756486383
2019-07-19,-0.028365796379771737,-0.04375374719289695,-0.034439628736757405,-0.03176191470979121,-0.05194492612046482
2019-07-22,0.03748715327542936,0.01378989247795654,0.016284881372280378,-0.004838103559664488,-0.0015141434669922167
2019-07-23,0.0030182720330790462,-0.0020273410231091645,0.0016155193392041656,0.012194725044452067,0.0007988641313391957
2019-07-24,-0.007851492013205003,-0.010609587152047654,-0.01687791664595578,-0.009724788402220802,0.011419050004972897
2019-07-25,-0.0057219420193353075,-0.015962046619388316,-0.02121608971810624,-0.01381213479711243,0.01974023304541248
2019-07-26,-0.019301058930998198,-0.012686651871749492,-0.007581742116399653,-0.00456369904335038,-0.0033480720282302984
2019-07-29,-0.02027870051130896,-0.020525275261843407,-0.015270661062718878,-0.019992927239487774,0.002215469307245425
2019-07-30,-0.006856252002850207,-0.009139229692706906,-0.0064171257765099484,0.012236067698906249,-0.0008646817160254353
2019-07-31,-0.0014784756845914562,0.007096864856892704,-0.000914482341059822,0.0003806926894423528,0.003126528896431658
2019-08-01,0.005187355169978371,0.01501682977242976,0.002859769318180751,0.0038289771159112453,0.011681961424687462
2019-08-02,0.02455580303503405,0.008609097117431968,0.009759033440668035,0.013372954786295166,0.005561200767083034
2019-08-05,0.06552312824640849,0.05265179556285795,0.044979165336372105,0.04131887002557592,0.0434205409921484
2019-08-06,0.10196952191897136,0.09835156202314083,0.07909717930632401,0.06636166917303465,0.061636331941759055
2019-08-07,0.09811238912839716,0.09971266885024756,0.11629406577010176,0.09023158610649994,0.06835545457496177
2019-08-08,0.10191155281708376,0.10105403380921094,0.09589219529784822,0.10565552914423436,0.07807177175930247
2019-08-09,0.10394860893813192,0.114576225507723,0.11012541521279842,0.12673091157103522,0.10994267740049325
2019-08-12,0.10279267255758588,0.11172784444546256,0.11432069329148656,0.12757521553889822,0.11565702889722779
2019-08-13,0.11783666823784054,0.1328819874403564,0.11832113533311424,0.13126060676357015,0.10320484666388331
2019-08-14,0.09023926084982986,0.11395224121285945,0.11197297932163638,0.11899504097280686,0.10389963718345722
2019-08-15,0.09459812994876489,0.10261334580586237,0.118061902791725,0.12059208890569206,0.1104481841853609
2019-08-16,0.09940714521781817,0.09796432760613649,0.11673653568376212,0.1072334504813593,0.11208714419225106
2019-08-19,0.041321706404107476,0.046282058809157485,0.04723998031014294,0.05752653992567547,0.058544910428372995
2019-08-20,0.04497344238313796,0.05028565068034689,0.05568408398250863,0.04513611886495625,0.05470957567347268
2019-08-21,0.04886353676169701,0.05682180887492149,0.06019528513430435,0.06693290718749381,0.06359017589038105
2019-08-22,0.042021358876659726,0.050479419777476046,0.07090226779173384,0.06546639534631699,0.06102743009171812
2019-08-23,0.041073672625061564,0.0561704131672799,0.05348159752603848,0.05578959399812211,0.039063925064624895
2019-08-26,0.07404255741358298,0.06941118662622024,0.04942637588743391,0.053606641063956885,0.04839039845460568
2019-08-27,0.030530614963378184,0.027697419207098256,0.027815873153097047,0.023505037922408017,0.007142267163365894
2019-08-28,0.020742139515624442,0.0060099214226072,0.005816917807810218,-0.007229687671835332,-0.009213723129475744
2019-08-29,0.02837479443267903,0.0071780911056382925,0.004052549561214069,0.014618944807469001,-0.0008143355880235076
2019-08-30,0.008023194890955444,0.01091921653902198,0.012026155833951332,0.020517769766609135,0.0020426218389490076
2019-09-02,-0.0033474447449207538,-0.00639806878864506,-0.007608823482536855,-0.011603876899488554,-0.02665448756984431
2019-09-03,-0.00022593971438006965,-0.007100577415654117,-0.0014974291584082583,-0.009840331975536243,-0.02566595657188758
2019-09-04,0.002406516695875257,0.0019486086231945737,-0.010585082830648025,-0.010670685541891668,-0.014871472338800665
2019-09-05,-0.005624936646009873,-0.012896662659796833,-0.009539660386616293,-0.016977439970798102,-0.018344180542597024
2019-09-06,0.005669155204244901,0.004337621178707687,-0.0013357799547055725,-0.009207102465105352,-0.008659914812791707
2019-09-09,-0.021668741790848666,-0.019136345930356142,-0.028307836963048612,-0.0324998582974656,-0.043848489882959536
2019-09-10,-0.013688762894675273,-0.025487011801433968,-0.03771459628983736,-0.04600586001064779,-0.04947370401286996
2019-09-11,-0.01608137989729583,-0.028738344423942307,-0.031100178301580964,-0.03550249283269863,-0.0434125294585778
2019-09-12,-0.05145584931329936,-0.03725097059210548,-0.04737065507647236,-0.047973726040648035,-0.055920210194239726
2019-09-16,-0.04388999526253685,-0.053377648801586935,-0.05066231123988119,-0.05742884779471571,-0.059865183810511036
2019-09-17,0.0013643275993445124,-0.0224509808724642,-0.030113677581033272,-0.029220872202625495,-0.03144544970552062
2019-09-18,-0.03267689256864133,-0.033247593352839784,-0.03254854922855704,-0.029689945452393736,-0.02512245497040513
2019-09-19,-0.04077261565791374,-0.030959485394328412,-0.0365392516573635,-0.03429289774508337,-0.05379595103167167
2019-09-20,-0.03642359078255303,-0.029961331869891406,-0.030222896244274662,-0.03270493605911998,-0.0430716404001612
2019-09-23,-0.012477022881820746,-0.004758376617024373,-0.006619467353018611,-0.009163795364849067,-0.016759416905877702
2019-09-24,-0.024647029319075447,-0.011756925607748667,-0.021960581007286203,-0.027677626471546223,-0.033346735183514956
2019-09-25,-0.016385640797640776,-0.00844790390628874,-0.02107167271007047,-0.013501301247513973,-0.03173138931009737
2019-09-26,-0.009112113601810828,-0.012820099191854877,0.0038949462420810516,-0.003846013827667031,0.0038949128698196286
2019-09-27,-0.012218751906602102,-0.002837027995357297,-0.00018922738050978458,0.00017321350459051656,0.011661007724366587
2019-09-30,-0.005222308727568017,0.013375680594832734,0.016971422830494465,0.02581887916387876,0.019827222915786567
2019-10-08,-0.0012627554094266026,0.013603864435220148,0.02760869871922329,0.027548502515514415,0.02642415155500954
2019-10-09,-0.016120325994653704,-0.0004295542556885465,0.005867345556855873,0.021001861848125147,0.00830970286337303
2019-10-10,-0.0221097222136227,-0.014077200919814034,0.009562149673742805,0.004257751675344156,0.0057980361798991515
2019-10-11,-0.015695912193177092,-0.01084398168350424,-0.011757276101529426,-0.0065709772492612275,0.0015564849707609242
2019-10-14,-0.06029733488293531,-0.04825599040988907,-0.04285453861796239,-0.03637619533408264,-0.04130590379264924
2019-10-15,-0.05173532469095603,-0.030728976515711624,-0.029937753784251817,-0.03094923143569979,-0.027307970438234394
2019-10-16,-0.04227738410387059,-0.03237758225736352,-0.033961861332243395,-0.02377183794284042,-0.028016504402325615
2019-10-17,-0.034972029506353856,-0.020306811606361688,-0.0298029475684695,-0.01826392132678322,-0.020345758865226233
2019-10-18,-0.018596478091342683,-0.023875098387554132,-0.022112262702218412,-0.026249590908850762,-0.021578333744525145
2019-10-21,-0.007621273118092905,-0.017033435525240993,-0.012738049687364238,-0.013438937566028729,-0.011597166825956141
2019-10-22,-0.006029398839375986,-0.010609925997993696,-0.006853110111123769,-0.001518524297536635,-0.006115988239510803
2019-10-23,0.0015387578842151913,-0.011209938637960425,-0.012844866273498377,0.006026701905100527,-0.005665602466822282
2019-10-24,0.005671985781543645,-0.009308740712071661,-0.008713973671551129,-0.004559507670491751,-0.004380173084081567
2019-10-25,-0.004491782471137427,-0.01826142718543499,-0.02709802816028899,-0.019614428443299716,-0.02122874077539517
2019-10-28,-0.028256886906007472,-0.020432751295398247,-0.022958908857206296,-0.03204905470148648,-0.05294152963042456
2019-10-29,-0.014479583012107047,-0.0038261876254187185,-0.02720000647391501,-0.01171669204695882,-0.04412675790048276
2019-10-30,-0.004035203107368316,0.002166473789766822,-0.013191358655547486,-0.014669339823949416,-0.021676304836202816
2019-10-31,-0.005437531725749322,-0.008114041134610138,-0.010474896093418395,-0.00782650661429419,-0.005251891211276943
2019-11-01,-0.01480998255655276,-0.014857319951052949,-0.016209449377353358,-0.013882202854775488,-0.022443352455040977
2019-11-04,-0.019334105130758058,-0.020263071421838807,-0.02632152732093784,-0.0148759060188188,-0.020175179320571723
2019-11-05,-0.02729274505344842,-0.019300661163382093,-0.02645346397156661,-0.015701695704080015,-0.013681011647944805
2019-11-06,-0.018618382527199565,-0.02130413845838282,-0.015649456893527848,-0.007951954209946719,0.00043659268950850815
2019-11-07,-0.01429662927121716,-0.011731941822371647,-0.013101858326093787,-0.004889570971929563,0.0013485811518378406
2019-11-08,-0.002705066831738851,-0.00392608427805969,0.0009605896595059499,-0.003762453611790251,0.010765715315542069
2019-11-11,0.015601701680044823,0.031608104215484614,0.027542940977419078,0.02537203990886836,0.03519958029457485
2019-11-12,0.009570237679531295,0.02765669629972524,0.03642384785298264,0.036080171859195306,0.0346311191401423
2019-11-13,0.020102998503301092,0.026370827904128327,0.03426209099620805,0.03300380880231496,0.03329313134869871
2019-11-14,0.008159377217853665,0.022895394911351657,0.02154438400447484,0.02284814041182718,0.0340005396407388
2019-11-15,0.03982204742069033,0.04201398536265339,0.04075517525467811,0.04228028502419429,0.06259934586361662
2019-11-18,0.0465695204733972,0.045535823530957635,0.05029287171958128,0.05653476243882529,0.07020687815548152
2019-11-19,0.03247340824560232,0.049362513176795415,0.05056669301984382,0.05983180512119737,0.061367217845967555
2019-11-20,0.04317515218519627,0.058442479691213585,0.05739590418969725,0.06740680578597763,0.060278163622966244
2019-11-21,0.05504722095494771,0.06402817670845883,0.06368852671409045,0.05384524561712393,0.07617656273951846
2019-11-22,0.05598202278364209,0.061682917157881226,0.06761398209421182,0.06537087726708715,0.05664178037327567
2019-11-25,0.03630714535250537,0.04857921811123704,0.05754631487840987,0.04285020949900273,0.013967407362412148
2019-11-26,0.06960517227181698,0.060816830414212694,0.06390336410761682,0.0470353237064437,0.041582049706549364
2019-11-27,0.05958987961946148,0.05839673526351933,0.05665877758009824,0.06375695187351609,0.06173371512577173
2019-11-28,0.08304941115554522,0.07507625906914857,0.0681739044775577,0.06649330824939893,0.07086439961196436
2019-11-29,0.0694404478716706,0.06493522190454308,0.06897701321979621,0.06528016804913139,0.06468193686092784
2019-12-02,0.07510971359460278,0.07246858393561526,0.06863845928203748,0.08169686718633373,0.08174787140742698
2019-12-03,0.07281980553686258,0.08450408531920525,0.07605081656862689,0.06925996873764784,0.08298798693404784
2019-12-04,0.09472126756580368,0.09590994155461997,0.08977777144469945,0.09083981775431872,0.10732005095172045
2019-12-05,0.07829531869930469,0.07924366141646667,0.08611715239670303,0.09653292474063777,0.11265107704718315
2019-12-06,0.08098182714343603,0.08614719855113658,0.09310450080684751,0.09704938005733474,0.10363453123519806
2019-12-09,0.09939817322395755,0.10486332139310862,0.09788635627333608,0.09933227965555796,0.11372769528538676
2019-12-10,0.075202473771639,0.08088375008239287,0.08070525837516422,0.08910167163732079,0.1014833983194117
2019-12-11,0.09288608696844168,0.10045106818720013,0.09898532481070033,0.10673147187914984,0.11213391286752022
2019-12-12,0.10332758211701293,0.10746676957864329,0.09948684818050242,0.09810347586930249,0.09287580301429701
2019-12-13,0.0981275680296327,0.11002012917976774,0.10796731671886581,0.0911843351646388,0.08327506164051321
2019-12-16,0.09328549867815383,0.08073162454994873,0.07208678048403608,0.07790648069810721,0.08222817837719795
2019-12-17,0.07245677234088355,0.07094906006564645,0.060231679909144284,0.05378412922010227,0.05124967417291872
2019-12-18,0.06389926403057165,0.0532572720546603,0.07201215653870686,0.04961882300819508,0.051073126723416656
2019-12-19,0.06078435485741595,0.05590213570732256,0.04892986482758283,0.053115308652681985,0.0354131751014836
2019-12-20,0.09906252230082295,0.0698445579236437,0.0648175972449531,0.06291533999887847,0.0578548646249588
2019-12-23,0.09782057973511975,0.09097648074836931,0.06317034499749759,0.07945492177091591,0.06283305930250688
2019-12-24,0.06705959399970168,0.0674231713170335,0.06807006598100046,0.059606164098002755,0.0712689993379958
2019-12-25,0.015390303877022336,0.017746103152183806,0.030589397696455405,0.037292546474673,0.04144066150988197
2019-12-26,-0.06422319180503866,-0.058853376735115114,-0.06601303869860022,-0.053649093785628474,-0.08242152460788615
2019-12-27,-0.03314866584936358,-0.04552562164127017,-0.042109326200984315,-0.07438106844475674,-0.06656415852075005
2019-12-30,0.001541794208668551,-0.02033585504102356,-0.03233780485990675,-0.06386707709273368,-0.07870615029376543
2019-12-31,-0.010713021938294681,-0.022578750918471304,-0.03402898479351943,-0.044012523179005836,0.015495741271213285
2020-01-02,-0.007454325127449691,-0.020250609315078764,-0.03587736394113664,-0.044383276812785505,-0.038892285038732155
2020-01-03,-0.02339280163593948,-0.010289449365952724,-0.026581440516029817,-0.024133892614308566,-0.02798118344715549
2020-01-06,-0.01780000217167429,-0.03807316774751051,-0.027447804002949442,-0.047704362417755296,-0.03534118848720625
2020-01-07,-0.028361629068407713,-0.025912873606000492,-0.022559964276890953,-0.027624298753586837,-0.046616768903186716
2020-01-08,0.011368296003948541,-0.0355607985184995,-0.024630710938668917,-0.03224534870894418,-0.044844424579277724
2020-01-09,-0.055931362008393604,-0.04328044798534931,-0.03688722774034368,-0.025900599233898727,-0.02208769110539206
2020-01-10,-0.026823530740269823,-0.015966654024289827,0.00606016305739972,0.011748069169527487,0.002978608645636283
2020-01-13,-0.04587736695382779,-0.012684442959456253,-0.0036333399315275306,0.024732664144425397,0.014647508776476944
2020-01-14,-0.03868313643681302,-0.0241614231716852,0.0030460903471496927,0.007064963959721378,-0.0019267419885845025
2020-01-15,-0.010443492764434844,0.009477779971631135,0.016319989422266305,0.02249794026313756,0.01931390471856799
2020-01-16,-0.007371887957184737,0.019886822888630216,0.02183641741140038,0.0321062880772582,0.058185184027884376
2020-01-17,-0.012476924342493416,0.01588786119501999,0.0417229251360951,0.05939730458279308,0.08250420051600878
2020-01-20,-0.027413644422926802,-0.011574127474551695,0.018955686394565827,0.05583418581061598,0.09920525956080253
2020-01-21,0.009526319453988047,0.02550269377089493,0.013293012064109353,0.015340502667656864,0.03937557624202359
2020-01-22,-0.010758206078010073,0.0008883580355290656,0.019942995704625936,0.014972501763291922,0.06467133343610355
2020-01-23,-0.02272504038359402,0.0017931429000819432,0.011044509892628682,-0.0072203173988083045,0.024547241636482846
2020-02-03,0.159034464234335,0.13612716807962053,0.13665435576763021,0.1523193520022124,0.0990147483018343
2020-02-04,0.15756127126151487,0.1515364985374404,0.14772855374349614,0.1343750939072267,0.12006083307908773
2020-02-05,0.15867561709331754,0.15250529051341227,0.1320323396333458,0.12213897336239771,0.056347507483287436
2020-02-06,0.15077221475783553,0.14054657409608,0.13081985139906124,0.11997163683602645,0.03521381143105236
2020-02-07,0.13394009001885168,0.11931162688481911,0.10954230688673658,0.10179783350530622,0.03588421528488451
2020-02-10,0.06964770320782607,0.05444789775695088,0.043929476499664624,0.03988690794705102,0.029491116430360904
2020-02-11,0.09030232522716983,0.07897445136955297,0.06640292905943351,0.06750996797658022,0.053857953763749196
2020-02-12,0.042488021216807184,0.05332682322058008,0.0523887269556954,0.04898587326718178,0.02617089172942279
2020-02-13,0.03467480921652997,0.040889827447162436,0.053699980374800116,0.023621668420280614,0.015265668575889938
2020-02-14,0.016606403320729494,0.03479508590561099,0.02654607658460009,0.010174454198067218,0.011586742993876879
2020-02-17,-0.06535950186423557,-0.044853934082211035,-0.051105307716224575,-0.04709880833128632,-0.04310382684035716
2020-02-18,-0.07341669787536799,-0.06294522217264162,-0.049479741648354995,-0.05375994047198697,-0.07771248320919676
2020-02-19,-0.05309811792140218,-0.06573855415644979,-0.07928316853119702,-0.0804485265721355,-0.09119275673194993
2020-02-20,-0.08819797306591567,-0.07717412157117258,-0.08920354097846454,-0.09382817999692011,-0.09922073935239094
2020-02-21,-0.08407368650433888,-0.09126458933674036,-0.07392091618654308,-0.08217114494672356,-0.10056700705022903
2020-02-24,-0.10225882333323122,-0.13378425314390285,-0.11546781180667456,-0.13559697447262048,-0.14934887312983422
2020-02-25,-0.09761561417086567,-0.10308651036134167,-0.10118521320622711,-0.11000538283660322,-0.13230400467437411
2020-02-26,-0.07146407460788544,-0.08320609686627915,-0.08394790310287087,-0.07642296738665486,-0.06619510621884404
2020-02-27,-0.08063160334478314,-0.09157618692246275,-0.08465337053834471,-0.09408057690250136,-0.07802417273478238
2020-02-28,-0.04932218983706079,-0.04338321202610603,-0.04057048736502876,-0.03817263561521752,-0.03253357201488981
2020-03-02,-0.08887820600287084,-0.09189178722031167,-0.10269786480846507,-0.08686248770984539,-0.08889602623040403
2020-03-03,-0.11259172007312891,-0.11229581768624743,-0.08515263100761851,-0.09040980153110435,-0.09036187327660476
2020-03-04,-0.12978200253711847,-0.10621619370921034,-0.10742257041145441,-0.10413053485435499,-0.10264738435447823
2020-03-05,-0.1331324557976826,-0.12050831614517943,-0.09819467646791633,-0.10080100889485565,-0.09664895948496188
2020-03-06,-0.1368339627828907,-0.10147688862770649,-0.09602805273354982,-0.10358732204635232,-0.10781206248673442
2020-03-09,-0.05472183530645389,-0.055144770583157816,-0.044462561883047085,-0.04499311488413112,-0.05715067724110572
2020-03-10,-0.0731534143074276,-0.06585351948967516,-0.07157060306966548,-0.06054269468630494,-0.07041489001623116
2020-03-11,-0.04679020712655003,-0.04814860779618508,-0.050441210644661096,-0.05467286600934937,-0.05822103142628892
2020-03-12,-0.06725168938867146,-0.04685188331550691,-0.04125724267689367,-0.03690946158970651,-0.05903592205695044
2020-03-13,-0.06468261872995835,-0.03460547840183175,-0.04622279156428534,-0.03177942748480991,-0.0546908548813207
2020-03-16,0.001957531137380303,0.012406227939671534,0.021445843856814837,0.01653728760594488,0.006533867579832094
2020-03-17,-0.009757722636179788,0.0102479591220238,0.008840008324751613,0.017632733016664515,0.023707016956961764
2020-03-18,0.02728128779843661,0.03412563901411237,0.03706324483806943,0.030500166089000687,0.03233804079206599
2020-03-19,0.015603951058777876,0.027922697058777042,0.03148531085440534,0.04726408168831631,0.040646565298840795
2020-03-20,0.005904309843551383,0.022267290497615905,0.034789238698944555,0.03778656808026445,0.0356262566059472
2020-03-23,0.04086976757672049,0.049262548914134355,0.059897762115413866,0.06405306690334345,0.08791592514676443
2020-03-24,0.027057765548323863,0.036094899144451145,0.05039185565750117,0.06330044936745977,0.06533756376170903
2020-03-25,0.009481725909869518,0.006912256546487405,0.012926422321936184,0.035244550736557384,0.03506665465226612
2020-03-26,-0.0008076133070149956,0.012397500996324268,0.013603798006706943,0.021101227440239546,0.02140549333325979
2020-03-27,-0.0043705490621061376,-0.0016621283772737642,0.01748229113418849,0.025920026021288907,0.02118331815577883
2020-03-30,0.006033910558616712,0.009389415246737979,0.015645272193928632,0.03767503046377932,0.02876593230447829
2020-03-31,0.010493770977249538,0.013165198828256773,0.03163764821159418,0.032737542184801335,-0.0032106786794934366
2020-04-01,0.040987388478642396,0.044531457528787725,0.044392014376896494,0.04820284607670319,0.030893945594696895
2020-04-02,0.02450472126317402,0.03505948482651913,0.03637176485544113,0.046703103400554995,0.03891434729945826
2020-04-03,0.030483772560349384,0.05074874940459357,0.03788045119788586,0.04635082807318242,0.034244941479000694
2020-04-07,0.03936761769492134,0.01762296078564129,0.0317762853216679,0.018933968767318843,-0.007308658658533811
2020-04-08,0.03497894900835574,0.024965511251527742,0.01885137132868843,0.014306631375638907,-0.006004829996229611
2020-04-09,0.02294937121959547,0.029475877921251285,0.008107617729921034,0.007771914391468725,-0.021329740107434995
2020-04-10,0.042417907106846155,0.043723204904184604,0.03911847372278238,0.025649426355824612,0.013578376206523371
2020-04-13,0.03654477200022473,0.033501733951612864,0.04136649070435999,0.027479331885495683,0.022599618716045173
2020-04-14,0.005996294719440108,0.020945003779014995,0.013852449649318468,0.011490407973902184,0.01899555092235609
2020-04-15,0.01619321793181549,0.010153673166585187,0.02895539527589762,0.03325808734661502,-0.0040080378552957785
2020-04-16,0.020803705254731904,0.03538819185975074,0.021769369817155566,0.035665790714951594,-0.006196445975933667
2020-04-17,0.010671839564405743,0.011164307886031977,-0.008230997835720281,0.02238672477475411,0.01973446290754192
2020-04-20,-0.009212361207025668,-0.00526877731386237,-0.006171459233932887,-0.002728620866783209,-0.010366135480809668
2020-04-21,-0.00606328811965429,-0.01115020880852473,-0.007776289643007869,-0.01642547795300493,-0.03830937857474006
2020-04-22,-0.024093767462332546,-0.017864969553954297,-0.034877348601001106,-0.016668059624159393,-0.03656018543899211
2020-04-23,-0.0021849580351052944,-0.0018199702305720683,0.005181423103735634,0.0008287319852081204,-0.03009293802461081
2020-04-24,0.015532038977717738,0.006583453985837312,0.014185075772396473,-0.009635633065865904,4.546995905452435e-05
2020-04-27,0.010084831688314748,0.013770446074064165,0.00933698870638456,0.0005695805449680824,-0.0004424059002515363
2020-04-28,0.02385011180093667,0.027412412791249056,0.03154797998785154,0.02016925637294786,0.017404127234050333
2020-04-29,0.06058623936407299,0.0417658521245215,0.05814177256583602,0.04985405315054608,0.048751681643562965
2020-04-30,0.02939124996928403,0.04102665973989408,0.029923231919691127,0.02677965638031024,0.04039210981042553
2020-05-06,0.014632766929572431,0.022324602877418127,0.019429431333398993,0.010576436340082207,0.026150532713383787
2020-05-07,0.02922183252333747,0.032299496762708865,0.02388081905637312,0.0024539097885811277,0.0287231592899506
2020-05-08,0.019145676109709298,0.006683659574108801,0.015232788315190458,0.01340103553675219,0.01695150989333681
2020-05-11,0.014994448476276517,0.020475120483216532,-0.0034477445160429787,0.021455488734699504,0.02001635176213162
2020-05-12,0.02477744882331722,0.018215677027884077,0.013771516608291316,0.00803207824028274,0.03642350482203744
2020-05-13,0.0052252641752371124,0.0003023089639914,0.0066941771192341555,0.021782382996605912,0.034266083901835276
2020-05-14,0.015267393301945853,0.014811778215589766,0.014202914005285219,0.0078050764618290665,0.03515240694167124
2020-05-15,0.0021541081466990245,0.01922786011283997,0.01076302911580443,0.03565984773884193,0.013492946156137268
2020-05-18,0.02357647846489379,0.018732396676250263,0.015246106532879156,0.020047329190221445,0.001054110419395816
2020-05-19,0.020659276542927867,0.024125363592819384,0.02352085076694567,0.025128792670819546,0.025318465842592577
2020-05-20,0.03891562883750761,0.026978369138985513,0.04021061864965805,0.03397575842882822,0.04328811227423609
2020-05-21,0.038387815272879044,0.04366089238585131,0.046546499411154255,0.038469497789614664,0.07097941381652344
2020-05-22,0.07189766872358716,0.0667754984592435,0.0747396423303735,0.06707736149906054,0.08430688858723459
2020-05-25,0.06445099428613196,0.08904987235413044,0.07209747700556457,0.06749193686227356,0.08207648247785636
2020-05-26,0.03842258181524181,0.060907216929357556,0.061751044772183364,0.05783429173766044,0.06982259951627044
2020-05-27,0.06598054406840534,0.06863393439401913,0.0677277737347257,0.05048132855271742,0.04849192006602484
2020-05-28,0.061089980488103345,0.055146673921472454,0.05562442572905311,0.05509178852415634,0.048784628821874676
2020-05-29,0.06429839654739108,0.06649350152574278,0.08060795798329498,0.051757681204156185,0.054700835757503445
2020-06-01,0.03532984957791974,0.05116572438825686,0.04327780414186522,0.04627934884860892,0.038695471197146704
2020-06-02,0.05721521226393573,0.06486091751440753,0.054274032565802766,0.05055126432204181,0.06697430303278375
2020-06-03,0.06904481006181205,0.09337377391900935,0.07469837935957864,0.08322134569023408,0.06203096811678132
2020-06-04,0.11803971150485355,0.138416055912636,0.1483434048782305,0.12885188458855562,0.08376089310380716
2020-06-05,0.11721375936538518,0.11750308373012712,0.13839242634712762,0.15939244931106686,0.1177698908006733
2020-06-08,0.13929464801430544,0.17357946434731247,0.17637408809832458,0.1580557542210121,0.136338436326768
2020-06-09,0.16523433015798897,0.18473182110584804,0.18487379556293385,0.19271006876708177,0.16606377998479352
2020-06-10,0.16299561204508786,0.18087474374991208,0.1683231173969544,0.17372559972571194,0.1716373157813067
2020-06-11,0.20106643053860265,0.2086907116370388,0.20363977371840558,0.2342466730275328,0.21192069481767295
2020-06-12,0.1911864464256713,0.2141782655656379,0.21727104495768323,0.20702986934221818,0.1845789759510033
2020-06-15,0.15173196007672451,0.18885201416680802,0.1859963059056942,0.19717095464755963,0.16456933451545508
2020-06-16,0.09595982044045037,0.12133929347868824,0.1192013919090633,0.10665899973218787,0.08329719243130025
2020-06-17,0.10434933811229913,0.10944464885249866,0.10721085238422098,0.11536479681813613,0.07149624830843031
2020-06-18,0.1407809410987144,0.14194940504831782,0.1520247178777199,0.1430692715066036,0.11417423952217509
2020-06-19,0.1289659949810195,0.14750304488962743,0.1212390471983567,0.11983048001043224,0.15432097777007564
2020-06-22,0.12745393426734897,0.12138755078769718,0.15647679393682118,0.1377558916645448,0.16413693666524914
2020-06-23,0.12472732261964266,0.13916329774817618,0.1431274693897478,0.14341981454706768,0.14394210958701678
2020-06-24,0.08819856223164273,0.10757583611838843,0.09516318974565253,0.082126043054956,0.0900680562619636
2020-06-29,0.09943960883332767,0.09722621168293628,0.09286691081264334,0.09594542209704864,0.12470319550638195
2020-06-30,0.09887180916766916,0.0962908980640159,0.11264294579463491,0.08859062752986573,0.08921589640628626
2020-07-01,0.10619007684514117,0.11703714236888725,0.12898446986001152,0.10147654523864008,0.11763155672339867
2020-07-02,0.08592714226856538,0.09459950235151193,0.11089996617620201,0.10483977091211764,0.07144043134832075
2020-07-03,0.09805157526626485,0.1183529943886638,0.0936675958128905,0.06507634431166678,0.06540142772511609
2020-07-06,0.09947527239993145,0.07862792499167645,0.09470166466209051,0.06471544756994156,0.016414654925258964
2020-07-07,0.07608537076407122,0.0683237924137359,0.05551338421505698,0.049202644463284616,0.04659977284308206
2020-07-08,0.08025851020588143,0.056479750922405696,0.037744723474474114,0.021619258966154298,0.03353494160257462
2020-07-09,0.036176337751735864,0.026728008488211337,0.008273739577395493,0.004170951854239344,0.035931467988838096
2020-07-10,0.020803591989937264,0.006172391786092152,0.013107699406846435,0.026872664842748258,0.030092403450307705
2020-07-13,-0.011102663531222245,-0.02743662573749498,0.008880218412527294,0.01435669802496039,-0.006012723130364534
2020-07-14,-0.014726385611021754,-0.02604611309982278,-0.012785337836924787,-0.013030836014224627,-0.005562194623933352
2020-07-15,-0.008939856545307311,-0.00843594797755446,-0.004416602163413183,0.008564836694842714,0.012673237515690881
2020-07-16,0.04388185988850195,0.0495758730871179,0.050586565508595395,0.054742257140614994,0.056901787327342954
2020-07-17,0.05324042561047784,0.04150573440379907,0.06737223926491805,0.07013538447977816,0.06301985645419172
2020-07-20,0.034661015472564734,0.03340745831981891,0.03455566775473784,0.04817028982838,0.06780776340847054
2020-07-21,0.03395357550951934,0.03264939706720406,0.04438417964127868,0.06039709961845283,0.05918124644578082
2020-07-22,0.021479475711985604,0.020086462323421237,0.024263427224991554,0.030790849138586478,0.030334595956798015
2020-07-23,0.01707612467259523,0.015168139241188771,0.02917103610095678,0.003176600489573445,0.008534793659844024
2020-07-24,0.05136096228417841,0.06709145316541419,0.07743259044775676,0.06439952981354266,0.07482286183677567
2020-07-27,0.0514380347599921,0.07648372590218845,0.06817130806923911,0.08156116112333398,0.07511801690952884
2020-07-28,0.04227351644370887,0.06139457231327248,0.05818823872235392,0.06441357843368481,0.04335723012852108
2020-07-29,0.010232025139000372,0.020484925633116803,0.014534388992040693,0.005473869464838704,0.0014006608436613714
2020-07-30,0.0315081902371192,0.02257233071775894,0.03588400980161142,0.015229524664694597,-0.004452708908279484
2020-07-31,0.0250758687080291,0.034397906093714285,0.04234551396174235,0.028531975772052468,-0.006069955223517978
2020-08-03,0.011742029354801882,0.005243612987507794,-0.0024511471842527466,0.000611539622494366,-0.025897416254797502
2020-08-04,0.009857927615498254,0.013638052517929093,0.017945278582689374,0.013456520137063036,-0.01932174732351117
2020-08-05,0.00928285989737679,0.021990445512378373,0.005191432859859675,-0.00674076760197977,-0.03025031075876452
2020-08-06,-0.0007434855992326005,0.008529585268760489,0.0047289997321205484,-0.012265763469918034,-0.03768545654293557
2020-08-07,0.007772276648871203,0.022193336482964763,0.0007904433855169228,0.004584503533263793,-0.03642130127715632
2020-08-10,-0.009610526318985733,-0.018558547403989368,-0.01722937544877019,-0.031514745151859945,-0.0392006639954098
2020-08-11,0.004669977539793217,0.0038935933401247264,0.00792007717073034,-0.005136142918283714,-0.0031486907965512004
2020-08-12,-0.0028666305161447114,-0.013469299831984007,-0.018678786451936703,-0.010779737479157548,-0.019526661368321353
2020-08-13,-0.04836819774410385,-0.04330461973292328,-0.03668124092595048,-0.03283939626785384,-0.028897658869488252
2020-08-14,-0.04718041979913413,-0.04669506925293588,-0.027021092255639447,-0.040648263538471806,-0.017931713657966808
2020-08-17,-0.06012593667106823,-0.045866651796712135,-0.04029875138880671,-0.040488726716235615,-0.04569859911935227
2020-08-18,-0.05025133917728233,-0.06622366677144972,-0.04064669150700805,-0.03381329699755078,-0.04668912148304359
2020-08-19,-0.04795883618980486,-0.043115737036796324,-0.03598321055058055,-0.03023996061791194,-0.03354990479052885
2020-08-20,-0.042915062134147745,-0.026397071908190007,-0.019648549541180206,-0.015511615136515534,-0.021234751405963176
2020-08-21,-0.035788110007429624,-0.023179370555283386,0.002667613277486678,-0.010233935065166656,-0.014554149622059769
2020-08-24,-0.04696073257490296,-0.024515362396776364,-0.026556855843873933,-0.008044967013512403,-0.01695802442205202
2020-08-25,-0.04428649273249833,-0.04257721366035063,-0.031010337605627193,-0.03350255086526845,-0.018620422518054375
2020-08-26,-0.024223042769645913,-0.002125229810353307,-0.012592827348204053,-0.01447921019065662,-0.005203451568305894
2020-08-27,-0.053476681009074205,-0.048543666909632896,-0.03349403890394242,-0.0469676523673412,-0.036994342546619284
2020-08-28,-0.06865210848390191,-0.059385343637367125,-0.060720048920292195,-0.057789099753506455,-0.05563770919956013
2020-08-31,-0.0754157225190269,-0.07245817895935307,-0.06350713956783825,-0.06249767196794329,-0.06253283070598231
2020-09-01,-0.06449214308040788,-0.0710225985835716,-0.06932740991747734,-0.059646323964629495,-0.06752430343216104
2020-09-02,-0.06923063861250188,-0.0767808556183094,-0.06603112805,-0.06621036318868742,-0.07555073471538737
2020-09-03,-0.0344149911649079,-0.0307974996937487,-0.0383628693358318,-0.03999611889819882,-0.050837957777163684
2020-09-04,-0.006980337060575493,-0.006329859142702907,-0.00907670903767904,-0.008434654334651676,-0.011075161561058876
2020-09-07,0.016493970184625402,0.008772760433965809,0.014593740504385699,0.008789243950993569,0.0011453194504261893
2020-09-08,-0.007084333312213466,0.006264947681224983,-0.004237345370178264,0.006710124901244527,-0.021357037455542037
2020-09-09,0.01122217633063051,0.023064443754438252,0.027760221973961708,0.028422371869149476,-0.020625386382064664
2020-09-10,0.04763851949624992,0.04495896930118956,0.04389517779215118,0.021343186403850533,0.005923683876437148
2020-09-11,0.0013215174881454094,0.016998019353841987,0.00911102903370627,0.03168592256962501,0.006741838881866993
2020-09-14,0.00607833642514109,0.008398209752191613,0.016799032338137686,0.01893356518648819,0.017233753271335552
2020-09-15,-0.006971977928760159,0.0026428934080955434,-0.0034797721199097747,0.009325330687383074,-0.00903328932159774
2020-09-16,-0.006632724656379602,0.005813551105511475,-0.001181020431273007,0.0003084098457085077,-0.007388827613730027
2020-09-17,-0.015758641736221785,-0.014185824295306466,-0.0045507194735729525,-0.01806526601942696,-0.023571020933301226
2020-09-18,-0.03532193317070662,-0.021810007861135516,-0.02970916450880468,-0.035510922309072476,-0.04545112357365462
2020-09-21,-0.0251651882020301,-0.027083551906372204,-0.02879448812321728,-0.026777916706239573,-0.03923982034295087
2020-09-22,-0.007786407041222818,-0.00014459253091808662,-0.008751685833017568,-0.009750424700931903,-0.027507133472570746
2020-09-23,-0.02198497706999137,-0.012893811132379725,-0.013780134644764472,-0.014951655386383763,-0.009036744892364399
2020-09-24,-0.005504052479705624,-0.015062948033677238,0.0017305375854265684,-0.020282789644796503,-0.017531738355725336
2020-09-25,-0.0060621452611644006,0.004380095875766009,-0.012914050129703303,-0.0026384441435162733,-0.013180727879141601
2020-09-28,0.0023863146072583266,0.01629969005870654,0.03141611072411973,0.01637201319444537,0.030615250677688072
2020-09-29,-6.822838915815118e-05,0.0020159378750558583,0.014627177043754585,0.023711651165611847,0.017177204346497693
2020-09-30,0.015228045426110564,0.030972822475185527,0.03554677621863426,0.04097404040453395,0.04646174799436964
2020-10-09,-0.021121767550696773,-0.012186012055638127,0.006986125803674874,0.02078904109144458,0.0159800266132173
2020-10-12,-0.024482588437528797,-0.004312545166438818,0.0026946600314692883,-0.005686729445528514,0.007273807679513493
2020-10-13,-0.02184601145397228,-0.015456926274375891,-0.018815024533950037,-0.013545803137280219,0.0024462900655493752
2020-10-14,-0.007928601511222341,-0.023395453363359096,-0.019905427895555865,-0.008767250501811187,-0.018572059323147583
2020-10-15,-0.012648974940921447,-0.007974787923119323,-0.0006360881277998348,-0.009834149173835387,-0.003833412808177116
2020-10-16,-0.023185020388484155,0.0006537170413069796,-0.009488540594532732,0.006403779407733022,-0.007179806294974518
2020-10-19,0.0067294645821070935,0.028806501103962052,0.02549961918595456,0.006651757640922155,0.003062356502139514
2020-10-20,-0.0015762092064557556,0.002143720061048413,-0.012680196815812063,-0.0025159295495949374,0.021548839558100785
2020-10-21,0.00433072060961573,0.022536465816840642,0.02173358088174676,0.0107136769704543,0.005377457659527297
2020-10-22,0.007446781831668321,0.017942608312297426,0.02502298944672364,0.020315061358,0.026562112181811256
2020-10-23,0.03952759041101797,0.03622488404364847,0.03404620342653543,0.04316705011434044,0.052562183095842846
2020-10-26,0.05577480743276106,0.038157101021483356,0.04164675024089313,0.07445952363211791,0.05884046301809505
2020-10-27,0.039745226607475315,0.04787375148894614,0.048079010192813035,0.07000557593186842,0.05818893667441242
2020-10-28,0.027880304232494744,0.024630289639755307,0.030927185304489933,0.030786981414303707,0.05083430480701871
2020-10-29,0.034287988862324134,0.034123820700837415,0.01842704168290058,0.02005785645172481,0.04280540347212636
2020-10-30,0.03875198105195335,0.04562122661982998,0.062121755140546596,0.062162597790567944,0.06403872911573112
2020-11-02,0.04507282432886695,0.04498359262483645,0.04656312176189862,0.045848091404650716,0.06911083435937991
2020-11-03,0.017532311158426732,0.02955613280210812,0.043180602916266776,0.058032835223227414,0.08140106742507192
2020-11-04,0.040293141606539074,0.042067262653282096,0.04606460886367504,0.06609599011246219,0.05639253433687744
2020-11-05,0.027832309463366706,0.03654107962739771,0.03299379124401058,0.025642299780718462,0.01987866451802956
2020-11-06,0.04156430959024236,0.04002956577584683,0.030583388899150847,0.02813591052400666,0.036859445175862815
2020-11-09,0.009261321818404554,0.009103380432775266,0.0069482528272091825,0.01345160706160406,0.010027452194595674
2020-11-10,0.016328001011250946,0.018634937374229783,0.01620252571916313,0.008131349249591628,0.02074604792998343
2020-11-11,-0.002429542490920359,0.014150073665789438,0.008391349022470518,0.005300760090283357,0.017531444791124545
2020-11-12,-0.003107469584503155,0.009218265115781017,-0.0014809086600125552,0.023053202426236194,0.0029920472670515136
2020-11-13,-0.01921491505309662,-0.01119671722239854,-0.0005204969120546856,0.0008567330342576678,0.0019328293811953128
2020-11-16,-0.01586897792413757,-0.004903343851403476,-0.005751117433741284,-0.010684306501312732,-0.023221572565008744
2020-11-17,-0.01349576020715915,0.0018233533595962664,0.002527971157784119,-0.002639337939086532,-0.01903369748016423
2020-11-18,-0.005511913140119088,-0.01618324021225108,-0.0014126944478855131,-0.01204894922380167,-0.02647994218403417
2020-11-19,-0.0007631780139918878,-0.01140799733145873,-0.0015432000903821276,-0.001537687916946607,-0.005102611260301656
2020-11-20,-0.0365458874428853,0.0006033765991606548,-0.012446699988172306,-0.013228744980291965,0.002193362387184871
2020-11-23,0.004338731533279921,-0.012695050624931753,-0.015308760791898758,-0.006161289227999093,-0.005218564701948462
2020-11-24,-0.01841661963444865,-0.033882341540712325,-0.02564821282029208,-0.034048995021929665,-0.027020960735544795
2020-11-25,0.013059122852613509,-0.0210784757775964,-0.007471936760668957,-0.000600056876174043,-0.008662049640974506
2020-11-26,-0.010300200224254876,-0.02708997121199978,-0.016159429159006974,-0.0015227191761355923,-0.01695560039326408
2020-11-27,0.007410800399827563,0.003940089507058347,-0.015526009830602944,-0.013634475487041059,-0.014286149754869715
2020-11-30,0.005360208367233806,-0.004515346446812476,0.014665869066837983,-0.020218481347444126,-0.036311856050528765
2020-12-01,-0.010498126194590469,-0.015103651732271057,-0.02754637654443384,-0.03427153888538251,-0.05993842952156662
2020-12-02,0.008761186003851376,-0.01021814907630935,-0.02254117762934222,-0.04246047540642391,-0.05096043574072556
2020-12-03,0.03198799254579966,0.005179421659920249,-0.01647165928260954,-0.024509848051287024,-0.038838346468179116
2020-12-04,0.0030874477639714765,-0.006780128063370678,0.005935217912403541,0.015183898606748224,0.007306428299399116
2020-12-07,0.010657074987232236,0.008321701096677616,-0.0021827660328850775,0.032849070600122356,0.02303686596760497
2020-12-08,-0.019560266425727727,0.006747067347478269,0.011358141889135054,0.023289523518336522,0.027102089944304526
2020-12-09,0.02667142284806423,0.022224383133016553,0.03330707497860385,0.015753371004870936,0.005716353900804694
2020-12-10,0.001866162742052591,0.02130754714321231,0.02927374874508598,0.028421328241754713,0.021089097604340565
2020-12-11,0.005524734101222411,0.03172426924849901,0.04075406132687599,0.003556740492228118,-0.0011320046636513089
2020-12-14,-0.007283635613636946,0.013945291410477428,0.013303383124462501,0.06630344733651124,0.028407326029454318
2020-12-15,-0.012645618016056272,-0.0007750526834267966,0.013671917077982739,0.029551365682938768,0.045557682483875366
2020-12-16,0.0030621581056164593,0.011539402450732943,0.021365999025399735,0.029933207957546955,0.007529782843387236
2020-12-17,-0.0029599444813764504,0.0147165996478427,-0.004292047727023737,0.017777880045411337,-0.0020896023327615864
2020-12-18,-0.0016825079666887206,0.0061554956861002395,0.03425374448529331,0.024337909177671306,0.02854630935990054
2020-12-21,-0.01750790617406425,-0.009446726391677016,0.011614180527755908,0.016796794245101786,0.004000298641810901
2020-12-22,0.01629147300385404,0.04519360116431205,0.0339399658291412,0.02817350138888323,0.021045820461669744
2020-12-23,0.0036222046565876666,0.03161181526948443,0.04196255944307414,0.05502841470774848,0.021833519214335868
2020-12-24,0.03932913593817937,0.049226324542795206,0.03776570430421801,0.04970020017747616,0.013027781994152714
2020-12-25,0.009303972706936395,0.01150668580949187,0.038936698609459496,0.037850556149060716,0.007817994401473955
2020-12-28,-0.002322265735082681,0.011415421764582514,0.037323952452967886,0.015450687778405112,0.005741280365871538
2020-12-29,-0.013124446219166636,0.02515606161848056,0.04416913569431219,0.05115992366522563,0.0019036273927517517
2020-12-30,-0.03428122930664592,-0.0005694253291677313,0.004778306341854246,0.012106799875712318,-0.00812867423698132
2020-12-31,-0.06374926350865258,-0.023811794806457048,0.0009162300556166526,-0.021695320336767892,-0.04567208255778619
2021-01-04,-0.06781703795536724,-0.03610659863228189,-0.03248760742967479,-0.02097155166849449,-0.04176652056320831
2021-01-05,-0.05070652346650885,-0.042018662149045045,-0.03752358690460258,-0.01155751862479985,-0.048614483998281124
2021-01-06,-0.060875730747131825,-0.03189656620926684,-0.03224699795370726,-0.04073784269086409,-0.054245932893199865
2021-01-07,-0.06769864510129595,-0.03336602941344605,-0.04912745813200121,-0.05165082231565306,-0.05869519060201888
2021-01-08,-0.0840507072910557,-0.061278503526221516,-0.04910603856316878,-0.06502353019948538,-0.06439359311885053
2021-01-11,-0.07411507934189905,-0.038238752199725286,-0.04701399744272497,-0.014641591502250218,-0.02749698640699552
2021-01-12,-0.04880082918552145,-0.03134796353399969,-0.02649694682335119,-0.021951380294506533,-0.036411082562261075
2021-01-13,-0.02682527574696812,-0.0022118657701209353,-0.011124776770086952,-0.03132404583201851,-0.024429719692772675
2021-01-14,-0.01635792440718223,0.0258149634918026,0.016740341605388193,0.00458245078665567,-0.021127437696210886
2021-01-15,0.0006008946763034346,0.02915878639957064,0.01691593870973228,0.016895437769748525,0.03394045565807596
2021-01-18,-0.0015292556851152041,0.01011712265374147,0.010489376312038756,0.010975412422693037,0.012752389897349283
2021-01-19,-0.004826809762063538,0.01879693379582619,-0.00421830725782007,0.0033944273134096595,0.015957166889877212
2021-01-20,-0.024060039061495397,0.0044899015978898575,-0.02108054605042487,0.00018733014570696414,0.004208966005211532
2021-01-21,-0.024415749445667673,-0.023188052061484474,-0.023934071649491892,-0.02301881044557292,-0.0009770963009951457
2021-01-22,-0.012835958195641744,-0.01486139218724539,-0.04072104144813346,-0.03489311558831976,-0.02767932417299512
2021-01-25,0.011865431278095327,0.017615191163053392,0.0037257775511875925,-0.026874235266560704,-0.012567136705927521
2021-01-26,0.02271391112565451,0.006168282791409556,-0.003250739203870026,-0.0010416222377564624,-0.004205814024113848
2021-01-27,0.023159063360916988,0.01466095817005172,0.0159421561108531,0.01586533504706389,0.016856421305000743
2021-01-28,0.020854226057404442,0.03178807643514864,0.02635286326381771,0.014368788031911927,0.019085165096150145
2021-01-29,0.039900923056255845,0.03992597290049742,0.032910801743897405,0.04289067600331995,0.036537222543839516
2021-02-01,0.018367548244582987,0.02150155600058155,0.006474895007997057,0.0034078868003352,0.03980194772621184
2021-02-02,0.020158346067065635,-0.00012491241060324447,-0.0242959703472964,-0.038720202426606475,-0.004643183884370251
2021-02-03,0.011685085353282346,-0.0010010591520815267,-0.024112603058484394,-0.01671738310387484,0.002379591429282029
2021-02-04,0.027614591180121974,0.024162032173902902,0.0360477298979172,0.029147107455825303,0.05057614709887025
2021-02-05,0.06416737059892287,0.06948635149180558,0.04110253167359967,0.03045096500301802,0.039641367839291695
2021-02-08,0.06505193538855931,0.054423521594092326,0.0500590804899833,-0.00048421038662399264,0.024100290237949937
2021-02-09,0.05960753082863185,0.04857669765771578,0.03171357451435692,-0.0202983078104367,0.01412729800514276
2021-02-10,0.07404515339197211,0.05046941139405621,0.02936344021781707,-0.021550574488263217,-0.018567692305832724
2021-02-18,-0.0038908931661042665,-0.006255941738615698,-0.001478676296507101,0.005471250567550053,0.0313159809250438
2021-02-19,-0.047314659442796114,-0.05617561876208528,-0.026125710525547855,0.0031832575070467914,0.00038616350288124264
2021-02-22,-0.04968747804422623,-0.04229024325187744,-0.006034729368456024,0.010986125655681233,0.022549009107566444
2021-02-23,-0.044417023551656984,-0.015996152724532798,-0.011046506135872233,-0.02494280433910274,-0.003455720965001027
2021-02-24,-0.020345950375333648,-0.019202909419984576,-0.014768776795263056,-0.019619848567695195,-0.04364273866447383
2021-02-25,-0.028174339991935193,-0.01653732648701849,-0.019464448826988123,-0.026511469349373287,-0.02381731810877296
2021-02-26,0.006322068980893738,0.009436374052447596,0.004594881423961602,-0.006482446128573042,0.010554990883492104
2021-03-01,-0.00603060676131082,-0.015766168494203512,-0.009962743708075369,-0.015184350434516075,-0.008357928634957755
2021-03-02,-0.011934758124588487,-0.006548156977669197,-0.010412524147263735,-0.01302671969049652,0.010870990500184386
2021-03-03,-0.03613936874903834,-0.037656137143715435,-0.022381524485958808,-0.0017851759304324498,-0.005011704903673945
2021-03-04,-0.008514541918752356,-0.018676730128737478,-0.004186051847332887,0.006316601706947906,0.014251698934021858
2021-03-05,-0.004978126743305247,-0.01448336220837371,-0.009460379614798004,0.003735284413688274,0.00897318297218901
2021-03-08,0.013302654331370655,0.016172379685526914,0.011185155418001014,0.022121122550328238,0.03743264493216504
2021-03-09,0.03478338584804938,0.04362963733536929,0.04180273396289829,0.05406075417688491,0.05821520458500929
2021-03-10,0.03845456257315827,0.045647669186390405,0.05749925889137441,0.048841678903862526,0.05990501781981711
2021-03-11,0.022334322307713195,0.027471081747703987,0.0269964051067339,0.01557370676689422,0.03495319679310321
2021-03-12,0.009594770781365444,0.01142624912838735,0.012388913828758168,0.0032946940780860245,0.011657384860741556
2021-03-15,0.005073106135970838,0.007857877405017474,0.014460536246945339,0.0007173814835820529,0.009291869065710959
2021-03-16,0.018887787950591022,0.021557899372108485,0.007263520162336272,0.013818731139945441,-0.006918323592185719
2021-03-17,0.003102432373346251,0.005723258619050233,0.013075417944312797,0.00984753888261832,-0.006308809732711715
2021-03-18,0.016795027026430032,0.020772022487686607,0.010849464535687987,0.010174534777421026,0.010148973678197719
2021-03-19,0.04618574374600365,0.05794611300846454,0.030089665207672436,0.029706150606011797,0.018790140938221348
2021-03-22,0.025297807293995757,0.02997599549866614,0.0219051039438226,0.017977755329629558,-0.005795586587322739
2021-03-23,0.04012083780054765,0.0369510426199423,0.03168937838779916,0.027495182195764786,0.005053673193314644
2021-03-24,0.04605930938277955,0.04642118333770316,0.05327848979945018,0.05237593189276471,0.014816380808528021
2021-03-25,0.05115077489842534,0.050241657289712895,0.03906855370571367,0.04127931246134661,0.01560444985415403
2021-03-26,0.028730643883441796,0.0167847250845089,0.024547730843384026,0.016831045552286556,0.0048128574888727
2021-03-29,0.021567492195236293,0.0020757423442500696,0.013345404735280696,0.02034850219441303,0.006751689170578897
2021-03-30,0.02716559627088412,0.02185227373951081,0.016876832962977133,0.024531574618880808,0.007821931587605784
2021-03-31,0.03379783364301431,0.01684734011393581,0.03580147618814518,0.021411080618171385,-0.010403091608497202
2021-04-01,0.002085147606388898,0.020267155577608897,0.0005948048578859929,0.015290333810954744,-0.0021651338131967353
2021-04-02,0.02127703850888311,0.011237095248178591,0.004560722246248898,0.017358497024137623,-0.013216012717392535
2021-04-06,0.01605632957141094,0.00694364218520089,-0.009031697132755832,-0.00672913484733199,-0.01542717834185564
2021-04-07,-0.008684655827714074,0.011024754928316987,0.01028157907386802,-0.007370603920693817,0.005043144454851382
2021-04-08,-0.00858833618875425,0.01117633515250265,-0.00922761182820786,0.009916025759699963,0.027027381584970565
2021-04-09,0.0014985745052016298,0.016450903797605804,0.011035892504536392,0.02278127510649243,0.04309897971936311
2021-04-12,0.008594212253928117,0.03045026334087484,0.038247293591918724,0.016228342024033542,0.031142615956846323
2021-04-13,0.04592856888763453,0.03654191061509193,0.0371492223860732,0.054662402323241176,0.049922784704307555
2021-04-14,0.018629294705764396,0.027859485683595718,0.03822075752693792,0.045879754321207444,0.032109586829070766
2021-04-15,0.019108316671754413,0.03302157051271932,0.0436754558820055,0.04795479397245735,0.051998610889768176
2021-04-16,0.009357306080027779,0.026464552253487428,0.01638376836642146,0.03557970536478823,0.03556983601851618
2021-04-19,0.001409003857214187,0.006493222937571687,-0.004275118167305554,0.007906504904598972,0.018273352266148134
2021-04-20,0.008190601503074903,-0.011235584300213491,0.002183126908351558,0.013445741623706084,0.021617017552627925
2021-04-21,0.0032813989695666262,0.010786132380716799,0.008051354440046768,0.0016297654060898842,0.046817873382820716
2021-04-22,0.009041683365918804,0.011690999774819914,0.012335143556923446,0.03167210963632143,0.05733128548585599
2021-04-23,0.025505538098392257,0.023735497995920073,0.023509778547244096,0.03891618853913383,0.04849300231514579
2021-04-26,0.03396340576751745,0.04037341783045371,0.039684290625910265,0.05383278825276555,0.052052357477504
2021-04-27,0.04430410000038485,0.02893986417922554,0.03858655477880352,0.06358152197992425,0.052433743162287064
2021-04-28,0.050426153596183715,0.0365863961616798,0.04086218092268685,0.04542826087571077,0.06721523780953975
2021-04-29,0.0477027529034728,0.04156728941438704,0.04619446115253262,0.05692468945868553,0.06995554443639414
2021-04-30,0.05518934119911087,0.04054142103471219,0.043248800138192364,0.03926286721525579,0.06384327250811496
2021-05-06,0.05167512761328109,0.04123668179428748,0.03468531359207152,0.03475643646790712,0.05927189291402752
2021-05-07,0.055090828464312555,0.07407077544245717,0.056549879494621216,0.05163049885654471,0.027326410459650063
2021-05-10,0.06932431815877883,0.07975404846599876,0.060101189214090266,0.04813980091746365,0.00981307200232008
2021-05-11,0.05971797248905702,0.061165495154007855,0.035890267054078655,0.04015872057599265,0.03411531211378098
2021-05-12,0.05005413059454019,0.050249406456767357,0.027915388399507385,0.025324645237644668,0.03816893678941349
2021-05-13,0.07607974027628446,0.05807065766686617,0.034125054222135305,0.04196617178868317,0.043609542346806265
2021-05-14,0.03801608612955788,0.038145500724416144,0.03412189209006321,0.009607658748424171,0.026333953286749784
2021-05-17,0.027368016420428392,0.011518918769431482,0.012645916898516185,0.03049050440080384,0.017135853607003215
2021-05-18,0.0016080541522460379,-0.007452775522467303,0.001842517751364409,-0.005676203165763675,0.015158125017608126
2021-05-19,-0.003643895623846677,0.0025573853230551036,0.016680409464603058,0.0015019499180780698,0.03626571963441432
2021-05-20,0.021375410454852903,0.024935263770105714,0.012963449420980313,0.012566819729230967,0.0334698314419952
2021-05-21,0.02740052111296097,0.024923512323488474,0.02441867047262187,0.031212945988411702,0.042327388388386386
2021-05-24,0.012762128779854812,0.03125523349536606,0.02762287219239722,0.037553757531661486,0.03681126633586064
2021-05-25,0.027509972992549276,0.031230816079657747,0.03364245297673448,0.016628222551935964,0.008929884100230068
2021-05-26,0.03949908911700623,0.021379305982211702,0.023664378242996414,-0.005140123611528,-0.004692337151339197
2021-05-27,0.026463922343835475,-0.000770192250378457,0.007534281312730536,0.015623992789023712,0.020742297548656505
2021-05-28,0.013000671732474793,0.0019501938306562474,0.01838006641965444,0.02626250395981176,0.029962319220079987
2021-05-31,-0.003054484788326494,-0.009252694079259466,-0.00211901671856771,-0.009986916381345986,0.02753679068177855
2021-06-01,-0.017294003948999288,-0.007588088552049828,0.0012802581837778105,0.013800450711760809,0.022714135303705727
2021-06-02,-0.010902925634997639,-0.005277504913115174,0.009079892757794658,0.0037671508940666826,0.0006800545103015283
2021-06-03,-0.016920754290549553,-0.00346785528431667,0.004339800459927228,-0.0177458048324317,-0.006161953434324496
2021-06-04,-0.011752753721589366,-0.008845965418831682,-0.0032260599231998545,-0.003392096445511564,0.018363786642241545
2021-06-07,-0.004939575436448916,-0.01944485791601009,-0.022094906314810894,-0.01584049601135595,0.025365428610089048
2021-06-08,0.00041217949013580535,-0.018868060676446707,0.0029474062447234816,0.016300331461493463,0.024073221782305136
2021-06-09,-0.00936791495765065,-0.009067713446398977,0.016185629490685655,0.0019629119581836907,-0.006949337807012578
2021-06-10,-0.015262911962947797,-0.005310498335229466,0.006653127602002675,0.0004596262357543496,0.01326413046820681
2021-06-11,0.004627697832623686,0.022126026526889737,0.026281410074133985,0.021467513697226742,0.026616630688532546
2021-06-15,0.03781862594954911,0.05284561259351447,0.023227096430873978,0.03833833251114775,0.031552839946892446
2021-06-16,0.02182941073076488,0.02176651152483608,0.037820370435655795,0.0637274135329598,0.06569540043493674
2021-06-17,0.037951661212124836,0.05176017935020595,0.04298044894260502,0.03297462214379735,0.019123081043397445
2021-06-18,0.013140344546988621,0.04557848972960059,0.04070953858312846,0.01843433838039998,0.03138890484095411
2021-06-21,0.017389071459720642,0.030705835097395832,0.008503268719007506,0.0335178510301776,0.015781274277260005
2021-06-22,0.034706708968754774,0.011321069121610636,0.01872377467534088,0.002059288055420343,0.020149819573411457
2021-06-23,0.00833006549617932,0.021201338939568975,0.0316284239027514,0.031237156565634947,0.019095525700361056
2021-06-24,0.0386951109042678,0.02951099196508255,0.04618497155809886,0.027561796853117902,0.031023780479572376
2021-06-25,0.030577912978731303,0.027044168858234487,0.018546901006006467,0.01860840781786458,0.010077944142013085
2021-06-28,0.0024626426244076477,0.007823705071990627,0.00030969487034967813,0.00884243092141006,-0.007830783521692574
2021-06-29,-0.020709008655821728,-0.0064680614691513625,-0.008236115451452938,-0.008072093570806326,-0.022730508473939693
2021-06-30,-0.05080342601155593,-0.035900913018295094,-0.035124667203248826,-0.02561666808391446,-0.029419640894711423
2021-07-01,-0.017249064990005395,0.0023902735621059044,0.0390732701520297,0.00046438232927040294,-0.036355495656807436
2021-07-02,0.016821119241631793,0.004321809639894505,0.030264111277999894,-0.0008528790409092899,0.005966243416639998
2021-07-05,0.0005495950703160563,0.02003933946587856,0.009990412235012354,0.021997247790128197,0.03833725822500836
2021-07-06,-0.014856066976308768,0.017340804294254275,-0.0028830848423808445,0.016730722247602258,0.04103001905933117
2021-07-07,-0.018056886047242853,-0.011574292732021716,-0.006373737003488973,0.030385896403784453,0.0843180455637166
2021-07-08,-0.010346147746809097,-0.014862878404044532,0.010345040128334149,0.024317086184930146,0.06842989822692329
2021-07-09,-0.03487179106804742,-0.011652606246621185,-0.005007679292598239,0.043190165290368246,0.059728660391938714
2021-07-12,-0.02761272564256285,-0.0025370948688852595,-0.006928951720678971,0.01920549369811708,0.04968926128196284
2021-07-13,-0.012956432730565695,-0.001710949886216369,0.0013751758122117538,0.0032172163873754067,0.04157537969093275
2021-07-14,0.0060716010493250235,0.00806887712649213,0.02223208868561693,0.03588459495429567,0.03780791663792673
2021-07-15,0.019676817792277135,0.016938668014737132,0.016929514563147865,0.01487728343870962,0.047453670160147086
2021-07-16,-0.007090039579178709,-0.0059458443887515,0.019657238514848865,0.03725185760471358,0.06865597690966516
2021-07-19,0.0007658848114564621,0.010431071743407992,0.024236618436574712,0.03214941305610871,0.051768387055045766
2021-07-20,-0.02445781573980757,-0.00850965008470866,-0.0038061603867148514,0.01938310575318183,0.025169425062717816
2021-07-21,-0.017466725258373818,-0.0038223655414620227,-0.002436358538619831,0.00034765848729098706,0.02939568969688207
2021-07-22,-0.016785092309305076,-0.03024968042235302,0.004216598760952554,-0.0041343798869171765,0.014715725306009547
2021-07-23,-0.011233583366835359,-0.01938593995156046,-0.007961582011308985,-0.0008066035545922298,0.02003050258518507
2021-07-26,0.03036336943498491,0.03197208987692994,0.027018272058186923,0.020956847508425126,0.042131554575346356
2021-07-27,0.039899720359692914,0.058453608711488386,0.06670321319020364,0.07871353419845666,0.06455021704732111
2021-07-28,0.09010315553897263,0.10248631710270525,0.09179227883973855,0.08740100040004121,0.071577540735175
2021-07-29,0.07103283351077115,0.07497241476597964,0.05102945680460703,0.07434805882154122,0.0345189855676497
2021-07-30,0.061976465550242235,0.06731669286455813,0.0638480251132202,0.054493836362618134,0.05079330065586441
2021-08-02,0.06943223252399201,0.061836289128950124,0.040384155027916646,0.04383770494076831,0.023243820138634907
2021-08-03,0.08512414598225229,0.09781074900693859,0.07955101587701627,0.031016781097692344,0.010004189520985729
2021-08-04,0.08159906675225242,0.048631222411266835,0.056151224787409554,0.028004359030357147,0.018431236175019697
2021-08-05,0.10213524198897762,0.08195688102179718,0.039929605797525934,0.03889698647490971,0.06633961521349925
2021-08-06,0.08328419022348785,0.04525943910689336,0.0630908557282071,0.05636966354865742,0.05477340428954848
2021-08-09,0.05672966507130489,0.05878117648896769,0.06820571724639206,0.05580185407606886,0.0681191252548292
2021-08-10,0.0637771165052792,0.06772400682176814,0.09465849769845705,0.06510444119356076,0.06403106017406551
2021-08-11,0.05145083702458314,0.057953715839695844,0.0752396575057813,0.09463998361431664,0.09323483538924929
2021-08-12,0.03986713992338933,0.06212832480472567,0.06729194770397169,0.09964865340114022,0.11826731428773742
2021-08-13,0.04421173410624141,0.07050448115777729,0.07481605509129005,0.09135450101290038,0.09937072130514633
2021-08-16,0.03527014868691449,0.06493705435765901,0.08455501408820931,0.10473972491030899,0.13563597001337624
2021-08-17,0.060852553297027205,0.07175313651063976,0.09957200437352613,0.1125524540445305,0.11043780041572505
2021-08-18,0.07304124499732395,0.0786088566608046,0.08845152677122764,0.1126777692242928,0.07755455584764703
2021-08-19,0.02711607305538796,0.07852381458066446,0.06473573865665905,0.10796836751008569,0.06638026743650108
2021-08-20,0.0630496113080292,0.0703201697864538,0.07470021765056158,0.07843787028776966,0.07170703282228055
2021-08-23,0.01997499235522469,0.06366160225501769,0.06373015106256952,0.09218233786265435,0.07431623407892916
2021-08-24,0.03161769454228647,0.047229315532084516,0.06916477252222931,0.07537202813075915,0.09051852759203399
2021-08-25,0.013664633689858971,0.015659586485469983,0.03646342407472157,0.06567627955770484,0.05699541078312201
2021-08-26,0.000805941500348968,0.01427564313935756,0.012326461788934711,0.028323469038024456,0.0363250981974995
2021-08-27,0.01014706753533735,0.026607139089289664,0.021354911843322538,0.01902889774255573,0.03265048846883743
2021-08-30,-0.015749693813984503,-0.013923456491716276,0.0018468621233931138,-0.020482267812477566,0.0024842771858581444
2021-08-31,-0.014662423707458265,-0.0048188039575160395,0.002277449162926618,0.005515251740571648,0.01337679782834937
2021-09-01,-0.010629917710866863,0.006059843881119943,0.005804725841366604,0.023705143480589438,0.012522202560087134
2021-09-02,-0.014220813078574772,-0.012322562914330525,-0.0075412359757185,-0.0008746367750385079,0.00990139447610973
2021-09-03,-0.03294252110479769,-0.021362439402175894,-0.02058052308616177,-0.01878190390651083,-0.01123882103996896
2021-09-06,-0.05375828252684156,-0.04256342873150473,-0.026539288046498268,-0.02660176486456461,-0.011011951173655854
2021-09-07,-0.04905043007569675,-0.04192111868680129,-0.04379997851441982,-0.04447158273286018,-0.041016609317320846
2021-09-08,-0.03625591314094345,-0.04446963800147912,-0.06115274109240232,-0.06716756245557566,-0.0632494340036323
2021-09-09,-0.029665782877584954,-0.05108339403144869,-0.05429062266413637,-0.056502700761290055,-0.07499579805279255
2021-09-10,-0.01836170901727531,-0.039967782826168974,-0.048463292441767516,-0.06388426339562518,-0.05776498025041604
2021-09-13,-0.012083064979438759,-0.04357600491905314,-0.04989147452134853,-0.06542958883018171,-0.088304871593768
2021-09-14,-0.031563249108814764,-0.02370953048658555,-0.040041953436953985,-0.055905217608636475,-0.05537451463969914
2021-09-15,-0.04808273120976298,-0.05104781961079765,-0.03881339349089797,-0.05639746675756988,-0.06381372157488988
2021-09-16,-0.006288863890590696,-0.016823896632048665,-0.03127532164482207,-0.042828831022840116,-0.044620690134680056
2021-09-17,-0.005399019722759366,-0.027027835122693813,-0.04149049433797153,-0.04681498250354264,-0.03196732595071955
2021-09-22,-0.029310817517872234,-0.03876229622423251,-0.05045967725251588,-0.051167115304226816,-0.06933610889733045
2021-09-23,-0.0528493011201984,-0.05979358991194114,-0.06749214239630952,-0.07180994204878959,-0.09210832212512608
2021-09-24,-0.03656245857430535,-0.04001743630859327,-0.052920432229466075,-0.044365750929370555,-0.04273753597064356
2021-09-27,-0.002193458183642101,-0.014140121623557843,-0.018944808346305318,-0.03304425252549043,-0.0071335269910522735
2021-09-28,-0.020048471166810893,-0.034856433143404794,-0.020512769304159597,-0.025039839353080413,-0.04762118561412936
2021-09-29,0.010076009630306642,-0.011833393119005008,0.008875021582548341,-0.002755572496378652,-0.0030284040230968033
2021-09-30,-0.007695154171245923,-0.0037612329571369797,-0.00560760349558791,-0.002383717492384497,-0.0027743051821554586
2021-10-08,-0.02336455947272219,-0.01799732880109422,-0.021841838975988574,-0.02335105222164629,-0.020332521104836274
2021-10-11,-0.018366865636337163,-0.02232605798285481,-0.025832141462345797,-0.014799330038500718,-0.003886835204559261
2021-10-12,0.004569283891491224,0.013542202923497572,0.0007111495747476892,0.018669687890479198,-0.001813747565824885
2021-10-13,0.002966711673396959,-0.006253184421098432,0.008820549160811457,-0.0030596324102441837,0.018636742768142964
2021-10-14,0.001964237607350409,0.0032049669327836594,0.004913275765964311,0.018277990570433757,0.029123771198254534
2021-10-15,0.006780511629676352,0.01209450571872482,0.012184139619208915,0.027149748251906244,0.040913171618499125
2021-10-18,0.013858632148019773,0.005040202797882253,0.015352399414904207,0.016159800373462947,0.022318827168652078
2021-10-19,0.006790533084142711,0.0016240543315612945,0.0032361055964578956,-0.017345088925676926,0.020563242225574107
2021-10-20,0.0006103056874018956,0.020570263555622473,0.023841203396741267,0.015431215822112907,0.00929369181640779
2021-10-21,0.021033240187529553,0.02068816563682674,0.020091427027223777,0.0008440897792763701,-0.005402524655833269
2021-10-22,0.050865684172727584,0.0377936615045277,0.022675679616496868,0.017984192112114255,0.020541227547117683
2021-10-25,0.02831975884926413,0.019263789094702156,0.03073933818847676,0.01947773519574487,0.055877298807764764
2021-10-26,0.027528328588933282,0.015244380115312381,0.028523242981298925,0.031686132032053616,0.07815779110017203
2021-10-27,0.05098885976506874,0.03319902695744723,0.04810576086928672,0.05088666491890409,0.07404706898014775
2021-10-28,0.07131369898466688,0.05994429691834267,0.05600645792078591,0.0618223530466819,0.0779324226372295
2021-10-29,0.04768860326780729,0.04205357426174814,0.05694715519376528,0.03991580976507356,0.04958761653267978
2021-11-01,0.024961077116640498,0.03418291378310333,0.04813801688550225,0.036515909794929316,0.05691192860201894
2021-11-02,0.04989636385310819,0.06313907336109852,0.05454939495810592,0.06687933528906648,0.05226884481428021
2021-11-03,0.05583151091839846,0.053073656984224366,0.05085962948990768,0.061430823873628755,0.06655045412315844
2021-11-04,0.034611292937878325,0.0392058372775424,0.027520055002037698,0.057829266125605995,0.050199430437765424
2021-11-05,0.04492837693501847,0.06333889007589477,0.07722711104331217,0.06412766273563365,0.05286741440145047
2021-11-08,0.046362769586821236,0.05131994067861843,0.04492826147365983,0.0387330145755841,0.056018409154357234
2021-11-09,0.0445799465433306,0.03825758753319018,0.02873318509573767,0.04624887623969972,0.03271951142365773
2021-11-10,0.05533950198606383,0.049785053288643216,0.051060738773479795,0.03644657280368528,0.05262331983511538
2021-11-11,0.05417427445861879,0.04740123413988502,0.04766260717223326,0.04464351584711076,0.033481629116989375
2021-11-12,0.05609165806521364,0.042692905981264406,0.036564784077421614,0.029362103590909402,0.0375654906928088
2021-11-15,0.0594727577275205,0.05382019566609457,0.0360469813000314,0.025550773766039786,0.04971258425742335
2021-11-16,0.06010152424037815,0.04733595424661553,0.04066413969041997,0.04207315946724075,0.04819498091402446
2021-11-17,0.05149283247222473,0.036761424227154095,0.031376166698249996,0.024231422316163462,0.04413130138861606
2021-11-18,0.043106772573225635,0.047316480999069155,0.049289223720532724,0.053144296497217594,0.06410615033549114
2021-11-19,0.03328674316553808,0.019227574330129348,0.03472877844512619,0.03306293946088575,0.042387086896267835
2021-11-22,0.033155338076560986,0.008502463428598084,0.01189708540766082,0.008474816840057806,0.0042827252505967285
2021-11-23,0.03356386722062162,0.025546146121363897,0.030031309702234832,0.026420371589236557,0.01390506732418266
2021-11-24,0.01791636648496908,0.03660397178580835,0.029696954772868964,0.03545924341957185,0.018327108010285215
2021-11-25,0.02076550780108384,0.025566220039694706,0.04169553827901736,0.03511909444383985,0.022218798593390935
2021-11-26,0.03726397631461492,0.030099532780845952,0.028024117796581375,0.02068437796668709,0.0011672203964877108
2021-11-29,0.04275678157083698,0.023715150096554723,0.032469540500631666,0.017889253645615173,0.015584580952461942
2021-11-30,0.041701687533126974,0.03304158099319266,0.02347315746079969,0.007627208239767724,0.014725379767039864
2021-12-01,0.01776795110725746,0.01643152420438256,0.010451518743647048,0.013425835234352632,0.012309508432559636
2021-12-02,0.027549214939824904,0.031917085769699455,0.025208887562298672,0.031086209162504312,0.02846064183091419
2021-12-03,0.04794172806430149,0.019617474757430205,0.030324158718270353,0.017856204679478103,0.027623632333394783
2021-12-06,0.04786053690026694,0.039820095165047226,0.045934069584023594,0.040171953982057654,0.044510253271271366
2021-12-07,0.055931004502530475,0.03327965191281178,0.009618200806785647,0.01847121172135189,0.037051491232467995
2021-12-08,0.03810851865797829,0.017439878808408655,0.028034505460205684,0.0037250206602559115,0.023624790913884454
2021-12-09,-0.01053431894938579,0.014633377069306312,0.002862361678173967,0.025162778293669995,0.0022607778411134565
2021-12-10,0.00450484631491505,0.012214203132833931,0.015654953827314053,0.014049152677505238,0.016257388603424218
2021-12-13,-0.0013149082778835784,-0.006874985185120642,-0.005471999250616057,-0.0011320793991298126,0.020296116926921473
2021-12-14,-0.0030682697629434976,0.012412680160636548,0.006010611155742006,0.01526465094329842,0.02852628725282906
2021-12-15,-0.01723365703436332,-0.01479183722640622,0.01734258704991578,0.008393560551630833,0.005307959059747799
2021-12-16,-0.0365237495101575,-0.0205396447615165,-0.0006973100359529722,-0.007528183090879059,-0.0070656445672126434
2021-12-17,-0.0028103079236370763,0.007639764313002647,-0.0026968171807204293,0.012712114340246963,0.007644169490195693
2021-12-20,0.013898306495601616,0.007099871546649504,0.0033573030809667735,0.010905592545466723,0.030326191178630498
2021-12-21,-0.01771950361414672,-0.02269674190535616,-0.009899353073827276,0.002848516458548781,0.019019592876770856
2021-12-22,-0.051813249798071496,-0.026031524977583514,-0.023604834915869444,-0.009444176241268145,0.009658932841114106
2021-12-23,-0.037283092331845256,-0.03702651205214134,-0.03832793494029923,-0.027096599966690938,-0.020296168427553708
2021-12-24,-0.031700493287518,-0.008308871495075488,-0.02104118613555867,-0.03195339566246157,-0.030743135968715297
2021-12-27,-0.059483285117523536,-0.05381418731189772,-0.06281430297251661,-0.06585886933384857,-0.06896831390432584
2021-12-28,-0.056215588224787,-0.05873855149213043,-0.051719635889904254,-0.05506100072026774,-0.07390852427926961
2021-12-29,-0.061016387576814365,-0.06782969412361887,-0.08374304867882022,-0.09210402265246921,-0.096280931461571
2021-12-30,-0.07537310011086727,-0.0778732028485644,-0.0893912169960998,-0.0915819072851045,-0.0998524720195653
2021-12-31,-0.06321486130297531,-0.07058268538181765,-0.0659786363828302,-0.09631948388700022,-0.10663518623773294
2022-01-04,-0.07740661787597727,-0.07626524094317069,-0.07365569435079158,-0.06066749839236141,-0.08313756747547547
2022-01-05,-0.032034095339494785,-0.04796000955286019,-0.06214280200461915,-0.055140124313292425,-0.043252552576626684
2022-01-06,-0.044648622954827535,-0.04873412105010732,-0.05729790429755138,-0.04733174275510515,-0.05409112390436862
2022-01-07,-0.060747417846860594,-0.0686033873946687,-0.06734271410152284,-0.04765679385686331,-0.03575300964826342
2022-01-10,-0.07098668716754777,-0.08216560298728547,-0.06189825371957617,-0.06564782196956655,-0.052217851074794146
2022-01-11,-0.056544273757842184,-0.05253368315033079,-0.05187546106909113,-0.04760842832489213,-0.06044377219400005
2022-01-12,-0.055101338890507785,-0.05694390732427777,-0.05244229861423113,-0.057519342138572925,-0.05820299937304511
2022-01-13,-0.056407489177689375,-0.047143808438407035,-0.03643417433271281,-0.03913753697402619,-0.042813797091045
2022-01-14,-0.039520129180461785,-0.026306793582478383,-0.018203357075172354,-0.008215977126671927,-0.050131919789664935
2022-01-17,-0.011392051905894733,-0.013324201632695192,-0.018533270473338814,-0.046924285979381225,-0.06408214472926659
2022-01-18,-0.03241221615746257,-0.041234535402029565,-0.03459900434323782,-0.04802512452284464,-0.04508450602961359
2022-01-19,-0.03457280208094783,-0.01921689169598277,-0.021557515282532882,-0.024250039438646277,-0.019348879810851226
2022-01-20,-0.03717118663639751,-0.024336286331449138,-0.030946770741468437,-0.03716430630324782,-0.03853107315869623
2022-01-21,-0.01614724320138867,-0.013079916502785161,-0.0022238301718168806,-0.023448011670225016,-0.020468244672754828
2022-01-24,-0.0272031880011825,-0.01127347490321277,-0.014684170934311862,-0.004674015717795172,0.0008049190086379835
2022-01-25,0.020333591732544645,0.028470693961090893,0.035344475025873824,0.03156990290260136,0.03351200613917036
2022-01-26,0.036218973275557356,0.022558006031999953,0.02857720845198312,0.028718246724550842,0.0069360722773134514
2022-01-27,0.06413715773012595,0.056539615622073866,0.05575919007870919,0.038025936995806954,0.047817374203496577
2022-01-28,0.03798122547074107,0.03925879775502986,0.0386870698394652,0.0438909541696566,0.04390506144456397
2022-02-07,0.013069678753906681,-0.009734430175356981,0.0014273141097889798,0.004615984912840551,0.015250199224038126
2022-02-08,-0.05145944327506663,-0.04419876193272984,-0.03811495231109974,-0.03710042730516159,-0.02346142282489633
2022-02-09,-0.08626195187118504,-0.08329131277512879,-0.06559808823020846,-0.05737697970431742,-0.0362332363611317
2022-02-10,-0.060822795312717025,-0.06585119737759851,-0.05259793803434477,-0.03685959245288513,-0.030350091423984163
2022-02-11,-0.00923822284551749,-0.034051400810980174,-0.03639600209274373,-0.032829150568333194,-0.02731596177395548
2022-02-14,-0.030579270580601562,-0.051385422873162535,-0.04475535251517142,-0.04246620329120187,-0.06513430856729546
2022-02-15,-0.09082840581676054,-0.11767412967389898,-0.10436665837012582,-0.10855294733218714,-0.09377093852875042
2022-02-16,-0.07107893190163274,-0.09135584897204786,-0.0820662785655105,-0.09086241852349439,-0.06355691091645446
2022-02-17,-0.04497316883673416,-0.07190870215406381,-0.07045930180245612,-0.0726062877433719,-0.05779480212764025
2022-02-18,-0.046862494699913076,-0.06879882164444612,-0.07257230641630237,-0.06787085939718415,-0.04853945342714297
2022-02-21,-0.0714021723836879,-0.053654045428662804,-0.06096153481520812,-0.06904654315720772,-0.05734686350943137
2022-02-22,-0.05555502051861092,-0.05184802971296642,-0.054116555494784266,-0.057150093400433095,-0.046466862443321794
2022-02-23,-0.06757273245163738,-0.04974317680964526,-0.05259558080953517,-0.06433649282803797,-0.06994461571175821
2022-02-24,-0.04476617361230712,-0.04714659492568451,-0.03483922246009019,-0.05379362769983398,-0.05840080445215468
2022-02-25,-0.06682982426084288,-0.05912215955135552,-0.06797769499147643,-0.06035770417574687,-0.06322639928479903
2022-02-28,-0.053768902645985675,-0.05811745461022646,-0.07076384553221557,-0.07520599771284187,-0.07648554616236464
2022-03-01,-0.05665185002096636,-0.07663986545565564,-0.06922721406582559,-0.09136345494407858,-0.08472948303528188
2022-03-02,-0.06690116065695415,-0.0667666805559559,-0.06086554638464677,-0.04775632766070476,-0.05356974651062535
2022-03-03,-0.06537072251281856,-0.06788351118929521,-0.05888083779547487,-0.058479277290883036,-0.06861978053815504
2022-03-04,-0.05442797892124279,-0.04987002333931282,-0.042468073624863684,-0.05439575235736579,-0.04801872361846128
2022-03-07,-0.008649254845018,-0.022425476898403365,-0.028242463017923762,-0.032109585274184824,-0.039912192859902766
2022-03-08,-0.006602783954071955,-0.01945409793755214,-0.01074260848752524,-0.02071985121069918,-0.01938602738372189
2022-03-09,-0.0038401916616500097,0.004182205167324095,-0.002306387197410819,-0.003753018794204161,-0.0008607495596817401
2022-03-10,-0.022255036440972778,-0.02828087737521404,-0.04250744333193337,-0.06355055577450174,-0.0774442988582876
2022-03-11,-0.04186998527630573,-0.03547936495989945,-0.02588179681930442,-0.039801633370227185,-0.0514300419297185
2022-03-14,-0.04242351123815354,-0.025890163725307093,-0.016217608540163103,-0.02537032687629026,-0.0410523830251439
2022-03-15,0.010488826285567958,0.03391864445265607,0.04026794422148448,0.04551806664948071,0.06386380394804342
2022-03-16,0.023870223963896358,0.009094404805497733,-0.0055841978573878265,-0.021611948093589465,-0.023688259220159647
2022-03-17,0.01844580318443791,-0.011685407629588751,-0.0260891009160807,-0.03196624686255688,-0.05620640946611641
2022-03-18,-0.028524738793836133,-0.026788309099449546,-0.038678960219245405,-0.03244168274919718,-0.027461667873578045
2022-03-21,-0.03496476085513511,-0.05320868945616071,-0.042476729910705904,-0.06390354928321049,-0.06342635857485895
2022-03-22,-0.08097545257805712,-0.08166832666381328,-0.10051464935104654,-0.07547628491309075,-0.08390315045823167
2022-03-23,-0.07540757323076004,-0.07670677212592864,-0.09946826130652224,-0.09999768798219229,-0.11797706082085367
2022-03-24,-0.11471189369036904,-0.1299631120694415,-0.158300559617019,-0.16218514736597722,-0.16080811113270946
2022-03-25,-0.15636547717135982,-0.16167820729632024,-0.14468466703087368,-0.17086993584306648,-0.1737906329542079
2022-03-28,-0.14286404585078674,-0.133349038857869,-0.12634795450308592,-0.12927038775661523,-0.13930838581365232
2022-03-29,-0.11522738143577613,-0.13459555865610373,-0.1246859371253744,-0.1406323594869348,-0.15423175842708675
2022-03-30,-0.12574998646136157,-0.12898637337556923,-0.11317542660523042,-0.11514130408688682,-0.10970202510024256
2022-03-31,-0.1029466776802785,-0.1024693017528898,-0.11337391199172002,-0.08796078069814671,-0.10917786790363337
2022-04-01,-0.1291569383347132,-0.1261745688600948,-0.11597946742023434,-0.1165950130298159,-0.13283882004999542
2022-04-06,-0.12764273329181838,-0.10951911188134242,-0.11986201068663575,-0.11251479252244102,-0.12594305560842678
2022-04-07,-0.08486006552401211,-0.08338326951764978,-0.09731000364308239,-0.08384067247869513,-0.09436229059454886
2022-04-08,-0.06264844364333758,-0.07886920426771352,-0.07430326623064147,-0.08250761200322024,-0.11007629255354989
2022-04-11,-0.04189063370455689,-0.052240361484399284,-0.0465558305752998,-0.05460849004214864,-0.05277719313445076
2022-04-12,-0.0674273014601957,-0.06219811561573672,-0.05338677878537312,-0.055066565933573064,-0.05598551000663168
2022-04-13,-0.02812325273222204,-0.04341290815597601,-0.03581695590118054,-0.049292853827834306,-0.05865114128426247
2022-04-14,-0.05405102545891674,-0.038524658653279184,-0.046444222988305806,-0.05766481022960948,-0.06690163985485287
2022-04-15,-0.034996705084711296,-0.04027621870882813,-0.04231097626121844,-0.04360126932632839,-0.05329488440274738
2022-04-18,-0.04915838688452153,-0.03426501357358101,-0.04007997422625274,-0.036772599855388735,-0.03661706949212766
2022-04-19,-0.042265711750368376,-0.024064409525445776,-0.025966453708276428,-0.014324248364160451,-0.03388235947401111
2022-04-20,-0.0016678968495837014,0.007092463194451578,-5.7140445984619744e-05,-0.015681209279202815,-0.014822013864826582
2022-04-21,-0.010410002759060472,0.009426978019483617,-0.005643396014215655,-0.01674299315113712,-0.013045750185245649
2022-04-22,0.011232621318419489,0.024028327434200924,0.021001694522838465,0.021955097412291562,-0.00047470537469158415
2022-04-25,0.08978412744504682,0.09712426756506223,0.11738106881522048,0.09100454215277805,0.0857442803178787
2022-04-26,0.11187590776542129,0.1355710862869715,0.135905776560117,0.12822060454003514,0.11997454614089507
2022-04-27,0.08639964545435942,0.0963159375219312,0.07687445258218559,0.12056364040923435,0.1062517981224842
2022-04-28,0.11814306625240142,0.11485316671303403,0.11116075628354309,0.1075471552385808,0.14023267784547053
2022-04-29,0.09187095036171472,0.06345651905826467,0.0744379060838387,0.07619631702245296,0.0762060886947214
2022-05-05,0.07617918682618463,0.06780060636458371,0.07300755287788367,0.07016030749598141,0.06666247367542451
2022-05-06,0.12072779797162253,0.10606644781960663,0.11628880611391809,0.10311796465322948,0.09285427337835218
2022-05-09,0.10264536180135027,0.10172608274123374,0.10700660592699515,0.09862258471750633,0.07712337454296335
2022-05-10,0.09210620919019412,0.08790289502524194,0.08136995989076459,0.08300205070788136,0.08229736925440422
2022-05-11,0.06516975372385209,0.0542371035384902,0.06707308141998804,0.061041821739664624,0.06337923529571979
2022-05-12,0.0749865067326387,0.07811949186367853,0.07817615999602186,0.08818899659257871,0.05471006875232847
2022-05-13,0.07143054923646841,0.07556741535381598,0.06472293995493865,0.05861524962804642,0.04904997618403852
2022-05-16,0.06782620351901147,0.06646558165885774,0.08940162341870982,0.06629797156313318,0.060333782822647945
2022-05-17,0.08176750952456406,0.06588420993847847,0.06467283074448056,0.07000375606426963,0.06766762225002265
2022-05-18,0.05995535172659546,0.055578430004265815,0.07122137446444105,0.07895337840115157,0.08494024579194645
2022-05-19,0.06702289623270159,0.06735287221999396,0.07507235109296496,0.0754214501178623,0.06713931095293334
2022-05-20,0.036413845899475134,0.05951436354513497,0.06458831891997868,0.06879923783596095,0.08150601588334747
2022-05-23,0.03062091360864479,0.039034918476286484,0.062387360415105876,0.05904863124305613,0.04506875322724243
2022-05-24,0.05212606200102425,0.05530300161431968,0.0764138783672999,0.08841094850084999,0.0873419947572808
2022-05-25,0.05452910493755692,0.07899161226864683,0.0859667072271749,0.08280247099476484,0.060431504094433985
2022-05-26,0.07998924305762442,0.08708089316383719,0.08240216825110568,0.05920162147637546,0.0602607338633079
2022-05-27,0.06937737539694112,0.0999921662360542,0.08569855092251621,0.08755508716349784,0.07254318556404483
2022-05-30,0.08918914437377137,0.07880175730264086,0.10010264596011911,0.09838100385312114,0.0678082115004405
2022-05-31,0.034255744168799826,0.05884601379894922,0.04788331616643445,0.07446026501517196,0.04827079552740399
2022-06-01,0.045078862296073254,0.06569111490951918,0.07832750651945425,0.06762054698665458,0.05370714443108288
2022-06-02,0.04191578132473788,0.07229229655268107,0.053684852120817424,0.061293236167838945,0.045380186105143425
2022-06-06,0.029035469675274466,0.05613183491900322,0.05392824385743612,0.04869573702830858,0.05672133500766578
2022-06-07,0.02610977239778946,0.03781696099198472,0.05858692508936334,0.04727804636242965,0.04741350175520368
2022-06-08,0.016429882408974934,0.03574184609256075,0.02260712115304448,0.03535176048919405,0.02171875235606367
2022-06-09,0.05602621451623705,0.05786173304659955,0.062313255184477064,0.0496127725328906,0.014706480126439537
2022-06-10,0.03447195561665059,0.0394264455382772,0.0343701371098715,0.02274465287181565,0.015752399567015705
2022-06-13,0.03101218760739327,0.008066331783555234,0.028713266552251822,0.012962604315641967,0.019029368514300087
2022-06-14,0.012836826035242657,0.010286297590780867,0.014343381537622588,-0.0002532102385945867,-0.018425544211601613
2022-06-15,0.020019362154800397,0.024618912635165236,0.020639850798758054,0.008594468625689971,-0.03453776613453717
2022-06-16,0.02288625871110086,0.01893545663862556,0.009227915857708525,0.011453164601799452,-0.016919683056864893
2022-06-17,-0.02937283682697393,-0.01513780796379657,-0.01811385862714722,-0.009741603394946896,-0.006709180436057762
2022-06-20,-0.013263020073324389,-0.017916064701143104,-0.0014287593947171593,0.005621495212616256,0.008776913726391283
2022-06-21,-0.006294665876502334,0.018214465477208192,-0.00029117729804124223,0.01295239498396665,0.01189458372167559
2022-06-22,0.022268727139970933,0.02622506560615227,0.0280938468092865,0.039300860920127016,0.04532382288377091
2022-06-23,-0.00426368137767426,0.006543902449594284,0.00556682420852029,0.012374947221696445,0.02088870522816332
2022-06-24,-0.009822340313028418,-0.013382121233408487,0.0017923559810532816,-0.003509315408655641,0.0041217240099123125
2022-06-27,-0.019539638929242424,-0.015745272783766327,-0.017225565010583144,-0.02555027952121775,-0.015384248317287241
2022-06-28,-0.019355795948261555,-0.022663506109305166,-0.022369921639815236,-0.018325654695005807,-0.01820635237039923
2022-06-29,-0.00483794064929072,0.005146730330996202,-0.005804896902958841,0.0019288523290539946,0.007492150420562435
2022-06-30,0.005410442199611172,0.0014049373478545663,-0.0003931787022068029,-0.006625247060267887,-0.01840464389416134
2022-07-01,-0.005801284311349133,-0.008197369344970186,-0.0002933154592702158,-0.01973041173953297,-0.01195908177971249
2022-07-04,-0.00469808294956415,-0.0057164913745262735,-0.012180679141257216,-0.021548716669066798,-0.023855869335513043
2022-07-05,-0.031005451066674166,-0.039555566213216084,-0.034043781015099535,-0.053731961094081813,-0.04512813348296848
2022-07-06,-0.02470764601277208,-0.021259200158619547,-0.04232521633666533,-0.03771993873865795,-0.04965679648919779
2022-07-07,-0.033823733796339024,-0.032079072610986484,-0.033198838590159395,-0.035555881296755715,-0.02856553645491285
2022-07-08,-0.026776723082826925,-0.023914696887693224,-0.01255519101397018,0.0027772437053931198,-0.012448328582145188
2022-07-11,-0.0036785997813877057,0.014888549814452846,0.009376570547726634,0.015443239664650575,-0.013910557418083717
2022-07-12,0.015855893797264143,0.030019245492249817,0.030253927412017184,0.013341917191222004,-0.002040921100695697
2022-07-13,0.030119840044799655,0.017018161136515372,0.013025760175382976,-0.007509464347247617,-0.008735510168217416
2022-07-14,0.034579573691458525,0.027909055938199756,0.02820245987840928,0.008367167323729456,0.01576736600250949
2022-07-15,0.06912590546915008,0.029658280134830125,0.03539305134241515,0.025528828005078507,0.048412164639975025
2022-07-18,0.03159587114609651,0.01304472344782238,0.01969544504611514,0.02262428809264899,0.029110226838454985
2022-07-19,0.012935832920272089,0.015423144934217719,0.023239972631492228,0.02231808635841532,0.03205752862409683
2022-07-20,0.014513907087535128,0.005153640661909055,0.015544782100914579,0.024971908154712327,0.025652388538634243
2022-07-21,0.006617509429056328,0.0110825230270781,0.01551593763557873,0.01893276949082271,0.039374662070490084
2022-07-22,0.009920026568136118,0.01020749193103313,0.010347751783044461,0.017418092525862378,0.028180953434788655
2022-07-25,0.026507742990344054,0.02722229130446334,0.03390900586570428,0.03449202160578909,0.038853792857064556
2022-07-26,0.025773860000543113,0.02480111922010276,0.017798019987463384,0.015756256473340266,0.025486522328813065
2022-07-27,-0.0021755234722780053,-0.012925185430056335,-0.012609209935483267,-0.006534057593992171,-0.004767705211383079
2022-07-28,-0.01041248805168342,-0.012220889867172239,-0.015834846932073692,-0.0018242718894707721,1.7101623913727378e-05
2022-07-29,-0.004078133917164888,-0.0054530690124693516,-0.0008202623007411258,-0.005261911909516236,-0.0005187212231036579
2022-08-01,-0.00976382334239462,0.006227901361492313,0.002526280872180972,-0.00369918721125407,-0.0158826511501297
2022-08-02,0.016348797168860004,0.023251468273066938,0.030161027763925853,0.041611368993792364,0.026499348644488434
2022-08-03,0.030503936861111736,0.022764187994854187,0.039031839288187445,0.013669669893289644,-0.02833665375662641
2022-08-04,0.021217017958659476,0.012975713523659825,0.010628767923276241,-0.00727387871736993,-0.031239107187497825
2022-08-05,0.010862110929932443,0.006166724071175442,-0.004700949684963327,-0.007409572817312018,-0.047991126744550576
2022-08-08,0.012907011347676387,0.007029508306131342,0.003044601829250392,-0.026604640877741753,-0.0532311502637716
2022-08-09,0.025629510016011173,0.01847513129833493,0.000404731972023515,-0.016921236686926237,-0.020666529098039267
2022-08-10,0.03693043159987993,0.01945463639435793,0.009550451016996786,-0.0028587782337328917,-0.036660451480948555
2022-08-11,0.016738260711506834,-0.015772037521094184,-0.01931336265116583,-0.024531428690033785,-0.042799987990579505
2022-08-12,-0.013681234866578122,-0.012133776371682269,-0.008989787513646055,-0.0031353539662441615,-0.01793032483182353
2022-08-15,-0.023492281901064362,-0.017899983750975082,-0.014377696854566623,-0.007012415900329863,-0.007432678557527941
2022-08-16,-0.022460802350449588,-0.022539509410664033,-0.023535814422654525,-0.031987388613256014,-0.02914428175661362
2022-08-17,-0.04462871655648643,-0.0484711201536184,-0.044265454252033945,-0.04284519199590602,-0.06312185463326518
2022-08-18,-0.05641979808793493,-0.056728421792213164,-0.06344663112243085,-0.06920251760224254,-0.09596219717066128
2022-08-19,-0.05478600968948216,-0.07142459235691187,-0.0692207282606414,-0.06931461406185808,-0.08787618976489026
2022-08-22,-0.08632581599391982,-0.07127208575999833,-0.0688761224674645,-0.06975986596173434,-0.06327242698877354
2022-08-23,-0.08161990143366887,-0.06684303172806912,-0.061437111967668774,-0.07494270140082585,-0.06340458656517696
2022-08-24,-0.04486478257894639,-0.05091946250866052,-0.052042384775436865,-0.05254935697250385,-0.05072426388622141
2022-08-25,-0.07440567577565621,-0.070991361335303,-0.06359259563218315,-0.06509801882328727,-0.05860105382346257
2022-08-26,-0.08251331670325081,-0.08100951577346592,-0.08606623840997824,-0.07340783645776174,-0.07265162900917721
2022-08-29,-0.08082227021069735,-0.07027190835315507,-0.05889756677249395,-0.053486867983758755,-0.0581710733355308
2022-08-30,-0.10613859900095884,-0.08579188191360061,-0.08470371496452374,-0.06902880988428461,-0.07470431472784277
2022-08-31,-0.07962762188420189,-0.07687657875980593,-0.06940477406309427,-0.06463800684182912,-0.06067579005891711
2022-09-01,-0.09264241418840527,-0.08295711565217172,-0.06928906362718479,-0.059604812152465644,-0.06086438739177981
2022-09-02,-0.11353376661421613,-0.09308932125743,-0.09338373461560696,-0.07884176948925338,-0.08777464009200062
2022-09-05,-0.11430580215690604,-0.09778563859591849,-0.0919916576764264,-0.08550460201184122,-0.07758134589591696
2022-09-06,-0.10031288647669492,-0.08324485598891176,-0.08560949493650935,-0.07795275628943255,-0.08024850470920553
2022-09-07,-0.08837733845560321,-0.07513160067978127,-0.07516461541628872,-0.08400547760276515,-0.08969758337571256
2022-09-08,-0.05602024023374031,-0.0592494648709663,-0.04932447697084941,-0.05836221848395105,-0.06092981075457865
2022-09-09,-0.05954618778652231,-0.05799674043382716,-0.04824738875334833,-0.04153113338197191,-0.06292449516379257
2022-09-13,-0.06010648010330345,-0.05890027762537191,-0.0467632784605897,-0.03762114200153767,-0.054277519358543726
2022-09-14,-0.05510964324054413,-0.05358121376668462,-0.06270273153683778,-0.04265677130083887,-0.0513929680517025
2022-09-15,-0.023061612692554495,-0.033953521638461354,-0.030363598517184905,-0.04281321367710943,-0.05332953246427925
2022-09-16,0.00013722055200537464,0.0020374831091114986,-0.010685572885425966,-0.021450244304729436,-0.01777033275532441
2022-09-19,-0.014981261601259219,-0.019020569048807643,-0.015084965883278272,-0.01712868341695084,-0.015287990051129153
2022-09-20,-0.02204643535747737,-0.016778450262752865,-0.03349743388307607,-0.020762601828404337,-0.048635224254101515
2022-09-21,-0.0063855306936685206,-0.008284085538162626,-0.014673295407235066,-0.00605761635606207,-0.02816884653692703
2022-09-22,0.006899319055398538,-0.0070164450958670145,-0.01124206216726819,-0.01016952357761351,-0.013048017271245665
2022-09-23,-0.024747244870348108,-0.029597895390294685,-0.024111303414395248,-0.019115996502070767,-0.0318551134081561
2022-09-26,0.0063258261451839435,-0.0017015706821654232,-0.0011259346645265816,-0.003917861297753277,-0.02559855385928742
2022-09-27,0.0060359995075692,-0.0054187881569812656,-0.01614991966648696,0.0015872301463617895,0.006835112298962448
2022-09-28,0.03926328298613674,0.02407842062220053,0.027052905076230947,0.043002985331368725,0.041146208348847566
2022-09-29,0.04986637445136862,0.03554843185180057,0.027302085537047188,0.03278959773038301,0.04250838694235053
2022-09-30,0.07264463436049398,0.07067535008441592,0.06756092209107913,0.060519792438232724,0.0693525532651565
2022-10-10,0.10477019036876081,0.0945890331783616,0.08861696691298668,0.08085368056348098,0.08940165159920602
2022-10-11,0.09790207568379182,0.0848257632529291,0.07498735111528108,0.07528603639319964,0.09656006847587009
2022-10-12,0.04506316039568266,0.04913446605694212,0.06483712722304684,0.061400653150785404,0.07721718656690077
2022-10-13,0.0451111541409775,0.04302459495371709,0.03542265275133423,0.05092716971124988,0.07840381460339155
2022-10-14,0.04631188834826728,0.03762075590011654,0.02519148743397015,0.023252933316101298,0.052442667852840304
2022-10-17,0.026051109992692213,0.01123497333534518,0.008515083153728202,0.03109437534445512,0.0608528066263747
2022-10-18,0.0467220674400387,0.03694857533712184,0.040295778234384926,0.0388221005600932,0.05692318710976839
2022-10-19,0.05397410947975109,0.04680777981816253,0.05147918902273319,0.04735040365011321,0.05252330187614893
2022-10-20,0.047748354229300474,0.03226092884474618,0.046574857335353555,0.06324399687349139,0.08916778169105981
2022-10-21,0.040270935126617606,0.03819247597946527,0.05179133440517365,0.06381805877749258,0.05732717964113881
2022-10-24,0.044767793551328414,0.05808051034578953,0.06731293732046525,0.08394937154708924,0.0708656185700325
2022-10-25,0.0538551271211472,0.04836305063306165,0.05942534756192256,0.06985934040566584,0.07113085786025018
2022-10-26,0.03765939857191347,0.03161930223342678,0.0432920068600791,0.039840692870305214,0.046381267209255436
2022-10-27,0.03490468757045728,0.03223763076604378,0.03632029769519682,0.04407555932016668,0.04815670485351724
2022-10-28,0.06260632075958569,0.07272499457404813,0.07777833684975052,0.07346762394930813,0.08051090675923647
2022-10-31,0.0743347069480617,0.07451799238717437,0.06700683127351642,0.06449339058975394,0.05805155023446343
2022-11-01,0.07469534733025315,0.0528492616132346,0.059843860755719916,0.06313606893976599,0.06528327744230462
2022-11-02,0.05837980552127413,0.05208964946275716,0.04107160378367115,0.04087967962327903,0.05548309916946674
2022-11-03,0.07394842378518847,0.07042091723291524,0.04724895342070825,0.039857116210329925,0.05052513901103021
2022-11-04,0.03690823183922076,0.032914973430757014,0.02514970202417621,0.038730521432714465,0.035853679522779396
2022-11-07,0.029062157934587357,0.04896614190852279,0.04963181968370528,0.056854867671007364,0.029847036652144072
2022-11-08,0.03687295879683246,0.04390263535677122,0.05686657543125507,0.035498802152704775,0.03309570537581453
2022-11-09,0.03762861502248677,0.042004903709338126,0.03942028362999265,0.038622890584366305,0.04792399051324266
2022-11-10,0.04079468758151358,0.04094451113550355,0.041272536554965426,0.04545010355429672,0.039061460756279774
2022-11-11,-0.008705336919806102,0.014601868415312644,0.03382178966523735,0.05309595988432037,0.06758070811582238
2022-11-14,0.010747998215865718,0.016731486285607056,0.025167301696729753,0.028603367811069674,0.0408603554385644
2022-11-15,-0.0141932315735658,0.0038216094628326157,0.01356573867221796,0.015116298328801748,0.009741973288416889
2022-11-16,-0.00490544186402847,-0.0007383776411655317,0.017385372873822687,0.013310827981730137,0.007319108900690343
2022-11-17,0.009779820685345456,0.005437246848436428,0.008681262448375398,-0.0016891536919973731,-0.006725806402355806
2022-11-18,0.013939951891126297,0.009090437352450216,0.006266782812793813,0.0024488118641728045,-0.007961671079887801
2022-11-21,-0.01772728163385942,-0.018501473980994696,-0.006815050123547811,-0.0074821565995017375,-0.023417321607627294
2022-11-22,-0.005470424613389916,-0.01930995048704488,-0.02177750800837035,-0.019365999014969954,-0.017264910952235927
2022-11-23,-0.0006711619043499593,-0.016475759398600243,-0.02362245886323601,-0.02765311440928374,-0.02892177556884241
2022-11-24,-0.016839374716111702,-0.020690312549258513,-0.025732492090515105,-0.034946658923999965,-0.047107527413855946
2022-11-25,-0.008071099763017458,-0.03294245112574636,-0.03780970628703103,-0.03909786408848914,-0.03478772693233219
2022-11-28,-0.024465576559172454,-0.020051395977179316,-0.00852440717451282,-0.006851446460859874,-0.029207295049213045
2022-11-29,-0.045180696400086214,-0.03180666953620712,-0.028211496434588566,-0.016072875377072776,-0.032494457067416736
2022-11-30,-0.039125363248924544,-0.0265413927895956,-0.032076168843828794,-0.028382399348849494,-0.06174564081399579
2022-12-01,-0.05821348857996619,-0.04897197585263296,-0.05363120447227523,-0.04631891215761271,-0.029129229934864713
2022-12-02,-0.04668750537010124,-0.04169267263380706,-0.0390166089540854,-0.03671376500182707,-0.04685336305289414
2022-12-05,-0.04282031336469352,-0.034317571801723755,-0.03666445018776785,-0.03712398473193734,-0.05184000273542803
2022-12-06,-0.023619794499155758,-0.03928569991524758,-0.03868071835507512,-0.04062743779060469,-0.03947535860345811
2022-12-07,-0.021549348098815146,-0.02364023676467055,-0.030413895973046688,-0.023713094190762868,-0.04093551749944245
2022-12-08,-0.01976950284911275,-0.02025188483015879,-0.020116805695463306,-0.029112257536706383,-0.046535373443268246
2022-12-09,-0.01791041096611435,-0.015171898438164853,-0.017873963092824838,-0.02603494187969685,-0.03861951312044173
2022-12-12,0.0010423651786070523,-0.013175143152916834,-0.009510388193442675,-0.023585062081569783,-0.036198212125067325
2022-12-13,-0.015981852737132773,-0.01584079548131657,-0.01403012534047606,-0.01591267050871393,-0.04159237429524651
2022-12-14,-0.016287619972697353,-0.010860385111393528,-0.005333564150279019,-0.01642995749754905,-0.040633983609964876
2022-12-15,-0.013295774300792108,-0.0044705543855195545,-0.0016660814831067924,-0.00761896367052057,-0.021866190651021897
2022-12-16,0.015640403974232213,0.006005517560544978,0.011680199581042936,0.011012905704488797,-0.014779917260751143
2022-12-19,0.0364498335371348,0.036364156293693814,0.027031152334869232,0.03316367665142493,0.012357321436358353
2022-12-20,0.03447030106964469,0.03984436461323588,0.044060447577217186,0.04802144247264242,0.03900070669031264
2022-12-21,0.04669982627300499,0.05067011590739267,0.0638538443175871,0.06677744136745606,0.04362769703413606
2022-12-22,0.0675427655490343,0.07212813429808669,0.0813213668406105,0.08242539352046743,0.06617931476227178
2022-12-23,0.05575898612647069,0.07679225812341518,0.09743456776209233,0.09595239449323482,0.08818667856187644
2022-12-26,0.05979138837111064,0.07775000110578686,0.07329972115151974,0.07891527989558439,0.06854157719424579
2022-12-27,0.07248721068310347,0.08103262127463223,0.09389341423415276,0.08246365439974478,0.05832351409424712
2022-12-28,0.07980438601440877,0.08860282729913094,0.08708805093707449,0.09276759197381446,0.08062398987893643
2022-12-29,0.0774993801649149,0.09511592200231456,0.08447953662657087,0.08951116292711042,0.085686897297898
2022-12-30,0.07272131685307975,0.07963477814457798,0.07421525865663446,0.07827543562036364,0.07180530327137409
2023-01-03,0.047856596618648425,0.06347656890881738,0.06967691491308971,0.07009237103452098,0.07243650616460329
2023-01-04,0.04411120542526516,0.05713327120153029,0.07245921040408178,0.056573133839185524,0.04810141506441831
2023-01-05,0.043524694292129525,0.05961087833580833,0.06535345403464506,0.07572121218449568,0.06574015030445741
2023-01-06,0.04785663558231989,0.08840973378610084,0.05957348123063101,0.06898553066257017,0.05738026451963161
2023-01-09,0.0604814863329415,0.07361875157719741,0.09246414935337993,0.06321623936158721,0.055260645011303226
2023-01-10,0.05555633325244586,0.07287470851069515,0.10330960397849041,0.06894010905505801,0.05839880695898581
2023-01-11,0.05952822343842887,0.07230559236052223,0.0845415971273255,0.07393701259672737,0.10557334744748159
2023-01-12,0.05839699244158962,0.057257396214352566,0.06225542004783975,0.057047625136100566,0.05148344789984084
2023-01-13,0.05850970699650009,0.05292413498736453,0.03884625329233835,0.03036505937379587,0.022848509520224405
2023-01-16,0.05453562351835668,0.05191033274089429,0.04994413878375877,0.03840654803402817,0.038930030736104466
2023-01-17,0.05045472379153841,0.05753698815687203,0.06823645099845718,0.05336910209880325,0.03032891339680435
2023-01-18,0.041353789110854224,0.03965934049412395,0.04819663062947876,0.058308286491651165,0.05124072378850568
2023-01-19,0.039660905054259094,0.04360165385301897,0.03661985159712789,0.037629981111250176,0.031067551174318475
2023-01-20,0.02013192384261671,0.01497554628896109,0.029536501483085023,0.03467989473036609,0.02697016768681064
2023-01-30,3.56976662461304e-05,0.010257436334484242,0.01259205391057547,0.013007601229926571,0.027299536941262522
2023-01-31,0.012510567162008749,0.019417033508720666,0.021751644035411702,0.02631257534754504,0.02813592776941302
2023-02-01,0.00541100852596104,0.009214204327301955,0.016157064968866854,0.02663744670684847,0.029570576928549426
2023-02-02,-0.0003218320456483705,-0.0010552610080316405,0.019250933641130584,0.02733042569937435,0.03155093609736344
2023-02-03,-0.004767046560363096,0.004348344856635667,0.022851505822384467,0.03521152799320997,0.04891930108160868
2023-02-06,0.010361451570046028,0.01676969388095284,0.02595942596287179,0.0324203810252384,0.047084879199321604
2023-02-07,-0.009497024625369757,0.004490301540040815,0.007987362237969864,0.008628205617825338,0.011017876196735598
2023-02-08,0.00462470416609509,0.0054204993627312535,0.024924361130340494,0.01876182366318036,0.022787469078235794
2023-02-09,-0.01104143607527342,0.00038085422515286003,-0.005633154856606957,0.003304327420212023,0.01353904789681047
2023-02-10,-0.022756840881752848,-0.023257688673946075,-0.01338630210274191,-0.009167419421087702,0.002585335873635758
2023-02-13,-0.033778057203469186,-0.016942789884176072,-0.013366133706225296,-0.01014434519451303,-0.0034215129617740517
2023-02-14,-0.037711243330474244,-0.02566964542718951,-0.01979640526569375,-0.02557715057593869,-0.018820121307091226
2023-02-15,-0.0315557427330482,-0.016852553326579218,-0.021424049155024542,-0.014417773109920784,-0.004950801565215569
2023-02-16,-0.040864411281713156,-0.035486887874970334,-0.013376441697004967,0.005095274807436025,0.004780359649881328
2023-02-17,-0.017356918207248957,-0.02362184966699103,0.0033920328268188756,0.01931554268464189,0.017604551140455147
2023-02-20,-0.019516110826268078,-0.01808740412145463,-0.026582576596643932,-0.01738388655873591,-0.01951224575523383
2023-02-21,-0.010010352449510818,-0.012452994272066833,-0.023657150429816375,-0.01426910878003063,-0.011343154488692435
2023-02-22,-0.006217123979315982,-0.0050767192142209365,-0.002750655718861351,-0.011223058083562108,-0.012535089132616068
2023-02-23,0.010313602641486409,0.013146030685504823,-0.0006753310180027312,-0.012525267463905415,-0.01027270882476165
2023-02-24,0.005310358728591,0.015237378613221414,-0.002638430450936462,-0.008557616819972358,0.005268282578229655
2023-02-27,0.02960675534827498,0.02171212098905803,0.016273464324272884,-0.018405075855194346,-0.0061455964708037195
2023-02-28,-0.009155880184065225,-0.008728821135043134,-0.01792361917068082,-0.0031570750842270976,0.0034201703559999788
2023-03-01,-0.0415049302516642,-0.034537536257951924,-0.032623162933824286,-0.01016595405179161,0.021930406449069576
2023-03-02,-0.02983791247234187,-0.02810400096331615,-0.015854804426195634,-0.00867559835207461,-0.004609037260560324
2023-03-03,-0.02271462101361936,-0.017573474702635903,-0.010944084958085572,-0.0029899693095646407,0.0005335113766212265
2023-03-06,0.037583591819424306,-0.012313156542862176,-0.004393408879706952,-0.012339365014566988,-0.001930893183539761
2023-03-07,0.041342867153975324,0.00834604927364621,0.012755771877755997,0.020003856549028993,0.013184027999128265
2023-03-08,0.014233141459367223,0.02222663961693628,0.003925193345646714,0.0227103722602934,0.012252986781895342
2023-03-09,0.03270475830625813,0.029069866247747565,0.005994963272518946,0.03359700415229921,0.02378801816418916
2023-03-10,0.05004834238940322,0.028093338977316425,0.017268082551434208,0.018435436568724043,0.02798936847562667
2023-03-13,0.0012626357192285032,0.037327440537002515,0.02574905971917026,0.02321055208481196,0.03960224973055585
2023-03-14,0.05015604494008747,0.03843370481334747,0.0274673077923593,0.03259670113905112,0.05464822342998471
2023-03-15,0.03165075234372376,0.023400669587364666,0.015726102924185116,0.021309160970819353,0.0486731138715307
2023-03-16,0.049422813499334535,0.05758345137950088,0.03187148088235967,0.042377744641577876,0.047759301632442505
2023-03-17,0.0036364393693885688,0.026722715491922445,0.02697551273208296,0.06147332842319886,0.07916270786994344
2023-03-20,0.018046452331818355,0.028702741310669425,0.028311149182935046,0.05394291190273201,0.0771144353175412
2023-03-21,0.004330713998628158,0.013005361859642475,0.03728215403690222,0.030062739209869495,0.03889508387636685
2023-03-22,-0.013314436897318212,0.005230966254293576,0.012871405910938539,0.019719980105409353,0.06472207684820515
2023-03-23,-0.028014090971488936,-0.024896588713837875,-0.013989903115535985,-0.001572345568930915,0.010856898957785148
2023-03-24,-0.026110507622790595,-0.019203248347163377,-0.021724168170857237,-0.011815320705112039,-0.008168411325140132
2023-03-27,-0.01999978561137682,-0.03438280313125914,-0.034575502577053184,-0.030158619909768918,-0.024899269658373527
2023-03-28,-0.010488690552103457,-0.01892365784339765,-0.03656073449750644,-0.015098642142952453,-0.018703605918600846
2023-03-29,-0.0003357491563956823,-0.021410110427831554,-0.01708393617147448,-0.017651974526962814,-0.023853956660438397
2023-03-30,0.019321022993994734,-0.0142199181880238,-0.005485272632093963,-0.007070558498814207,0.0026152376288586586
2023-03-31,0.006784892274733116,-0.0015527285393071308,-0.015417539298792153,-0.005058400941735433,0.004135784287485307
2023-04-03,0.01250027524520553,-0.030854357091595265,-0.023510775630803046,-0.04035553860259115,-0.01616813639334093
2023-04-04,-0.006973626762286303,-0.0005613065930080213,-0.008841998905590617,-0.01905109200824245,-0.02494963209960358
2023-04-06,0.01048291404279676,-0.015012947047848224,-0.00724054263455058,-0.02437644671973654,-0.07246019967533783
2023-04-07,0.003931541748196835,-0.01884734333251837,-0.029894597338152463,-0.04789264462180166,-0.0651488182875611
2023-04-10,0.003844364606683925,-0.01504244930587969,-0.031744855534610754,-0.03218008005319485,-0.03789228366841096
2023-04-11,-0.033287365344054055,-0.047164884643139324,-0.028545043415804095,-0.036878410123765734,-0.04067933617581976
2023-04-12,-0.034396511901792826,-0.05142737688482316,-0.03465437564028835,-0.02465920789100412,-0.034505244222157845
2023-04-13,-0.04688200407472208,-0.03800266169855047,-0.03163223124474449,-0.039422431090930056,-0.05538309042326655
2023-04-14,-0.04506012102227013,-0.023458029867451147,-0.043793962960127636,-0.04720829184976904,-0.05964410881522428
2023-04-17,-0.06655660468755395,-0.05865368569660576,-0.04884303937356185,-0.031923585309953595,-0.02884819930168374
2023-04-18,-0.0568129164063446,-0.053084314062616204,-0.04662955970387646,-0.04621511960538179,-0.04139227347553253
2023-04-19,-0.044788885803063574,-0.03964237269756275,-0.043198248284337444,-0.043318253397220084,-0.04211938560499811
2023-04-20,-0.05309165667689952,-0.03830630710329913,-0.04350581488756041,-0.05591316628742236,-0.06567315424243363
2023-04-21,-0.04988010820997489,-0.03217362888048988,-0.03496801672035758,-0.025327780707808042,-0.04032028364059164
2023-04-24,-0.03366879773641602,-0.027438485523953393,-0.01881441616930453,-0.03466836444452474,-0.05037499719298164
2023-04-25,-0.017633548639950945,-0.01444511076107809,-0.00680014212423964,-0.010367035882364846,-0.01716607592382308
2023-04-26,-0.009893094164926033,-0.012426442940988347,-0.009735204950995866,-0.033884836632239436,-0.029366748079074977
2023-04-27,-0.009079880821157838,-0.012760793632853974,-0.02160739416913326,-0.015660484610627915,-0.025515230689056086
2023-04-28,-0.026953371587312987,-0.03232680268763377,-0.04611018115939594,-0.032047240375509156,-0.036336942066473504
2023-05-04,-0.015113620818509213,-0.03488792698201692,-0.046238181501079036,-0.04753384098655197,-0.04017702740582918
2023-05-05,0.007102704056661448,-0.019702948327253677,-0.01876809710113782,-0.03861947488922691,-0.04119550460424091
2023-05-08,0.0037669514866239587,-0.01876927641487182,-0.034214011025297995,-0.04534928761802784,-0.052940679835119325
2023-05-09,-0.008375247117115648,-0.021919789929236724,-0.03473910131911606,-0.049093573382688944,-0.06955211611199416
2023-05-10,-0.008561960020837091,-0.02295452135852033,-0.040190823246760564,-0.049864088471148024,-0.05301795907421871
2023-05-11,-0.016363890729973126,-0.03712494679460034,-0.039396386098708,-0.041341612383154085,-0.057046596904653926
2023-05-12,-0.0007496744787987817,-0.02178671412706537,-0.02975068490133287,-0.02609846647903192,-0.027713856757648217
2023-05-15,0.004697819683605197,-0.012139325990460255,-0.025265812676219728,-0.04026660901555435,-0.05001717946693761
2023-05-16,0.01688353244602209,-0.014027084564621563,-0.021985961636282116,-0.011929892032380592,-0.02802274705292816
2023-05-17,-0.0023968565598928952,-0.0004901745572947792,-0.013842260915114549,-0.01857716654694123,-0.025318394730298597
2023-05-18,-0.009743014382237491,-0.009530342576238136,-0.018533005924591672,-0.00778923300771914,0.0035415325859884934
2023-05-19,0.009409561763257825,-0.004134608513991044,-0.013244963649588003,-0.0017256183215655712,0.00600330177363076
2023-05-22,0.008404043010420128,-0.013166990391344908,-0.010691684889074581,0.001959078346263172,-0.0094628580491823
2023-05-23,0.031628632405942686,0.0066409546289974124,-0.01157426323885541,0.0005313696564940559,-0.010724353856359715
2023-05-24,0.01618217504357823,-0.012715707902862104,-0.015285623775051145,-0.02121151286938099,-0.005206969336483005
2023-05-25,-0.021227859160156487,-0.024903245974870074,-0.027993012801642108,-0.025734576941917234,-0.014001755926403597
2023-05-26,-0.022794950834099485,-0.007594533100347947,-0.011311951077666256,-0.026306389309080514,-0.006373877864250156
2023-05-29,-0.013495689873973182,-0.007520351479874727,-0.015265086790897046,-0.02012636827315825,-0.01748430973650608
2023-05-30,-0.02498604362032136,-0.019970294883054646,-0.018868395732369383,-0.017752283784004348,-0.004936049520090122
2023-05-31,-0.008405938165488189,-0.00586630394701339,0.0025244037986065534,-0.006071795062716529,-0.0036146801054025048
2023-06-01,0.0016642096687588476,0.006354854849878904,0.0022057081717422725,0.0017753929633415812,-0.004119552285551872
2023-06-02,-0.013392726060365576,-0.0018309148230276663,-0.006835054980971416,0.0011035514398849368,-0.005070531705944911
2023-06-05,-0.015665726231684662,-0.0032178301296281863,-0.015973629925006703,-0.01218089972280225,-0.009791026666055061
2023-06-06,-0.011655055951523139,0.014158632460442857,0.00677629526874611,0.00847491437537312,-0.004973553911850108
2023-06-07,0.013939129460342264,0.00031013569411307606,-0.004168394299043647,-0.0009246846445054398,-0.016804502950562142
2023-06-08,0.019384507285689252,0.009141051723202284,0.01522674812662804,-0.0052239166537983005,-0.020793191297053457
2023-06-09,0.015688078809984834,0.003303797389842673,0.006451165801315622,-0.0022944417755313105,-0.0042598964309311935
2023-06-12,-0.005947169817072465,-0.017009851395752933,-0.020956404699784978,-0.008580782422116703,-0.0022792812897494516
2023-06-13,0.01061088415845425,0.0032345779175654583,-0.00027069691994573424,-0.013971922173919052,-0.013631417557013253
2023-06-14,0.004375290943288857,-0.0003688326479655503,0.0003748137439553361,-0.014676179358243521,-0.014613026682164373
2023-06-15,-0.009719714556707412,-0.013967822874232804,-0.024714527050606,-0.016660105352522086,-0.012073822833045054
2023-06-16,-0.018680268406711314,-0.026563385464638115,-0.02314937382202055,-0.025229722286553426,-0.008660813970379096
2023-06-19,-0.010996587743246918,-0.01599829723454059,-0.01602777290232095,-0.017429285280574178,-0.018482989912303807
2023-06-20,-0.010963283663015966,-0.012409699812910404,-0.007555651020912555,-0.024368192825727403,-0.04448384847079074
2023-06-21,0.01247188525743374,-0.0013762505389743943,-0.0007416267994685702,0.0036369220900642953,-0.020166676410580283
2023-06-26,0.016912291999398355,0.011848935849983668,0.017688970385540095,0.021526173101044394,0.003289372180592573
2023-06-27,0.008768906984794463,0.017366949075389597,0.02661965475941214,0.026565704920184896,0.0072788306837186355
2023-06-28,0.029814937341558066,0.04310513765146308,0.027158931226640468,0.004570797803854315,-0.013371996754202397
2023-06-29,0.02831507906808737,0.022458696794652636,0.023308917938941957,0.007392615019197696,-0.016679331676093524
2023-06-30,0.020826591957631906,0.031491342500527646,0.015342408277564659,0.02251050315982346,-0.0021823616570519557
2023-07-03,0.02084036796893548,0.02065838425979337,0.030959034908755158,0.020340374674164947,0.008012944510435839
2023-07-04,0.019345238727406795,0.038100070474840535,0.0206228997611502,0.003967095974050251,0.010939637910593762
2023-07-05,0.02935497954244066,0.023367262413520325,0.02287002256533969,0.012803900789697367,0.01875853908369118
2023-07-06,0.021855617927534366,0.046278242462089635,0.03160452809406852,0.032385937256253175,0.015842537768275322
2023-07-07,0.021955501344670916,0.03698165384183639,0.034007426696317226,0.03652983386857759,0.04595569712757156
2023-07-10,0.0188829166214178,0.03832251327646166,0.030366160395654276,0.024473714513391448,0.012278525056439496
2023-07-11,0.00665081759947667,0.02909960230106111,0.0217626523006507,0.013991256999835623,0.00674705876698792
2023-07-12,0.0053503590225119045,0.027793548970959328,0.03526851589078421,0.029043524578409644,0.005008179897884777
2023-07-13,0.0045975880807531625,0.004704068366021548,0.016185374176400404,0.014889478949568382,0.02160793870040696
2023-07-14,-0.003870003147200078,0.0016920003570171861,-0.0006066437402792561,-0.0068462675817727945,-0.019843833778233726
2023-07-17,-0.007379350118390104,-0.0017023688481820275,0.0047661749170600015,0.004633679027368973,-0.00650483114515454
2023-07-18,-0.00924785982004802,-0.005806622675740271,-0.0046735309758635405,-0.0034102965205448483,-0.0042950354244118815
2023-07-19,-0.03762916836009739,-0.031889948871983514,-0.013032820400937187,0.007679882733297201,0.004718090821456637
2023-07-20,-0.021708855841158364,-0.010253753610992233,0.004033293733103718,0.0145711863576893,0.018193642019287533
2023-07-21,-0.03522277703186768,-0.02972133290010372,-0.012503368570107264,-0.005073159728374436,-0.0026103374493985044
2023-07-24,-0.046441489646718535,-0.028541344226008892,-0.03276381748581028,-0.013265168098113478,-0.01094613548011566
2023-07-25,-0.06299275935658064,-0.05333867970375574,-0.04168261633319586,-0.04098653714135121,0.005842501274296541
2023-07-26,-0.07592635095721365,-0.06554430599671478,-0.05206001086621235,-0.05245808322631401,-0.02551392796046165
2023-07-27,-0.06191895312770677,-0.05112881080504369,-0.05195728747614322,-0.03712391370814485,-0.03687880275184751
2023-07-28,-0.08897856972975668,-0.07600019826606054,-0.07526561055119292,-0.06934222159675642,-0.05109924793953588
2023-07-31,-0.08454015643055898,-0.08015785348621036,-0.07395016112942518,-0.06682359282966775,-0.044696451071168326
2023-08-01,-0.05383519461182023,-0.0573863357970177,-0.05719131526518571,-0.04641915831782189,-0.040176433852914535
2023-08-02,-0.041628088524260316,-0.0540901528399261,-0.0522322996931916,-0.04423041081868213,-0.048014686808562856
2023-08-03,-0.048374681305671706,-0.047871409604972694,-0.06417245320087442,-0.06424375071726293,-0.06906632847273077
2023-08-04,-0.04727206265202513,-0.057062106864966024,-0.05498382533909404,-0.057275562721117036,-0.0742079525488414
2023-08-07,-0.04049583719893694,-0.034387361923520716,-0.03332641467855593,-0.03121179128422421,-0.04783744861724972
2023-08-08,-0.04628507413356925,-0.035949070097591566,-0.034033902306692884,-0.03806381825981485,-0.05227818130410003
2023-08-09,-0.031302389704047015,-0.02999417422483184,-0.0313183195515497,-0.03095821801672141,-0.05130630406411449
2023-08-10,-0.04114885232183945,-0.04891904346776591,-0.059353875140984724,-0.052273233218028244,-0.05662546048436095
2023-08-11,-0.027209437859763208,-0.037212394221587515,-0.028357064110698556,-0.037468193154081876,-0.03772433454320798
2023-08-14,-0.02239020196254992,-0.02008451835248857,-0.025168998469419487,-0.020253042381701624,-0.030791389195698265
2023-08-15,-0.016516741094446577,-0.01108459737234451,-0.021254150352369845,-0.01739019789412503,-0.02759652005472358
2023-08-16,-0.009737879671682118,-0.015072157172153372,-0.019130454093259114,-0.019965646930067558,-0.030066980100708445
2023-08-17,-0.031461509141629256,-0.029056299281639306,-0.029743224053807228,-0.025606256106249975,-0.018760425128387662
2023-08-18,-0.007097359545244724,-0.010418108075780167,-0.00783362822974416,-0.013170639570077424,-0.006235347321138378
2023-08-21,0.004821415816550594,0.00408758953635273,0.0020020538609612035,0.005974858630983566,0.0025551271487203745
2023-08-22,-0.005173909599371347,0.004385687923109949,-0.009707209256265661,-0.012402729987877429,-0.010168365688147172
2023-08-23,0.006009073546435681,0.012306360312001803,-0.0015971001429862818,-3.783176600107014e-05,0.009172710353153545
2023-08-24,0.0017732173231860724,0.007383617880605521,0.0038646664894869294,-0.01362129053716145,-0.015474259658607992
2023-08-25,0.015838368260306403,0.027736651340400733,0.02483768090303247,0.03299988358585477,0.017515072839523887
2023-08-28,0.017971199782004024,0.010932764893801844,0.003665629140941258,0.006720340887873318,-0.011051572566738284
2023-08-29,-0.010397961779098405,-0.01693512468481275,-0.022369594478584918,-0.024801294336704516,-0.0246796861155002
2023-08-30,-0.0018482301217735918,-0.015755122631188327,-0.023431804523024333,-0.01823865747048555,-0.020060177614817695
2023-08-31,-0.002824772459926158,-0.005437459931330999,-0.00693801096693537,-0.002643624671925856,-0.0020373038745331723
2023-09-01,-0.005540754362403709,-0.015466195134253551,-0.009720706366205065,-0.016404744085668464,-0.006555297639979963
2023-09-04,-0.022768978281075422,-0.02862359137731132,-0.028383878113841354,-0.041905498555261704,-0.02950450657642565
2023-09-05,-0.01112956441674742,-0.027748604149592734,-0.03517901122804859,-0.03309906115054943,-0.008886009359187076
2023-09-06,-0.008376295922453056,-0.020952907658900045,-0.019885914007235238,-0.021145773820917597,-0.0034626900956715085
2023-09-07,-0.01093805607841007,-0.013723470644155683,-0.014288008735780984,-0.0009335451540935422,0.013018414280605451
2023-09-08,-0.005566847372434924,-0.014515574314527553,-0.013021569647068324,-0.02101787468834726,-0.005499742168544706
2023-09-11,-0.04262844723159454,-0.030453344394404114,-0.02870810546902768,-0.027880482583867595,0.011525221549257591
2023-09-12,-0.05071819875486049,-0.04450614624684752,-0.04204467149884415,-0.037133849787130975,-0.012516371972424792
2023-09-13,-0.060996145155228235,-0.046601919690749186,-0.04254528064710854,-0.03700588468062348,-0.019964559046338915
2023-09-14,-0.05034146636937423,-0.055029339440963845,-0.04631231530823561,-0.04103358981774252,-0.036809590116560445
2023-09-15,-0.07705757087071466,-0.06877548577276872,-0.07011926244994522,-0.06547672262051284,-0.0550493996196665
2023-09-18,-0.04946870441660527,-0.06679559578728093,-0.0605992710421318,-0.05808500248419107,-0.047461320917660955
2023-09-19,-0.0469119944728929,-0.04296961299056087,-0.048400616040803944,-0.05463991722368313,-0.023407983305901534
2023-09-20,-0.030180773754254035,-0.02865949687679174,-0.043068868364794066,-0.0434777464176513,-0.026759746168311345
2023-09-21,-0.0031010764610233253,-0.01985715025883929,-0.016836360696262917,-0.016618956299795783,-0.005375796975660126
2023-09-22,-0.027076984490799545,-0.016562756323949126,-0.016633986286971797,-0.008145960334453252,-0.020023981672641116
2023-09-25,-0.018694748347346225,-0.01561764148450898,-0.01580721922475757,-0.013839518616092542,-0.01104211395890124
2023-09-26,-0.012386111494237162,-0.014449029290813103,0.0033340303188838342,-0.015516692756941727,-0.022091116955174118
2023-09-27,-0.010552703830458615,-0.014636587628357994,-0.0288677205296832,-0.030135283403102044,-0.036449197644838824
2023-09-28,-0.020249547853257603,-0.03414283570670946,-0.018917652097427975,-0.025918918886446093,-0.005779210805951257
2023-10-09,0.011311247988523968,-0.006489990557201754,0.006977027923531965,-0.015748633732051306,0.009131027682309414
2023-10-10,0.015792992088809365,-0.0025926155648492814,0.0006633205020084709,0.013603041643892618,0.004791583998738973
2023-10-11,0.007814040259722614,-0.003776726115092288,0.007219478071971798,0.007027843769006524,0.016052010886441904
2023-10-12,-0.0042727342749275,-0.006707459560172806,-0.007405760496019472,-0.009006791622165436,-0.003020884343877179
2023-10-13,-0.003015771793105861,0.0013952027849630088,-0.007399296041972574,-0.009672922106498092,0.0024827328458681894
2023-10-16,0.011900194264755375,0.0017574232961330206,0.011068630343832115,0.009235521911434489,0.01577618254233286
2023-10-17,0.020097885389087286,0.011392038090940379,0.013080118316101645,0.010521652260008939,0.016602470013932752
2023-10-18,0.023841209939606797,0.0349844083720259,0.03195288257191869,0.0373618886710621,0.04335666919976661
2023-10-19,0.038184739365946144,0.03682024844366781,0.037731322595234915,0.03342545551474869,0.04367180438201311
2023-10-20,0.045033935469808356,0.053640027784502754,0.050430133885790616,0.053047036200866315,0.047117140664647186
2023-10-23,0.08359667639505382,0.07143167358882119,0.08751789730127893,0.0742883213368543,0.07873869361689474
2023-10-24,0.06957289553253253,0.07268589986960461,0.06518585740057517,0.05497411110761525,0.049051521529363165
2023-10-25,0.05190645096848941,0.04932794600028036,0.0441091705251762,0.040030149263978916,0.029982211819402232
2023-10-26,0.05630477284695275,0.0479991568274203,0.049629175010464724,0.04840637127109156,0.044076650253077734
2023-10-27,0.03544225471101125,0.018281562787423492,0.02332116896021847,0.025436417045631203,0.013028144810024596
2023-10-30,0.0079040409236882,0.006056470291392315,0.0033128704345509177,0.021051821399523305,0.01225813934255748
2023-10-31,0.0109924316679971,0.018353808288000373,0.00965187202491874,0.023127790841982968,0.02512364920812723
2023-11-01,0.01504281350318255,0.012849623623726665,0.006206644228210809,0.010579355120667587,0.012800451490459842
2023-11-02,0.021065488665677923,0.017652238075448624,0.011566358764369858,0.010669633656151641,0.025350016168177
2023-11-03,0.014885439583402103,0.013667386869977306,0.008043940551435548,0.009742220912190352,0.02462540712825888
2023-11-06,0.010108556250412466,-0.006375194505052666,-0.005261654994832983,-0.011725340035684888,-0.010060519954299164
2023-11-07,-0.025100850666721592,-0.01813906413055423,-0.024890934852359384,-0.02346451248187164,-0.01904475924225671
2023-11-08,-0.01588900906837464,-0.014396963983617311,-0.020875378898234927,-0.021019306309742962,-0.019435779677189242
2023-11-09,-0.0197599376551544,-0.0181277141686411,-0.008200703106607185,-0.015525942747494898,-0.015202066758416741
2023-11-10,-0.029466723021559813,-0.013753596382679393,-0.014404627444813344,-0.009705714725105057,-0.0037169253056573088
2023-11-13,-0.02605651984004258,-0.021126689654352007,-0.008270910674481288,0.0010507626731568003,0.0006160291903732218
2023-11-14,-0.012985168283820556,-0.013003424423661532,-0.005801221669518389,-0.013407309160722513,-0.01400920526425732
2023-11-15,-0.006955634005259999,-0.014033340095941116,-0.026920980695163143,-0.04143740054331168,-0.04280461426240823
2023-11-16,-0.012364211235139299,-0.020752298690077962,-0.029864353151068636,-0.020683845216938,-0.018341989867678217
2023-11-17,-0.03752358905665178,-0.03982667177214676,-0.027803004262174677,-0.02371510152801365,-0.01815456200365248
2023-11-20,-0.05389101685856631,-0.05029024247606856,-0.05058430793614404,-0.03626176307875767,-0.04128533194176713
2023-11-21,-0.049486863972046255,-0.04455727516340482,-0.04778944672463183,-0.0451295007229055,-0.04705323776213461
2023-11-22,-0.04523602473423537,-0.0501484643364528,-0.053728148288687834,-0.04871908795084706,-0.054964141708742205
2023-11-23,-0.05158682763263744,-0.05683973911718999,-0.0482142678257666,-0.04863441621229683,-0.05751180609180602
2023-11-24,-0.04870329590507309,-0.052838798116622655,-0.04977331700058527,-0.05070252444919502,-0.059079873230847756
2023-11-27,-0.0539919980139612,-0.04648766509648886,-0.04771170688397574,-0.04659842377784341,-0.05065928306423105
2023-11-28,-0.07022257946379863,-0.05437538933578537,-0.06467827808521859,-0.060928288862667705,-0.06212253836435218
2023-11-29,-0.05314001598787673,-0.04917400063710639,-0.05128546911732711,-0.05436509775812035,-0.044616385074704716
2023-11-30,-0.03978027507328713,-0.03429039120750209,-0.029355921645477262,-0.025559207217159645,-0.03085270122656476
2023-12-01,-0.03602789912083691,-0.02658895082828082,-0.024111406847102845,-0.029381532417100783,-0.028197945876552964
2023-12-04,-0.04361481046519737,-0.029499958105474785,-0.029579998641104208,-0.023845337626585406,-0.024219841070046846
2023-12-05,-0.032978490214430584,-0.005165228702488924,-0.011541252421246328,-0.004634722065407158,-0.014064965858059822
2023-12-06,-0.037117036533668483,-0.0173568241209552,-0.019655668846928105,-0.01871820300634772,-0.02932054452606633
2023-12-07,-0.04652973787255777,-0.02820695746743682,-0.025058645575994975,-0.03188278609267685,-0.049338770522024684
2023-12-08,-0.05874083243282103,-0.04775875202104977,-0.03929997528418849,-0.042904454440658726,-0.07205662719105418
2023-12-11,-0.0794828254158452,-0.04923203557625233,-0.050477792657775376,-0.05443737524851106,-0.05625623406116915
2023-12-12,-0.07687598389610714,-0.05617590558921686,-0.05811705041196241,-0.06546306003926691,-0.06913410707807656
2023-12-13,-0.06083171093940366,-0.04463833218383268,-0.03646009547955373,-0.03689271417923545,-0.041321490271827487
2023-12-14,-0.053799566466117735,-0.039320534259663614,-0.05725554807777856,-0.03128915431550062,-0.04675582749675076
2023-12-15,-0.06530027309838699,-0.04514782123186531,-0.042660244382182216,-0.028223500475531245,-0.03012135245915377
2023-12-18,-0.06088545180962882,-0.030052780294832375,-0.020395264275023958,-0.02318336639569199,-0.024037387213205245
2023-12-19,-0.07507934933296978,-0.05324341359465288,-0.055680895947711265,-0.03975203860056813,-0.04431839102584051
2023-12-20,-0.061486367503759014,-0.034804926350799244,-0.040907439027943984,-0.035969416376166,-0.03647410811561358
2023-12-21,-0.07715308814272183,-0.06682219048761942,-0.06344152612763843,-0.04288572459846339,-0.033592324448662635
2023-12-22,-0.1086332407424024,-0.09433389015904205,-0.08983729403791343,-0.08613597765546059,-0.08607609786053075
2023-12-25,-0.0988554081520316,-0.07505467861009237,-0.07607358737370681,-0.07360887978759265,-0.0828758389665598
2023-12-26,-0.05370442759993178,-0.04204540163432545,-0.04867669596663887,-0.055098272245123356,-0.07591102972648496
2023-12-27,-0.03572902559692382,-0.025422234923508962,-0.03255891867226689,-0.026786049299894303,-0.031454420667885556
2023-12-28,-0.045838712997258634,-0.05040730106359116,-0.051816851407541845,-0.0392634968838404,-0.05641234909058844
2023-12-29,-0.05840089220681397,-0.06270461260516597,-0.07657674956686615,-0.0773822241420268,-0.10018888128278086
2024-01-02,-0.11089400659752946,-0.1082196792211718,-0.09052239880152885,-0.08665755682471096,-0.08595749932519912
2024-01-03,-0.1344366854885832,-0.13643199668730557,-0.11502340260460961,-0.11684703346435897,-0.11007149084448538
2024-01-04,-0.15769459450367532,-0.13443640441994328,-0.13105963706022494,-0.10445109663226791,-0.09587811350928302
2024-01-05,-0.15610592749936583,-0.1516246386983054,-0.15192294130979073,-0.14033750603094988,-0.08988250933558166
2024-01-08,-0.1948633889407572,-0.17582403250580822,-0.14040237491761143,-0.13369531160815093,-0.1319484631765105
2024-01-09,-0.15221793921764448,-0.13073543411406224,-0.08293330347146731,-0.09421295208420248,-0.0994881087549347
2024-01-10,-0.11696824404620229,-0.06448875962323491,-0.05791466819937314,-0.06367080332146656,-0.09022996490589366
2024-01-11,-0.09911708631391736,-0.06496605454278384,-0.045029658279358425,-0.04520766888990063,-0.0835425284988292
2024-01-12,-0.07214675749735605,-0.031175532953150686,-0.049387784219784577,-0.041283221300962174,-0.0779155537466514
2024-01-15,-0.06953352270580944,-0.051872194991094196,-0.0426602045603852,-0.029845203006784376,-0.055634689804989874
2024-01-16,-0.04835522484693857,-0.05583271122081807,-0.03286943767841215,-0.03505442982498684,-0.03909477665257032
2024-01-17,-0.019461446296050275,-0.01605137238598257,-0.004907158233519655,0.0006750410645381604,0.002316991928907525
2024-01-18,-0.015117225537885932,-0.004823513943585271,0.0038585270539425276,0.01781118828271513,0.013415122776275499
2024-01-19,-0.00037646935943286275,0.016242530716480064,0.018387859389346162,0.013610930268981506,0.009606571483865243
2024-01-22,0.08331869548116203,0.09137461637602937,0.08369554170125956,0.08701954582730223,0.06740377392451183
2024-01-23,0.01856560842948476,0.04293970089094537,0.0480367541226627,0.048029797110678986,0.021833076445217973
2024-01-24,0.03990337910369589,0.05951361740597595,0.06048969249159728,0.048098900697049196,0.03515966842049805
2024-01-25,0.009479054037027833,0.02637273453119514,0.022586333003111615,0.03433170369747156,0.025657776606110464
2024-01-26,0.030424028106270744,0.04462311092028739,0.044587686359140816,0.0255513000571743,-0.00045668287839284146
2024-01-29,0.045077854931777656,0.05276567536043468,0.05119317812759989,0.04498886161599113,0.021317430316343314
2024-01-30,0.08179226688860242,0.09184240733565778,0.07822274457005095,0.052886463688129735,0.055731525964520814
2024-01-31,0.11302853742683458,0.10491405393901793,0.08950306119493937,0.08603280515019823,0.07063404347554356
2024-02-01,0.11248966109448381,0.12256041122840564,0.1060620207437361,0.11620602928774944,0.10695539148944787
2024-02-02,0.1818416527021926,0.16588173983709792,0.17250008701291136,0.15644759240082567,0.15512326288775613
2024-02-05,0.2385138891507518,0.21299880790166334,0.2151697204789324,0.2143074167264038,0.24055594854840603
2024-02-06,0.1782506636108904,0.14877945308257529,0.14231197612684351,0.15933845798562335,0.16260284574724743
2024-02-07,0.16047497217525952,0.13054552561024943,0.1380545792204744,0.09595197265678056,0.07044657303207322
2024-02-08,0.11894908684415913,0.10133441970248823,0.10940609277956768,0.08628730950593332,0.08144539791075539
2024-02-19,0.0995230453051838,0.08471502492790965,0.08429933069016075,0.10587283301178554,0.13076144322898298
2024-02-20,0.084659685359167,0.0732779387861123,0.08226903391249285,0.08287271642603129,0.11978954928915972
2024-02-21,0.07365027395941874,0.08884416278591238,0.0852064264443478,0.08315332391997225,0.10464891553176807
2024-02-22,0.05112462845603763,0.060775556605539634,0.061196188693546365,0.07001963001885668,0.12030260605997564
2024-02-23,0.016889698476103946,0.029371465487565654,0.037866821060798576,0.0543592245844115,0.09579481927116733
2024-02-26,0.01079743566780203,0.01899926536543776,0.024017361059410262,0.024518491052846487,0.06046497072719927
2024-02-27,-0.0002985811301155143,0.0005383138461384344,0.002944917614954295,0.013623575229778384,0.01309246097891093
2024-02-28,0.01504160551854309,0.012165669691235632,0.01879198095648363,0.007971633745136245,0.008323033773474734
2024-02-29,-0.003477639744530284,0.0040332565735932925,-0.0044393109023312316,-0.0035651057247663184,-0.008694971141443394
2024-03-01,0.0008476086456488987,0.007172949480516763,-0.005654178068127296,0.00043862141536745504,0.0008702083303823013
2024-03-04,0.025732666364210777,0.027987009591305612,0.0160737134068677,0.016505929633044474,0.009252729502870892
2024-03-05,0.03982219308282827,0.027733460994216513,0.0264225696164687,0.00507964781942139,0.022631390861285846
2024-03-06,0.030124686994209764,0.014848697429207712,0.013752750483483176,0.0202819342518685,0.015024429862963077
2024-03-07,0.021766764014252496,0.004895939082508777,-0.002894977760831885,0.011600623657339892,0.03153193502059291
2024-03-08,0.016948413569182596,0.02044401901591459,0.022036413535198893,0.0047340975955464685,0.002681943016781352
2024-03-11,-0.02192873271419724,-0.02149358971449656,-0.01731073680290212,-0.0074354308271402745,-0.021931747075265847
2024-03-12,-0.019616348724280416,-0.01814954561743968,-0.015935069644541347,-0.0199057478487419,-0.017159187290513148
2024-03-13,-0.007795613581301895,-0.012975826113355748,-0.02383498447763851,-0.027664211080346973,-0.04804948216390067
2024-03-14,-0.01126354737338064,-0.03229965752992483,-0.021888791308469196,-0.02535443280644446,-0.016197505069081602
2024-03-15,-0.07495948250599292,-0.07114076751168762,-0.07243015877168103,-0.06198143095325885,-0.04189397842483066
2024-03-18,-0.05835067995709951,-0.042130246897010684,-0.04294769741253595,-0.045824098626306424,-0.035706239419271625
2024-03-19,-0.0318518654661768,-0.03817484106455614,-0.04125701811440272,-0.04727488012622332,-0.03544548012666459
2024-03-20,-0.03146704557351965,-0.032191747101201394,-0.04583785381321694,-0.0714852417649535,-0.06607665453259752
2024-03-21,-0.022611854144498983,-0.04547495294424503,-0.0537497346059468,-0.06886974009050327,-0.07997939560746206
2024-03-22,-0.024549421280930253,-0.05219621269697138,-0.03843602603158121,-0.04545732796939057,-0.08012741520387523
2024-03-25,-0.03202444389120946,-0.005186548027858308,-0.02296207833437869,-0.028226409671967982,-0.032562158217093115
2024-03-26,-0.00958562943145654,-0.0241973897866444,-0.015997964739444117,-0.022463334629628816,-0.04207355249616269
2024-03-27,0.02080026718966505,0.024173119034178393,0.02092280400435912,0.02124787468698421,0.008052007100011157
2024-03-28,0.00895068419994658,0.028963855364334982,0.033444564194155764,0.035817925703527355,0.026832760925867564
2024-03-29,-0.006489879807124895,0.008152245774444572,0.01881030438808427,0.02017602107899357,0.009056582469310294
2024-04-01,-0.028850660813579218,0.0061009145015064,0.015689923162651064,0.01963218032178616,0.024787171583788126
2024-04-02,-0.001226765545115771,0.0141042380949622,0.009228872057599624,0.02037547818603414,0.011042972725176394
2024-04-03,-0.011452321030196918,-0.002953923418739882,0.014140516557103563,0.015059553173504412,-0.0064631300636865
2024-04-08,0.016734977608495315,0.037359668297837094,0.04049798318647013,0.03605309437472116,0.029406286039370955
2024-04-09,-0.01024836420341705,0.02123033490289688,0.03257792321498345,0.033277194835351055,0.014185629883935107
2024-04-10,0.017225595797913214,0.042465258026796786,0.025281659564032423,0.020479996368747935,0.03255827857720264
2024-04-11,0.020280425043567488,0.02948495789807208,0.03033225651500393,0.027853291973167327,0.029318354981921382
2024-04-12,0.01579546276451238,0.02258728827450743,0.03405268365612672,0.028029650861449033,0.03170824069872424
2024-04-15,0.0067555701434360155,0.03077378907668388,0.038809160857774604,0.03547865179959429,0.0318175566398925
2024-04-16,0.0786485318801039,0.07574475450761702,0.09069916481741337,0.08023631280153737,0.07492265908471385
2024-04-17,0.04685424623970263,0.06002209286524294,0.04697313483509184,0.04828086548666586,0.031272505154534745
2024-04-18,0.0517083918458655,0.0406592664964533,0.04366879304494829,0.032664101433985744,0.024860912401859177
2024-04-19,0.0742035521428695,0.0632973096300929,0.046281268055682494,0.0342479411651474,0.015752446802539927
2024-04-22,0.0413923017291175,0.035057052962496296,0.031129720597499338,0.02632839295477647,0.021489277611012856
2024-04-23,0.03533253278235782,0.029595144889856484,0.02865721481360684,0.026267716683757165,0.01893083285505218
2024-04-24,0.022055111730508635,0.036369525689627105,0.03575080919064531,0.02267578738445634,0.012338354756192948
2024-04-25,0.014570188719988646,0.005660982326622921,0.008039027958962058,0.019327439091435538,0.015476601726245475
2024-04-26,-0.013581690369192408,0.004206812606446159,-0.005906953542116502,-0.00462776196399045,-0.005298339155828021
2024-04-29,-0.03447980197243698,-0.03954188984142073,-0.034325777889246206,-0.02396880847884054,-0.025979244916855857
2024-04-30,-0.03217465555897781,-0.015978252962267583,-0.02631644235765227,-0.025383452126937364,-0.00815703283633966
2024-05-06,-0.057272633690556275,-0.05409654442175842,-0.043297242580493334,-0.043871945147812216,-0.04884072141481417
2024-05-07,-0.05130744707062825,-0.03672454787789877,-0.04197010747435308,-0.0388197007901176,-0.05054962598464032
2024-05-08,-0.04196960190209702,-0.03458484727727659,-0.03845760375176067,-0.04899484372208944,-0.05651645240628003
2024-05-09,-0.07677075388234111,-0.07053774958058671,-0.07658887283775746,-0.07004292456207874,-0.08215414812305515
2024-05-10,-0.07005637074859851,-0.07539370630764643,-0.06587127278552744,-0.06862442547802268,-0.05854374589226375
2024-05-13,-0.05680760011922631,-0.06328110245121611,-0.06329795485373586,-0.06100428447641405,-0.06480012643375826
2024-05-14,-0.06044399243988239,-0.060408533354310436,-0.05610454057006328,-0.05552987346081222,-0.07024202336171008
2024-05-15,-0.07028458689794383,-0.05263539305083472,-0.05572980501353592,-0.052681465621773,-0.06983832372588579
2024-05-16,-0.05761055504246507,-0.05510773099933595,-0.05492370110885865,-0.056448839538731,-0.0743586827740419
2024-05-17,-0.06731931182400554,-0.06013218897029279,-0.0683064203692517,-0.0695064805681605,-0.10485202344033101
2024-05-20,-0.06005558058634529,-0.06515605676168516,-0.061372358381717666,-0.06673421071176348,-0.10413750445111636
2024-05-21,-0.06178284333422235,-0.05674516354023598,-0.07068117191998687,-0.08579289565352226,-0.09701805372021315
2024-05-22,-0.08386905181505244,-0.08454901865547047,-0.07574241318521377,-0.09212571590899968,-0.1195130815548245
2024-05-23,-0.052847473445340507,-0.059261782699164406,-0.06851748964842018,-0.08313403762684847,-0.09565560409772711
2024-05-24,-0.09583802762642472,-0.08804409945452192,-0.08876621073280933,-0.08450240791684786,-0.07376367137629258
2024-05-27,-0.10777004319387513,-0.10545349550669506,-0.10650651280043268,-0.10046173705476587,-0.07664487247837458
2024-05-28,-0.0776513109824449,-0.0760135302317484,-0.07709986555419603,-0.06396355153312566,-0.06314084489701403
2024-05-29,-0.08369821590929577,-0.0904264944165672,-0.08339438584209324,-0.07928479416698431,-0.10921263248951599
2024-05-30,-0.0975217558503458,-0.0837521342141871,-0.08514241024067956,-0.08136702487442359,-0.06527956739813394
2024-05-31,-0.10204219801563158,-0.07525891126172612,-0.07481559504630234,-0.05121153007424052,-0.07546276970853191
2024-06-03,-0.08238498541645382,-0.0764984999015696,-0.06582015070117901,-0.061812575133228444,-0.06149292116175305
2024-06-04,-0.08968377231109137,-0.08359777863936926,-0.08089878824614634,-0.07075192783627808,-0.07149934529811046
2024-06-05,-0.09564512841521781,-0.08947159714189358,-0.08720015942165028,-0.07693104321651016,-0.0753942904553026
2024-06-06,-0.07510484928821497,-0.06388028837108504,-0.06549711160696046,-0.059648038831614646,-0.03678407756782634
2024-06-07,-0.09686658010621282,-0.08877855164554943,-0.08490935484882702,-0.07718613758921908,-0.07441740992679301
2024-06-11,-0.09325388306584588,-0.0707067271214136,-0.07379775665632399,-0.05775382297621675,-0.055786321983496444
2024-06-12,-0.09590991916316631,-0.07901954217629112,-0.08002001040320723,-0.08436153229587315,-0.06576460464815548
2024-06-13,-0.06889318747065773,-0.047539822318531266,-0.04388413204036258,-0.039015372835419816,-0.058062442309106364
2024-06-14,-0.06226288915597421,-0.05114944983748423,-0.047910280669228505,-0.047665059840895446,-0.06267014608499122
2024-06-17,-0.06124631742531065,-0.06290801487257232,-0.059483679384256936,-0.052947085269432835,-0.05574370348474029
2024-06-18,-0.07138411448673816,-0.06580301695342755,-0.06536834504640113,-0.061918671061443296,-0.044660242690984606
2024-06-19,-0.05981325762946103,-0.06186233592827577,-0.053158715911758976,-0.05719632780226049,-0.04909197524454803
2024-06-20,-0.041247070764942724,-0.03430284023596566,-0.0316683736409524,-0.03758399086310139,-0.03329700390477742
2024-06-21,-0.04323843681317849,-0.03688034089759691,-0.037710267729061574,-0.0225832975245389,-0.02964145705077512
2024-06-24,-0.01834470300318727,-0.011864962357288211,-0.010074491936313804,-0.0018708573773137535,-0.004631185795412273
2024-06-25,-0.040867511029127015,-0.026564063181542443,-0.01993932707247526,-0.025069195371377286,-0.017681549862569635
2024-06-26,-0.04709450869590221,-0.053505464097585984,-0.04996635804638199,-0.057738816149630154,-0.07210892046297437
2024-06-27,-0.03348049792558802,-0.029812328685981007,-0.03410998331379633,-0.044669438030316255,-0.03716520916822839
2024-06-28,-0.021649449319389197,-0.021647219473013467,-0.027841987062588336,-0.03689575228263809,-0.018091400131556676
2024-07-01,-0.010982303396667078,-0.044826321166166895,-0.046876038601991785,-0.04206646414332636,-0.04690261448767859
2024-07-02,-0.013495811977298282,-0.02757483890636819,-0.036213493282537416,-0.04482120664124604,-0.03575453017229862
2024-07-03,0.010366936241935281,0.016385204256551968,0.000279823770530505,-0.001375382116839385,0.0029866255569939797
2024-07-04,0.020031793818148066,0.023405112391134925,0.013841033254756937,0.030942657060498938,0.019932480685942465
2024-07-05,0.023350289215242844,-0.0008475497960452404,-0.005057858433350146,-0.0022189323825707492,0.0029426119642868478
2024-07-08,0.008543382819042648,0.0059789895348973,0.004877281814412881,0.004338648764387699,0.018893030131518416
2024-07-09,0.0065615122579577405,0.004522982362201341,0.008869525171710921,0.006565105730313978,0.006349132309863307
2024-07-10,0.03126398613747776,0.023263337104228534,0.013545760568606232,0.004138393483822313,-0.009891989277388808
2024-07-11,4.557700069865988e-05,-0.0024888304699870025,-0.00608338247317684,-0.024436807318307583,-0.016969537702964565
2024-07-12,0.00037977098450599786,-0.013410339032578775,-0.01687380360482145,-0.03371865234829763,-0.021217150819205173
2024-07-15,-0.00036564128738351194,-0.0073077330631118745,-0.013200255429894087,-0.02518378015808309,-0.018267251475286492
2024-07-16,0.019139822621332944,0.003980441401924385,-0.008863390644402992,-0.022926183271561856,-0.05231839520219572
2024-07-17,0.005493264926050497,-0.0020978081030013857,-0.01855643680174522,-0.03152356705720272,-0.0373851475143901
2024-07-18,0.014845518315133878,-0.011297962223185722,-0.017118437581125724,-0.015636141073965562,-0.02548695736628812
2024-07-19,0.008622268261278772,-0.0117963506962091,-0.026340294131610847,-0.025071474754597634,-0.045038403914231404
2024-07-22,0.0029423357921236457,-0.008639952819720102,-0.03036827291834588,-0.024208709495529303,-0.028911879480447242
2024-07-23,-0.00018545241367726355,-0.012462861316083958,-0.010723843057471358,-0.012186245275572325,-0.017725146927748195
2024-07-24,0.0012164059753748402,-0.0034343386243911277,-0.007436243328762415,-0.0029239629495940163,-0.005471723796699564
2024-07-25,-0.0019018692534115607,-0.02491561177735887,-0.01852387840096073,-0.022892707131516303,-0.02069455838125934
2024-07-26,-0.027075917162793,-0.034304931239769305,-0.02370616083190795,-0.028984274765459055,-0.03872576755926823
2024-07-29,-0.011703235887985022,-0.020484072398097693,-0.02442610363790544,-0.024109359590045454,-0.03805532442513116
2024-07-30,-0.03429801626840853,-0.040091162222295675,-0.024207753529611593,-0.03433083292557962,-0.050123805292121876
2024-07-31,-0.06560936256576788,-0.07468254242247115,-0.06201615208375378,-0.06577209703246352,-0.07207666799462509
2024-08-01,-0.04829752741615323,-0.04719812422284943,-0.04985700309195795,-0.05390066534855457,-0.07124462381606841
2024-08-02,-0.015282119162621443,-0.02701149145327239,-0.028942298425671864,-0.025119731992940205,-0.04257270342832759
2024-08-05,-0.022253866064418683,-0.024328107979487083,-0.02700769082970297,-0.031029589396674214,-0.03531484571293349
2024-08-06,-0.01701127868384588,-0.024780158467298807,-0.027187494676861712,-0.03806317897026948,-0.05618637627891261
2024-08-07,-0.015891516543553672,-0.031184011653643744,-0.04645902345131402,-0.04280652969726763,-0.048404391124753185
2024-08-08,-0.032789292787440166,-0.02002593540841636,-0.03029064430553382,-0.027816675739572336,-0.04661767675204533
2024-08-09,-0.03454664721388699,-0.03692677378842039,-0.02164825353647108,-0.041534739656541586,-0.048345998813379004
2024-08-12,-0.04206308042877928,-0.02872533082875602,-0.0373128257403269,-0.04072717337515926,-0.04455841582556428
2024-08-13,-0.028951281105723967,-0.04087303167691602,-0.03408036945911911,-0.05734359200526288,-0.045424012156651844
2024-08-14,-0.03208037863440096,-0.02259512045693396,-0.036401944838378004,-0.04756970605437996,-0.032217591537074895
2024-08-15,-0.047894147416836765,-0.0561964526705753,-0.046012330324157705,-0.04658248098473433,-0.028421876053735376
2024-08-16,-0.04004663803030835,-0.050791556755732256,-0.0441253231639105,-0.04965762758065259,-0.04774685648001484
2024-08-19,-0.041317286268343495,-0.04062430741521678,-0.04601737272451559,-0.05466679890990842,-0.06226873067329039
2024-08-20,-0.010725996842773986,-0.02098627251292461,-0.013894750006894538,-0.022061758278210702,-0.01956723205318268
2024-08-21,-0.004989257746176721,-0.013370412868832162,-0.010157374268151704,-0.02183324886134803,-0.022639105639100092
2024-08-22,-0.0005526072452318024,-0.0022429266228852973,-0.006689686482996544,0.0022255476144562546,-0.00260727693142757
2024-08-23,0.04828985693616344,0.03818427590367505,0.0383060524126951,0.03213088083437032,0.03518980787471401
2024-08-26,0.06938605324425139,0.048307997607644766,0.04081711028253007,0.04158009958346724,0.03355550344612444
2024-08-27,0.12421044020747775,0.1113805937064638,0.09485050417103928,0.10312877683150988,0.08756863714369591
2024-08-28,0.19845667568635603,0.1533895602970341,0.1654317701542039,0.1388854658455855,0.14096156872254914
2024-08-29,0.2832947039564711,0.275747876574792,0.25310087461598274,0.2649973776979062,0.23122182359860832
2024-08-30,0.3218750660835118,0.3234893508695145,0.31438522846031963,0.34631718205060286,0.31922571587827875
2024-09-02,0.28723038516218447,0.27901767652971876,0.25776596469748053,0.23808929450847446,0.19820290187474476
2024-09-03,0.2716117816010959,0.2622813875189642,0.2347730246137085,0.21046451504447927,0.19686989343186584
2024-09-04,0.22213112171350258,0.1904058162257462,0.20535091195438618,0.19073697195689357,0.17645285983100212
2024-09-05,0.2191285399746652,0.21298779518192795,0.2294203155769195,0.21185222398761358,0.22431358829105144
2024-09-06,0.17579325430006076,0.20857918367968079,0.21502707271592897,0.20358224190106985,0.23892468240287038
2024-09-09,0.22907965053639234,0.2277591154334585,0.21355645696630282,0.1947569080774442,0.22409670716259758
2024-09-10,0.19991248952897064,0.2000585371683852,0.20677356953518264,0.21343515125570936,0.20681524308866234
2024-09-11,0.275903115056517,0.2721776269155772,0.2794527677005352,0.21914883575577365,0.2117870271063557
2024-09-12,0.277578815838621,0.27972557211954996,0.24907354793566513,0.2382645569563579,0.29670839168422813
2024-09-13,0.2723616024022795,0.2880609526298512,0.3125482557174326,0.2881931576440967,0.3052700701142488
2024-09-18,0.3267080936098234,0.308565054576664,0.299055656264057,0.2788845220970079,0.30092022817709335
2024-09-19,0.2810361667567215,0.25842488984389517,0.253975288420833,0.2554109933603112,0.31232598564597347
2024-09-20,0.3038869797842484,0.2743053534190823,0.3015110375926633,0.2935417678678869,0.321766187720132
2024-09-23,0.3367818511095671,0.3173325685093837,0.30933136512389925,0.31539330743657074,0.34491983539258075
2024-09-24,0.26145076112109955,0.22699294541756979,0.2532310998618305,0.255707966551323,0.2741965262307964
2024-09-25,0.26227783961600853,0.21503011502761543,0.2507183416917002,0.2227406264367538,0.2650318289354223
2024-09-26,0.23577360413318615,0.19162052586240144,0.21177085528007814,0.1862000619307004,0.22195283826302684
2024-09-27,0.11745837130948392,0.1287443014560144,0.13571388434008477,0.12676146544349223,0.1415334936490577
2024-09-30,0.09781711524039098,0.03405784124140248,0.019209943315081135,0.02268410130625219,0.02626906531458774
2024-10-08,0.05921010981118729,0.0056339358583992975,-0.006671356299661066,-0.02285546934931871,-0.015131468450609066
2024-10-09,0.13977707027845543,0.08126862556638216,0.08625016502348569,0.0889294072848762,0.05953856476925933
2024-10-10,0.164895591568359,0.1280742774245006,0.09849258559875883,0.09141326906005419,0.12495587464751731
2024-10-11,0.16019933030730066,0.1366633453298053,0.14865220060118073,0.1549821008865036,0.20271925905189972
2024-10-14,0.16504288172693732,0.13021572898722358,0.1464034807300312,0.1427782613539708,0.15878193743663782
2024-10-15,0.1478051868306176,0.14373570207255423,0.13725711279402844,0.1848598143878319,0.19572305569071938
2024-10-16,0.139896544389344,0.18778571913130676,0.16267992936731926,0.15734355876819,0.14956519946394034
2024-10-17,0.11958992882248337,0.11450449321032806,0.1454039592654385,0.15136232218889784,0.16210808813595196
2024-10-18,0.09188574435672953,0.07992548068038521,0.07033677452312123,0.07260682734990213,0.07718305736531786
2024-10-21,0.09432794647714533,0.0650261111127659,0.05491197259431291,0.04761752450306821,0.02047097034906897
2024-10-22,0.06234539990379963,0.054785764036660675,0.05141398993878898,0.06763829939416881,0.0640091614013985
2024-10-23,0.043426353964115566,0.04922176505663667,0.07239375008733373,0.0912067549638689,0.08374828896661773
2024-10-24,0.04983410136315471,0.057155550079948325,0.07688020140816308,0.10096827430125391,0.08687220568720258
2024-10-25,0.004970166059050199,0.016967054302380928,0.014404380226164859,0.036677178534771815,0.025217577937413062
2024-10-28,-0.001211869524628061,-0.010140118205041931,-0.006659167673031933,0.022679412373039297,0.001426974527945733
2024-10-29,-0.0026023330325294337,0.010600524619922023,0.0129180588660938,0.016545761840311174,0.013216942350868344
2024-10-30,0.02704656114671971,0.032602089315082766,0.04497268592201189,0.024209488536810767,0.006105966193252388
2024-10-31,0.014192152145223924,0.02297354829304329,0.011537831911472864,0.024930557232795223,-0.008696632634541611
2024-11-01,0.040630617724807624,0.04897343829954627,0.04340528338777723,0.0545904773144778,0.02865782787942553
2024-11-04,0.06022500141984694,0.04274725525441023,0.03765223614712798,0.040248828247955996,0.04964911524301578
2024-11-05,0.011306320629900437,0.019039537950244344,0.004653676304760047,0.021175181743900408,0.01984144414898559
2024-11-06,-0.003605380867790105,-0.008815514807982839,3.233341589316554e-05,-0.0029753553435425202,0.0011278793654953135
2024-11-07,-0.023925499369070288,-0.029070474408165785,-0.019241813785680226,-0.021215250253830403,-0.011713857204766647
2024-11-08,-0.010225913770778108,-0.0034499329638142456,0.0009809367890613323,-0.0007905052082355738,0.002099135745846094
2024-11-11,-0.02121202378493029,-0.021963429538180288,-0.012861554294007708,-0.02310775116911557,-0.028775851450126125
2024-11-12,-0.004752962627779604,-0.0002711858110221947,0.010008892805770343,-0.009080004620229266,-0.023390646173578344
2024-11-13,0.0047877399046051235,0.012309686687832125,0.008020338335993698,0.009984902882434813,0.005147902800362589
2024-11-14,0.05930166910844214,0.03921858170006774,0.04587303138378992,0.03793184336882964,0.04341726108522985
2024-11-15,0.06452105622152783,0.04127181044552969,0.03524739971006086,0.041355638185362205,0.04190782023725668
2024-11-18,0.06162152966015553,0.037622074894643316,0.046831508070953806,0.06281097417450271,0.03782080451217636
2024-11-19,0.024658469524503224,0.019457438091771043,0.013441738320636684,0.0015201945970437108,0.00648207067147711
2024-11-20,0.00528472047063818,0.0046720913771130315,0.006781184882487059,0.003563325573425904,0.00016594662987500996
2024-11-21,0.008866937044763908,0.008844746386472901,0.01142063255554906,-0.008626943463715687,-0.006075198267962732
2024-11-22,0.04901172274965001,0.04013404420917559,0.04306008893962069,0.03577123042593529,0.039515356379442604
2024-11-25,0.020628154174318118,0.008958308366654429,0.014478539078412444,0.02703084884162211,0.010578865334322873
2024-11-26,0.03979524004068649,0.03028005218493233,0.03644801536356773,0.026263484557525942,0.03130556870108101
2024-11-27,-0.001094617762387205,0.007932269109359921,0.00690204832282547,0.0071042838732388435,-0.0070421695739374054
2024-11-28,0.01458173175637949,0.005038359616069754,0.02516080987773994,0.014020090758119757,-0.007565984009755022
2024-11-29,-0.006351142741159361,-0.009096106196850456,0.0029715699414436035,0.01800752934376588,-0.0008509903246815914
2024-12-02,-0.028135556498237797,-0.015581370333868362,-0.019485308740738935,-0.019081873990711973,-0.022881696629653385
2024-12-03,-0.049270688802848996,-0.04179175313242319,-0.03685231724922081,-0.051850348205120814,-0.04277758006481894
2024-12-04,-0.0579596489821116,-0.06556312563395847,-0.0513819683784075,-0.0634612524097877,-0.048522220342167244
2024-12-05,-0.09263036548755439,-0.07743594100561901,-0.07689786343581612,-0.07539523674043487,-0.10119181573338208
2024-12-06,-0.09720083439732011,-0.08166659804340572,-0.09032466687971692,-0.10035302972212123,-0.12589924177154557
2024-12-09,-0.09152887631407301,-0.07482232505864099,-0.0787750234539666,-0.08172039384698639,-0.1002389445390759
2024-12-10,-0.10749380119131703,-0.08962705513207335,-0.08752323359611222,-0.08780870932099971,-0.09825878889986596
2024-12-11,-0.1118985221777806,-0.10387957991616399,-0.0944316847469421,-0.10497358400140575,-0.12128969470301307
2024-12-12,-0.1376107030579572,-0.1178459685278035,-0.1253541399833755,-0.1306566565179826,-0.15373371822230283
2024-12-13,-0.11988025504727802,-0.1072938458845852,-0.10841547890082641,-0.11085327247985097,-0.127293636368921
2024-12-16,-0.07914264601330775,-0.06672891780918687,-0.06982301037950808,-0.07445368922874726,-0.09042786335740921
2024-12-17,-0.06937360469119781,-0.05730110204001854,-0.05907277369953868,-0.06641672957545734,-0.07297318539856487
2024-12-18,-0.07212554816791261,-0.07028771970784888,-0.06537565389060565,-0.04909126000415534,-0.06304881191709923
2024-12-19,-0.07050310136171452,-0.06241567748640996,-0.055656099145343085,-0.05962770386986675,-0.04997004034348227
2024-12-20,-0.08017453265597332,-0.055617397549052795,-0.05700996242305124,-0.04890176173596324,-0.048159046279535336
2024-12-23,-0.038961753683409636,-0.05186142744156104,-0.04039865630128025,-0.035080136020926515,-0.019342985174125336
2024-12-24,-0.07471014529984805,-0.06891785854532267,-0.056408946056449,-0.043153718463991936,-0.03602840832900414
2024-12-25,-0.05096174877158569,-0.04835596886478487,-0.04943362959226848,-0.04693053995966879,-0.04309636922857213
2024-12-26,-0.05654275037062092,-0.04646957973603899,-0.03942698021768723,-0.041453869396889546,-0.03220071327515881
2024-12-27,-0.06644649843785176,-0.061986457734559186,-0.049146701108700286,-0.04686747468463773,-0.04833829738747272
2024-12-30,-0.0467315882033671,-0.053780875604937585,-0.044820453164259276,-0.04556256957375172,-0.04871807531689417
2024-12-31,0.007654294506814101,0.0002921728592521563,-0.007872496758206182,-0.012047971541096285,-0.01754293747834442
2025-01-02,0.05372434753201245,0.043824242078503155,0.03639484148561973,0.023849693110125914,0.019914327307721524
2025-01-03,0.11269613471773304,0.0961737617152149,0.06526451840979818,0.04995949594366789,0.042952463692572496
2025-01-06,0.12435901861316344,0.09290441930444379,0.06259709367709576,0.037671050705803955,0.03590144637693627
2025-01-07,0.08318907042713754,0.09154661577409066,0.077407143301636,0.05701300470464902,0.0475627842225683
2025-01-08,0.08203583502500039,0.07970233544916315,0.06957018649070708,0.06756932207405975,0.04782006121982587
2025-01-09,0.07702277446862753,0.07827510415714986,0.07508878559278956,0.08512143966246201,0.065798165362817
2025-01-10,0.11786401106461904,0.10590688917848605,0.10948874593036335,0.08641326786355129,0.10415249306621002
2025-01-13,0.11388673643335254,0.08783341365712576,0.07055944725185484,0.0747189970582786,0.06246829132340902
2025-01-14,0.05133873463876431,0.06053873399182765,0.054120116985178504,0.07241554396504872,0.054935878062312954
2025-01-15,0.06317213129423707,0.07506811807784118,0.05948154260506041,0.07392555366541773,0.07285340605688069
2025-01-16,0.06979865205668832,0.07083743451086916,0.09348521542597432,0.07514494878634156,0.06448599860895776
2025-01-17,0.08186862533378166,0.08164107017581715,0.07233996125290852,0.06732766536736741,0.05981674413322109
2025-01-20,0.07468042859759745,0.07355544083626654,0.055871627076533245,0.04508831632100245,0.04707780734478433
2025-01-21,0.05810586683049081,0.0809018594757056,0.07564274679799525,0.07515465372516912,0.07984123457441954
2025-01-22,0.08736645624996081,0.07375253445189756,0.07146541694354008,0.07781898579402731,0.09604674899894021
2025-01-23,0.035759846956707905,0.05218450692405811,0.052607914722893015,0.0704819559079188,0.05486356590738727
2025-01-24,0.04007574015202139,0.04023066571921889,0.0337201125326318,0.05209759498073717,0.06100061875310971
2025-01-27,0.06059647652353631,0.07363470787827997,0.06071021572988721,0.0492198485530714,0.06326258292790546
2025-02-05,0.046577957746222635,0.042821057691689084,0.04719853072440718,0.05163440069752784,0.09871514755910724
2025-02-06,0.030735539182938688,0.029574961274455996,0.04055463433735602,0.05063466888941857,0.11215825024932913
2025-02-07,0.015160718645937057,0.016980194185211402,0.027927553509595384,0.030560355087595713,0.06475556771580486
2025-02-10,0.014499041915456897,0.008376287755115903,0.03172119362328766,0.016794584043492045,0.034333526119288256
2025-02-11,0.021295416153907898,0.02687309064907118,0.028466121042445475,0.033684044666577886,0.048423468392276334
2025-02-12,0.01391550593464586,0.014976517651619455,0.013660803637499478,0.029920126481281534,0.03425149698061952
2025-02-13,0.023417186423213936,0.025905715846337298,0.02693544267282321,0.014844977338395616,0.0071136561628967025
2025-02-14,0.049194069666839986,0.030419820589396882,0.030704419135728092,0.045045538352763946,0.009646909057675892
2025-02-17,0.039525599949192476,0.034538833518258365,0.04006781675276194,0.0218022524969897,0.014234419160195534
2025-02-18,0.06378790689114057,0.05899403331383907,0.054647608254286946,0.04508517800179333,0.04408051160963145
2025-02-19,0.03767295121139401,0.0314933744988714,0.02873439370892892,0.041726669516344614,0.028833937981571384
2025-02-20,0.018801812754041594,0.028538616071792484,0.03307471380685489,0.031051509591651257,0.01909288092995747
2025-02-21,0.018245002661112522,0.011589412044974491,0.014777379682578003,-0.004312140764044557,-0.01802117989230737
2025-02-24,0.003832996985942845,0.0010490269752531135,0.0010655533029404816,-0.002579967100072868,-0.015612525028937728
2025-02-25,0.007557058439547177,0.022349863104191528,0.01604285025878372,0.0013096457102308484,-0.023665248966096883
2025-02-26,-0.00017165360593417224,-0.0003373095268805644,-0.007126008427592868,-0.014479709602273889,-0.009328449425718106
2025-02-27,-0.00978688344639626,0.0038746517052546635,-0.010368377799238913,-0.004565271105898542,-0.013549740855848919
2025-02-28,0.005853990226683678,0.006531698936025871,0.018796511497152044,0.012301800899619868,0.006981375996155422
2025-03-03,-0.022944102791875746,-0.004175370076897724,0.009633026019881833,0.009566799598087167,-0.014541504406682915
2025-03-04,-0.014257721141500054,0.0036967759418924354,-0.0010331065447337976,0.012517327075473367,-0.017523810794837415
2025-03-05,-0.023130143498472866,-0.0027101877852803444,0.007802378047485806,0.003084852454015431,-0.0027857363092403382
2025-03-06,-0.028979277563139703,-0.02728821829999012,-0.011171540481708828,-0.010830430560488716,-0.03179914018425377
2025-03-07,-0.1118327571917314,-0.10462310625704113,-0.10663973611734481,-0.09786255650084086,-0.11914508009562501
2025-03-10,-0.14205476583167442,-0.09323227587695236,-0.08307726895993056,-0.08925865511914977,-0.10216431205874407
2025-03-11,-0.12835531348744106,-0.08408973265702828,-0.07622249090446563,-0.07780950564372625,-0.08464169861691095
2025-03-12,-0.08893782643972553,-0.06925541096828874,-0.06800298895143535,-0.0671161955235497,-0.07533053026221721
2025-03-13,-0.07642950597970281,-0.061201263321853196,-0.05341791901550885,-0.05508372264058065,-0.0723710343252464
2025-03-14,-0.10259696285072717,-0.0782421130490158,-0.059018544952539415,-0.05303259911629109,-0.05559232722976289
2025-03-17,-0.09973425148789998,-0.09261508785425589,-0.07238431867047827,-0.049371202621891624,-0.05658143603151238
2025-03-18,-0.11075167918089972,-0.0868536803957308,-0.06092441881331639,-0.06380869474721748,-0.09304333412148884
2025-03-19,-0.09148699794977308,-0.07668579743642771,-0.06913472073506378,-0.07838415489491746,-0.07208820075125993
2025-03-20,-0.09427743737013679,-0.07819460621705299,-0.06638854022778765,-0.07012560876201686,-0.0634463273020092
2025-03-21,-0.07305089258452249,-0.04526913949151012,-0.04773365318278263,-0.03488682869820336,-0.05892239969008485
2025-03-24,-0.07244324712282427,-0.05226451881335712,-0.031182674765676967,-0.032223144276558265,-0.04235889155253536
2025-03-25,-0.04700393613220726,-0.04619775006791453,-0.05139395521971591,-0.034755442535657856,-0.04659959327388539
2025-03-26,-0.06565246365482601,-0.05940851385124758,-0.043584070428161696,-0.035215923219802985,-0.05502427301145464
2025-03-27,-0.06703594958446416,-0.05426193310446707,-0.04944938922803655,-0.03152953853970551,-0.03989723696130649
2025-03-28,-0.07894906512739172,-0.04790425875840168,-0.04313913973516658,-0.03757349032306124,-0.039184994211248575
2025-03-31,-0.052466910941458764,-0.044280282332772765,-0.034429620798239274,-0.033516398170080716,-0.022841150427423063
2025-04-01,-0.049832702231629604,-0.04656628623105916,-0.03344300035068,-0.03829746451780205,-0.04412482994661189
2025-04-02,-0.024620936341179792,-0.024558376186500117,-0.02445814017852382,-0.024803531811350858,-0.024181420588943615
2025-04-03,-0.012551660102314947,-0.013557253779399293,-0.01266685186580784,-0.014012869058043366,-0.021779646494943794
2025-04-07,0.10795196018657412,0.1077790676615508,0.09599681591025616,0.09453830677854094,0.06750803895657086
2025-04-08,0.0988421445551491,0.08477891543119119,0.08460677393057953,0.07007736207274935,0.05512973754516388
2025-04-09,0.08205230046293625,0.07833856570859442,0.08405005363648431,0.07050612819922124,0.03686196738854388
2025-04-10,0.06579964392819536,0.06798176515526985,0.05111232906527433,0.04627847270534509,0.01290545884534625
2025-04-11,0.06401050438798311,0.05827863116143433,0.05910409280852245,0.05023294548105645,0.008580610534385651
2025-04-14,0.04264841494157691,0.03188449870015835,0.02558745837614744,0.025489375663761835,-0.004962595684496811
2025-04-15,0.04457045105423139,0.034064187357043064,0.028840314410612654,0.02564118808350855,0.005227167289142551
2025-04-16,0.05377597904615192,0.05130332938077313,0.03970382322041727,0.03958192094032784,0.026305617311307233
2025-04-17,0.06499926701586708,0.05656798065510688,0.054881908249563204,0.04552946373493355,0.012385566487385936
2025-04-18,0.05356537492406513,0.05731616561075526,0.04492939611244563,0.04153181182655558,0.03046359621694919
2025-04-21,0.028144658998574736,0.02240526025306433,0.030623110890734148,0.028886164836989088,0.0044395555410459975
2025-04-22,0.021145201105937504,0.01860220617245172,0.013920335323496671,0.023261069817427326,-0.015052996204321283
2025-04-23,0.025451896543516275,0.01659652406156523,0.011520033972996804,0.015548160739529054,0.002213113961687055
2025-04-24,0.023119120875547607,0.015619598919038531,0.02525642859841364,0.02138050586531723,0.0118194489991978
2025-04-25,0.02042015355341877,0.018804364288633857,0.012794640342209172,0.014570699524889706,0.0022584604118903863
2025-04-28,0.03139073244382387,0.04220481932132858,0.041507352739230036,0.03358063970004855,0.03369883735753122
2025-04-29,0.03376527334177239,0.021140760710451695,0.02187664106074797,0.02380240130762915,0.03277136630862408
2025-04-30,0.03564368665031059,0.03808613508513861,0.0328795335664401,0.016252406217913747,0.027617723737477524
2025-05-06,0.02465518945781201,0.023173312712913254,0.016983737968473803,0.00450855574532457,0.021357388459491883
2025-05-07,0.010319153374988444,0.013756186825322713,0.015080403708100371,0.01879856192418275,0.014729537033720616
2025-05-08,0.010828819606058127,0.007240054420608949,-0.00011179396861653781,0.012054795975978942,0.007577551761440806
2025-05-09,0.018796469458464152,0.03354893198343949,0.025170917492835558,0.021471936529582094,0.023110524433506495
2025-05-12,0.001076940646900824,0.02152737108231258,0.006038704062020883,0.007870837039046364,-0.0022484128689399447
2025-05-13,0.015325116771098672,0.020173798912732688,0.01166963748428668,0.020901891436529225,-0.009032922980804303
2025-05-14,0.031618954385735594,0.010763624457883507,-0.005629191336139353,0.011382350318191665,-0.007803075763215289
2025-05-15,0.022997071552827136,0.010241193487818028,-0.006973201652873429,-0.0006584046353511703,0.006797557598802268
2025-05-16,0.011817400070945668,0.0019277286762962812,0.016061722362696127,0.007532353732059556,0.015413462839956368
2025-05-19,0.006040924095858272,-0.00029955775616907955,0.004365226501481177,0.008114007784189694,0.003558919830886808
2025-05-20,-0.00800198223559689,-0.0040868452261290855,-0.008062593815437653,-0.004068197135045748,-0.0012354369330616552
2025-05-21,-0.013606348313001686,-0.014366758680166677,-0.01992862506668518,-0.017791080510809878,-0.028389032759311258
2025-05-22,-0.02195958889784703,-0.02074596935197405,-0.010402282217721968,-0.008037447814809272,-0.013050860866939299
2025-05-23,0.0064704770124815545,-0.0005812701051323113,0.0048054730775075735,0.01145331971747091,-0.00040450810139352534
2025-05-26,0.018587715571342155,0.02028364705336629,0.017113384406605626,0.009380260427380029,0.014485506318997277
2025-05-27,0.043780107275902286,0.03529908293689092,0.02690199368185212,0.028152645039916012,0.010936652796363688
2025-05-28,0.038461521733185886,0.036284151986601836,0.03190602590083676,0.030790115712804305,0.003730680018322587
2025-05-29,0.024454754937901953,0.025061484631636106,0.015786330712424333,0.005990197187085368,0.01739555749350211
2025-05-30,0.05014138999514096,0.03733191422785723,0.03662934701511521,0.028372120704781914,0.021471968410576
2025-06-03,0.05689466031455814,0.050124175501600664,0.03300683305547904,0.0036756630036744197,0.01796551598273338
2025-06-04,0.024739617477422354,0.022226691351988362,0.02116281447276802,0.012034947229033746,0.026837915036691203
2025-06-05,0.03436162157928831,0.022782246606882134,0.015455488113550402,0.017443958738214263,0.029211265891600818
2025-06-06,0.018139490539240664,0.02838039655966524,0.01626678910121831,0.014612898064535888,0.03272399472548747
2025-06-09,0.016020188288424726,0.005662738173287048,0.017581728743227717,0.013065620171626229,0.021874210654127046
2025-06-10,0.026416648285643236,0.039527409450203575,0.039157443328176104,0.03932401398567037,0.029589234168075115
2025-06-11,0.01771418516110749,0.03476542591312317,0.024794267819307877,0.031177074704348755,0.03181328558711174
2025-06-12,0.03335900648107146,0.04076108791760953,0.032985061115215306,0.029942473116861483,0.036001018432657274
2025-06-13,0.06003697739940871,0.05625165420070403,0.057871619734762375,0.047653249074386096,0.04112850840354534
2025-06-16,0.04951510801169603,0.04349889307200477,0.04919200635164988,0.04889483572071346,0.046711522827853715
2025-06-17,0.026053314554799988,0.046439307888072524,0.045472618657583695,0.047907943686424447,0.042826917024416974
2025-06-18,0.029391489974625557,0.04501620143935711,0.04462333205016203,0.055153872721104585,0.05404887238846143
2025-06-19,0.06037896972615973,0.06934356526514232,0.07172498136535263,0.07845638826587269,0.07113158252515954
2025-06-20,0.08261369286490913,0.08150575432032794,0.081598807750634,0.07936760384933232,0.07496882118078634
2025-06-23,0.08451138678526894,0.09602252224842367,0.09281494663710341,0.07905885189558677,0.06803109493393493
2025-06-24,0.07380645869970233,0.08086318626362217,0.08323294988318122,0.07906116835096882,0.07570942767899054
2025-06-25,0.06593963519823284,0.0680618897202065,0.059604928597017694,0.057811383303505035,0.05076785044613276
2025-06-26,0.09182558736454836,0.07799092971709394,0.08233320528348156,0.07462319770684178,0.07829078996198119
2025-06-27,0.08697446284061354,0.0747221622736731,0.06664441678478894,0.07408680212125288,0.0684133243048852
2025-06-30,0.06612543747896013,0.07304299758936829,0.06351589913621655,0.06262952806948363,0.0639540509582192
2025-07-01,0.06595735429549811,0.061866022587183434,0.06626961861341232,0.06206431562735871,0.07486693119138818
2025-07-02,0.06859074116472026,0.06234751184947306,0.05822451554452679,0.05469401265415685,0.07421309879449244
2025-07-03,0.03692654108441574,0.04671310046043804,0.03877255268580953,0.04075602068615714,0.0483297228423436
2025-07-04,0.03770172074635283,0.04111658965230687,0.04482188754618457,0.052345831357089596,0.05133296382409374
2025-07-07,0.04407895494617187,0.05868780401502063,0.05192970295009626,0.054474510411749916,0.04053244951612195
2025-07-08,0.04231653955614673,0.04249137222148277,0.04378415894778567,0.053382069476868896,0.0434843755909961
2025-07-09,0.05732100372629342,0.06707986286864367,0.055867758764325565,0.04180602303559095,0.042295556832684364
2025-07-10,0.05734274819808074,0.04897137634612607,0.056986132723140744,0.035872088805671304,0.028106100503410364
2025-07-11,0.05460702004049865,0.041801252061384596,0.04538347548017815,0.032206907453081024,0.0261457157171553
2025-07-14,0.0638632989409372,0.04241080251731905,0.052492014623632906,0.038311637113874523,0.05614632485145657
2025-07-15,0.06081939056688684,0.049729721221595566,0.05136309066161575,0.05966381340762434,0.07008714665018823
2025-07-16,0.06294042111735257,0.05708330449197382,0.05310730625063233,0.0731223648481594,0.0843165758244098
2025-07-17,0.04102091861634341,0.028921328036303328,0.03836810540143826,0.04919526799991302,0.056434072300428385
2025-07-18,0.045705334716853264,0.04619461314735522,0.05170450928730836,0.06929877707649643,0.0676486741200805
2025-07-21,0.0826585473642275,0.05666194404905577,0.05442817273626175,0.036411609569742404,0.05248960340532541
2025-07-22,0.0897750348523775,0.058766737331560785,0.051217995603397334,0.03285606453122085,0.009996684341771206
2025-07-23,0.10757420115062023,0.07828299733933511,0.05735506902740134,0.053088221042166484,0.025347517088875313
2025-07-24,0.09047547549548275,0.05203742163352422,0.043078611463086475,0.02803371363766005,0.023870004322671154
2025-07-25,0.09581682545071311,0.0557233325822988,0.05220326084999661,0.05141842199497419,0.060466955971386065
2025-07-28,0.08300438846628855,0.08195636838397823,0.06753148839661574,0.08117054501430046,0.08007700873903785
2025-07-29,0.07433721622018923,0.07895217197205456,0.07146108648269787,0.08496957647234102,0.07698476786948287
2025-07-30,0.06338906077743472,0.07111922719390285,0.07746283353542802,0.06576341068933038,0.03202425160223665
2025-07-31,0.0866429867460193,0.08994990019125912,0.08196985377959588,0.09060138528624537,0.10824705045803983
2025-08-01,0.07532534541845184,0.09009196900927606,0.0866113427326852,0.11363687974917586,0.10125332320840501
2025-08-04,0.07745268953873966,0.09731591899253765,0.11578534688004706,0.0986385096436146,0.09391091297703923
2025-08-05,0.0604896720909341,0.078307865720106,0.082572329528297,0.06042594089103128,0.07211252657038893
2025-08-06,0.05140021692892538,0.045203499825138736,0.046366271127813836,0.05389688998973724,0.05074132817915954
2025-08-07,0.018122890174435784,0.03847604232647001,0.03866985137224929,0.03652732179106776,0.04428656728768962
2025-08-08,0.0550736515512367,0.07013671386867441,0.04740622947320856,0.0622444227416177,0.07040929710560286
2025-08-11,0.04103979978475036,0.06488658085443266,0.04123208466385082,0.06604799557560094,0.09374392155421106
2025-08-12,0.034764540067515434,0.04506165684436408,0.05218700323474267,0.0699869926894037,0.06025729009905465
2025-08-13,0.022461400868814943,0.028983096169500167,0.04704611363297764,0.06885953255625513,0.052751052357567434
2025-08-14,0.04263592899122026,0.0803663272925668,0.08157126216347908,0.0885460105050612,0.08870109353454649
2025-08-15,0.027894244530916525,0.06934554820295945,0.07066628529414452,0.07216930708708229,0.060587337813043714
2025-08-18,0.01777395654198159,0.05442727879536544,0.06892307229100646,0.054822448520847715,0.040633215681280546
2025-08-19,0.027066243111685102,0.043380043265274594,0.05841151099838869,0.05709505242608854,0.07447774785647723
2025-08-20,0.027246852679976896,0.03097094839187555,0.05505976989817406,0.06042157120229609,0.055255670749098935
2025-08-21,0.014553628722838368,0.03250583209139609,0.04179751020243245,0.051446747387611846,0.029854154310656307
2025-08-22,0.008396569509396169,0.025790631413935405,0.02323395793546254,0.01831926542602095,0.014566279269071019
2025-08-25,-0.012914891861971152,-0.005292692568675654,0.00798349237677868,0.012563657385330813,0.014106570247195064
2025-08-26,-0.030667309593677042,-0.001932025860745834,-0.002612325050038709,0.0020158354038415692,-0.005879909843615744
2025-08-27,0.014435359585994087,0.017879240504859003,0.02112275569027768,0.035968942678087173,0.040917220790206266
2025-08-28,0.004151579162782482,0.006792373186411306,0.02044925907938956,0.01837849496351002,0.01415637136431845
2025-08-29,-0.015246988598936096,-0.0025358477929809777,0.010319538229129956,0.0032805305419098094,0.015576908101571708
2025-09-01,-0.00998873092685505,0.0010725358631256598,0.005081473617092591,0.017340040407468532,0.018849950967081416
2025-09-02,0.0048168188751260225,0.015088025411946433,0.029985777023668843,0.04133113959488106,0.0556363459706684
2025-09-03,0.035313376805547435,0.05187386186178206,0.047809692156292806,0.05364303876924297,0.10710143008493414
2025-09-04,0.0328768081548335,0.04322006739609218,0.06478280589823598,0.0906738553794768,0.0940881454195931
2025-09-05,0.010792890252769813,0.03816446946929472,0.0481173036311288,0.038696979150756844,0.046894539403486354
2025-09-08,0.011409591360929554,0.015944056014596752,0.017746178510749534,0.011193592070772643,0.011291790607066435
2025-09-09,0.040125141972609996,0.039900485144676714,0.03285847234237165,0.014993432139110413,0.031270436490778944
2025-09-10,0.02039216770118538,0.037827952723373484,0.02711927210671902,0.02487334624847947,0.014955774226490618
2025-09-11,-0.017325777571882837,-0.01444998754187236,-0.0024342179007817754,-0.008463319924853345,-0.029872911740113178
2025-09-12,-0.010334218721566807,-0.011128965776052558,-0.012595396713450752,-0.007522685777405529,0.0003434810067646919
2025-09-15,-0.010540532791334734,0.00019663193869404573,0.016939699808289434,0.011653164957863973,0.00767362290826737
2025-09-16,-0.01269523054629858,-0.003311408772442666,0.004195854972379646,0.003761046896170878,-0.010526672336124877
2025-09-17,-0.010276521125817468,-0.002469618082793726,0.0008178743948399458,-0.007918732345953817,-0.00523611596028805
2025-09-18,0.009326307128344856,0.015516091043137288,0.019733938818875744,0.015519442817334295,0.0005430280152046756
2025-09-19,0.02663585989364466,0.03177471484536153,0.02182728213693113,0.0031479028233126725,0.033975295973289424
2025-09-22,0.015781325941509376,0.031170104574403515,0.029358314180502557,0.024593460149527926,0.006549257143073336
2025-09-23,0.05932082811231761,0.041694530723559046,0.03393516020598041,0.0463502920517742,0.0363245025498506
2025-09-24,0.030447324967240792,0.02609109197976913,0.026508774131826503,0.014683889218282347,0.0014262548749637404
2025-09-25,0.027229723920496662,0.03166162269798749,0.02670252510834686,0.021232935496931712,0.004037830461381224
2025-09-26,0.03464353222052498,0.03595856906707168,0.04304228507042797,0.03385786210323871,0.03394733752126258
2025-09-29,0.007477707515490996,0.008862317568288824,0.01580355619940511,0.021253495060312905,0.026466101321684796
2025-09-30,0.025565089970533285,0.013657351202511839,0.008768516368862991,0.009179216585176524,0.016861497485964307
2025-10-09,0.007424917313184035,0.0033894176579267405,0.008927834059721014,-0.0002632084583636062,0.017777349491791595
2025-10-10,0.005793951919918863,0.005383260384610251,0.007123505663859386,0.01590579792226224,0.03793510563509298
2025-10-13,0.02996426431630924,0.0241317643299422,0.012042575651205008,0.052101570567664124,0.020027104922824383
2025-10-14,0.03850471896058037,0.025752365922136467,0.0417070749342996,0.03699693773153386,0.0402071725391077
2025-10-15,0.009710008397330903,0.012798203098896274,0.0247632446353316,0.01918081163495755,0.029198760708311143
2025-10-16,0.026164611206403843,0.03403732537630046,0.03898769728983787,0.050140805185706586,0.04688429243317454
2025-10-17,0.0389124373970819,0.05629898388277004,0.05216033639371957,0.049997392480371626,0.07727497309009528
2025-10-20,0.03923567321649943,0.047415470073268004,0.049551645885697854,0.04286754306191844,0.06319474991207984
2025-10-21,0.02573783138560218,0.01732251587277385,0.0040618369429888885,0.016568737404147375,0.0414816475306487
2025-10-22,0.00872630381315478,0.01602258545598606,0.021382337648261588,0.025717433688147027,0.019410473336148697
2025-10-23,-0.021540020061192152,0.005820095508591301,0.0059969266937886555,0.0162369608770393,0.032184715362850974
2025-10-24,-0.02513186599978756,-0.040175423038258516,-0.03823530044502937,-0.03435516498694924,-0.01289458827257959
2025-10-27,-0.020636028694075843,-0.02812940597211722,-0.029524399218168074,-0.0434167287081107,-0.040627387259172844
2025-10-28,-0.01272952017705111,-0.0192875947733126,-0.015610251194399256,-0.03026491609654076,-0.024115970309631196
2025-10-29,-0.02995406854347738,-0.023488543055310323,-0.030342184753370874,-0.04127035832645105,-0.03595566359986798
2025-10-30,-0.018638616881704012,-0.032326018017906334,-0.02924188447326764,-0.03194609019362904,-0.014748393407346157
2025-10-31,-0.03059162740318849,-0.025929581593482465,-0.024793814511925378,-0.014340344274667747,0.007872077420137992
2025-11-03,-0.02038092924815308,-0.02013403088756509,-0.014509625345742594,-0.017549310420529877,-0.004485015922421575
2025-11-04,-0.027508806101943024,-0.015554763818967877,-0.013994463032312854,0.0008244023517847363,-0.003223219652500749
2025-11-05,-0.024834719798768563,-0.014246846218737959,-0.022932877869440323,-0.029307849277485518,-0.01958152580009534
2025-11-06,-0.0304841542501903,-0.028895255072515336,-0.028566790056756164,-0.02584678090611549,-0.045482114932235654
2025-11-07,-0.019669717896706247,-0.021149814668900018,-0.014721458860980906,-0.017924739322619416,-0.03866606074553864
2025-11-10,-0.01924061456022255,-0.025842765147244318,-0.019994762611164247,-0.023465885631110545,-0.03929874486389094
2025-11-11,-0.02464758927867928,-0.013534927317011653,-0.03416616293497267,-0.04507387737694294,-0.04923407633713355
2025-11-12,-0.01458640886569795,-0.014047916467433419,-0.01655468456490772,-0.030174831474727794,-0.041244096174890554
2025-11-13,-0.023139924223612513,-0.03497774621273112,-0.050224247512830174,-0.05914697868530316,-0.07098504132234057
2025-11-14,-0.002396661213435552,-0.018409442085219187,-0.030552585698192792,-0.05661203605835444,-0.06570811577819302
2025-11-17,-0.011199665830008915,-0.026584497347714443,-0.042223698620599825,-0.038997348424221014,-0.06913504424433795
2025-11-18,-0.018539376295118242,-0.01846415675043627,-0.03231225644127517,-0.05118127069054835,-0.07471589627942285
2025-11-19,0.007415391833499836,-0.009416969168556083,-0.02557080128853706,-0.029706528834879106,-0.05021399910652972
2025-11-20,0.0012886118712394838,-0.002784341533281207,-0.01761072516026395,-0.021816778610990073,-0.04226874750693234
2025-11-21,0.05129569861065878,0.03646587016900575,0.026736470854025453,0.01035911446338324,0.01832532350742923
2025-11-24,0.037447196010316514,0.03588082222805146,0.03957291148344176,0.025208715852089482,0.0074087591419253656
2025-11-25,0.014718429012787875,0.018540244629981554,0.01580853245549393,0.02106792471820976,0.0020256042232471147
2025-11-26,0.034062670988421064,0.0286943216230149,0.01608833251801272,0.02408337325166329,0.021392860305197013
2025-11-27,0.029092191337518333,0.02602494962080208,0.028227680679619734,0.03658003992321619,0.04128332080916313
2025-11-28,0.028979580988994044,0.016348191143664162,0.029757623559395194,0.027761868055494885,0.03370174295539926
2025-12-01,0.00600545794695014,6.552382747268797e-05,0.015605870112122597,0.020100042891968744,0.02522727039893378
2025-12-02,0.013861641610477093,0.023515839191138477,0.022261242493411982,0.01619113340359876,0.016171276764861187
2025-12-03,0.030742746666430072,0.015125576792337066,0.029326798908202566,0.023893258234323537,0.02563646082095087
